Age,DistanceFromHome,JobInvolvement,JobLevel,JobSatisfaction,EnvironmentSatisfaction,RelationshipSatisfaction,WorkLifeBalance,MonthlyIncome,NumCompaniesWorked,YearsAtCompany,YearsInCurrentRole,YearsSinceLastPromotion,NoRecentPromotion,StagnationScore,SatisfactionIndex,external_avg_salary,external_job_demand,salary_gap,OverTime_Yes,MaritalStatus_Single,MaritalStatus_Married,IncomeCategory_Medium,IncomeCategory_High,TenureCategory_3-5 years,TenureCategory_6-10 years,TenureCategory_10+ years,Attrition
54,16,1,3,3,3,3,4,12480,4,7,5,9,1,14,3.0,69047.72894688007,12784,56567.72894688007,0,0,0,1,0,0,1,0,1
20,21,3,3,2,1,3,3,15402,1,24,4,0,0,4,2.0,69047.72894688007,12784,53645.72894688007,0,1,0,0,1,0,0,1,1
30,8,2,1,4,3,3,2,2180,6,4,2,1,0,3,3.33,61845.10984536083,269,59665.10984536083,0,0,0,0,0,1,0,0,1
33,7,3,2,1,4,1,3,4373,0,4,3,0,0,3,2.0,91683.75438596492,139,87310.75438596492,0,0,1,0,0,1,0,0,0
40,11,3,2,1,1,1,4,12441,4,22,1,4,1,5,1.0,102997.714045,2542,90556.714045,0,1,0,1,0,0,0,1,0
43,16,3,4,5,1,3,1,5907,3,19,13,2,0,15,3.0,102997.714045,2542,97090.714045,0,0,0,0,0,0,0,1,1
49,28,3,4,4,4,2,1,14821,2,29,5,0,0,5,3.33,69047.72894688007,12784,54226.72894688007,0,0,1,0,1,0,0,1,0
55,2,2,3,5,2,2,1,14152,2,17,6,7,1,13,3.0,69047.72894688007,12784,54895.72894688007,0,0,0,0,1,0,0,1,0
54,31,2,2,3,1,3,4,10474,3,23,1,0,0,1,2.33,69047.72894688007,12784,58573.72894688007,0,0,0,1,0,0,0,1,0
21,1,4,3,5,1,2,4,8937,4,10,1,3,1,4,2.67,102997.714045,2542,94060.714045,0,0,1,1,0,0,1,0,0
42,21,3,2,3,3,2,3,5265,2,5,3,0,0,3,2.67,69047.72894688007,12784,63782.72894688007,0,0,0,0,0,1,0,0,0
47,39,2,4,1,2,4,2,12196,2,4,12,0,0,12,2.33,102997.714045,2542,90801.714045,0,1,0,1,0,1,0,0,0
21,1,1,5,2,2,3,3,14299,1,28,11,8,1,19,2.33,102997.714045,2542,88698.714045,0,1,0,0,1,0,0,1,0
42,3,4,1,4,2,1,2,14506,2,16,8,0,0,8,2.33,69047.72894688007,12784,54541.72894688007,1,0,1,0,1,0,0,1,0
55,38,1,2,3,3,4,3,12031,3,23,4,7,1,11,3.33,69047.72894688007,12784,57016.72894688007,1,1,0,1,0,0,0,1,0
39,14,3,3,1,4,2,2,3232,2,10,1,3,1,4,2.33,69047.72894688007,12784,65815.72894688007,0,0,1,0,0,0,1,0,0
40,48,3,5,4,1,3,1,11491,1,14,10,1,0,11,2.67,69047.72894688007,12784,57556.72894688007,0,0,1,1,0,0,0,1,1
54,35,2,1,4,2,2,1,16659,1,18,11,3,1,14,2.67,102997.714045,2542,86338.714045,0,0,1,0,1,0,0,1,1
32,37,2,1,1,2,1,3,8515,4,1,4,3,1,7,1.33,69047.72894688007,12784,60532.72894688007,1,0,0,1,0,0,0,0,0
55,26,1,3,1,4,4,3,7354,3,11,1,7,1,8,3.0,102997.714045,2542,95643.714045,1,0,1,0,0,0,0,1,0
50,1,2,3,2,2,3,1,18171,2,1,7,9,1,16,2.33,69047.72894688007,12784,50876.72894688007,0,1,0,0,1,0,0,0,0
47,5,1,2,5,2,2,2,9042,4,17,10,9,1,19,3.0,69047.72894688007,12784,60005.72894688007,0,0,1,1,0,0,0,1,0
35,46,1,4,4,3,3,1,16290,4,8,13,5,1,18,3.33,69047.72894688007,12784,52757.72894688007,0,0,0,0,1,0,1,0,1
58,31,2,1,2,1,1,4,12149,3,28,2,1,0,3,1.33,102997.714045,2542,90848.714045,0,1,0,1,0,0,0,1,0
49,27,1,1,5,4,2,3,14144,2,5,2,7,1,9,3.67,69047.72894688007,12784,54903.72894688007,0,0,1,0,1,1,0,0,0
57,16,1,5,1,2,3,4,16650,4,12,6,2,0,8,2.0,102997.714045,2542,86347.714045,0,0,1,0,1,0,0,1,1
53,49,2,3,4,1,3,4,15084,4,1,11,6,1,17,2.67,102997.714045,2542,87913.714045,0,1,0,0,1,0,0,0,0
37,15,2,4,4,2,1,3,14449,4,28,5,7,1,12,2.33,69047.72894688007,12784,54598.72894688007,1,0,1,0,1,0,0,1,0
20,8,1,1,4,4,1,2,10676,3,12,8,4,1,12,3.0,102997.714045,2542,92321.714045,0,1,0,1,0,0,0,1,0
31,7,3,2,4,4,4,2,5915,3,7,7,1,0,8,4.0,17372.83423076923,33,11457.83423076923,0,0,0,0,0,0,1,0,0
32,5,2,5,4,3,4,2,14587,3,16,3,8,1,11,3.67,69047.72894688007,12784,54460.72894688007,1,1,0,0,1,0,0,1,0
40,40,2,3,4,2,4,3,8632,3,3,4,8,1,12,3.33,69047.72894688007,12784,60415.72894688007,1,0,0,1,0,1,0,0,1
23,39,2,2,2,4,4,4,16366,1,26,12,3,1,15,3.33,69047.72894688007,12784,52681.72894688007,1,1,0,0,1,0,0,1,0
29,10,3,1,2,4,4,2,3291,0,7,5,1,0,6,3.33,89817.88593023256,119,86526.88593023256,0,0,0,0,0,0,1,0,0
41,34,4,2,1,4,3,4,18364,4,22,8,6,1,14,2.67,69047.72894688007,12784,50683.72894688007,0,0,1,0,1,0,0,1,0
30,22,4,3,3,3,2,4,10211,2,22,1,3,1,4,2.67,102997.714045,2542,92786.714045,1,0,0,1,0,0,0,1,1
29,9,2,3,5,3,3,4,9233,3,13,7,1,0,8,3.67,69047.72894688007,12784,59814.72894688007,0,0,1,1,0,0,0,1,0
29,30,3,1,2,2,1,1,7172,3,8,13,7,1,20,1.67,69047.72894688007,12784,61875.72894688007,1,0,0,0,0,0,1,0,0
35,28,3,3,5,3,4,1,13443,3,18,3,6,1,9,4.0,69047.72894688007,12784,55604.72894688007,1,1,0,1,0,0,0,1,0
20,5,1,3,2,3,1,1,6595,4,26,9,9,1,18,2.0,102997.714045,2542,96402.714045,0,0,0,0,0,0,0,1,0
49,45,3,4,2,3,1,2,15339,4,10,10,6,1,16,2.0,69047.72894688007,12784,53708.72894688007,0,0,0,0,1,0,1,0,0
47,11,4,4,3,3,3,4,5908,4,1,5,5,1,10,3.0,102997.714045,2542,97089.714045,0,0,0,0,0,0,0,0,0
26,49,4,1,4,3,1,2,14108,3,28,12,0,0,12,2.67,69047.72894688007,12784,54939.72894688007,0,0,0,0,1,0,0,1,1
37,11,1,2,2,1,1,1,4777,5,1,0,0,0,0,1.33,69047.72894688007,12784,64270.72894688007,0,0,1,0,0,0,0,0,1
54,19,3,2,1,4,2,3,5485,9,5,3,1,0,4,2.33,69047.72894688007,12784,63562.72894688007,1,0,0,0,0,1,0,0,0
57,31,4,1,1,3,2,4,18342,1,16,7,7,1,14,2.0,69047.72894688007,12784,50705.72894688007,0,0,0,0,1,0,0,1,1
59,6,2,1,5,2,4,4,9441,1,12,4,1,0,5,3.67,69047.72894688007,12784,59606.72894688007,0,1,0,1,0,0,0,1,0
56,16,4,5,4,4,1,4,5831,4,7,3,9,1,12,3.0,69047.72894688007,12784,63216.72894688007,0,0,1,0,0,0,1,0,0
31,17,1,2,4,4,3,1,3589,4,23,9,0,0,9,3.67,69047.72894688007,12784,65458.72894688007,0,0,1,0,0,0,0,1,0
27,15,1,2,4,1,3,3,4876,1,16,4,2,0,6,2.67,69047.72894688007,12784,64171.72894688007,1,0,1,0,0,0,0,1,0
36,48,3,2,5,4,1,2,13029,2,9,3,7,1,10,3.33,69047.72894688007,12784,56018.72894688007,1,0,1,1,0,0,1,0,0
53,34,3,1,2,4,2,2,16976,3,25,11,7,1,18,2.67,69047.72894688007,12784,52071.72894688007,0,0,1,0,1,0,0,1,0
57,37,1,4,4,2,3,1,12837,1,17,9,9,1,18,3.0,102997.714045,2542,90160.714045,0,1,0,1,0,0,0,1,1
32,20,3,4,2,1,3,4,13280,2,28,3,8,1,11,2.0,69047.72894688007,12784,55767.72894688007,1,0,1,1,0,0,0,1,0
46,24,3,5,4,2,4,1,3248,3,18,6,8,1,14,3.33,69047.72894688007,12784,65799.72894688007,1,0,1,0,0,0,0,1,0
58,40,3,1,1,1,3,3,17280,4,5,2,9,1,11,1.67,69047.72894688007,12784,51767.72894688007,1,0,1,0,1,1,0,0,0
24,4,4,5,2,1,1,1,11484,3,19,5,3,1,8,1.33,69047.72894688007,12784,57563.72894688007,1,1,0,1,0,0,0,1,1
45,1,3,1,4,4,4,3,2270,3,5,3,0,0,3,4.0,17372.83423076923,33,15102.83423076923,0,0,0,0,0,1,0,0,0
54,21,2,3,4,1,3,3,19215,2,3,6,1,0,7,2.67,69047.72894688007,12784,49832.72894688007,0,1,0,0,1,1,0,0,0
25,24,2,1,4,2,3,3,7571,3,20,3,3,1,6,3.0,69047.72894688007,12784,61476.72894688007,1,1,0,0,0,0,0,1,0
57,37,1,4,4,1,2,4,6439,3,6,3,0,0,3,2.33,69047.72894688007,12784,62608.72894688007,0,1,0,0,0,0,1,0,0
45,1,2,3,3,3,4,2,10748,3,23,15,14,1,29,3.33,69047.72894688007,12784,58299.72894688007,0,0,1,1,0,0,0,1,0
56,48,1,5,1,3,1,3,18503,1,8,1,8,1,9,1.67,102997.714045,2542,84494.714045,1,0,1,0,1,0,1,0,0
55,36,3,1,1,3,4,2,3290,4,22,3,2,0,5,2.67,69047.72894688007,12784,65757.72894688007,1,1,0,0,0,0,0,1,0
53,30,2,4,2,2,1,3,10931,2,26,1,0,0,1,1.67,69047.72894688007,12784,58116.72894688007,0,0,1,1,0,0,0,1,0
33,2,3,2,4,4,3,3,5505,1,6,2,0,0,2,3.67,91683.75438596492,139,86178.75438596492,0,0,0,0,0,0,1,0,0
51,21,2,5,4,4,1,1,10196,1,26,1,1,0,2,3.0,69047.72894688007,12784,58851.72894688007,0,1,0,1,0,0,0,1,1
59,48,4,4,1,3,1,1,19836,4,18,14,6,1,20,1.67,69047.72894688007,12784,49211.72894688007,1,0,1,0,1,0,0,1,0
27,9,3,1,2,4,4,2,2279,1,7,7,0,0,7,3.33,89817.88593023256,119,87538.88593023256,0,1,0,0,0,0,1,0,0
34,5,2,2,4,2,3,4,3986,1,15,10,4,1,14,3.0,17372.83423076923,33,13386.83423076923,0,0,1,0,0,0,0,1,0
31,19,2,1,3,1,4,3,11478,3,27,3,5,1,8,2.67,69047.72894688007,12784,57569.72894688007,1,0,1,1,0,0,0,1,0
30,1,3,4,3,4,3,4,6844,2,27,14,0,0,14,3.33,102997.714045,2542,96153.714045,1,1,0,0,0,0,0,1,0
26,29,4,3,3,1,2,4,11745,4,17,7,9,1,16,2.0,69047.72894688007,12784,57302.72894688007,0,1,0,1,0,0,0,1,1
28,31,2,3,1,3,3,1,10846,2,20,12,0,0,12,2.33,102997.714045,2542,92151.714045,0,0,1,1,0,0,0,1,0
35,47,4,5,3,1,1,3,11594,1,15,9,0,0,9,1.67,69047.72894688007,12784,57453.72894688007,0,0,0,1,0,0,0,1,0
27,16,3,1,2,3,2,3,2811,9,2,2,2,0,4,2.33,17372.83423076923,33,14561.83423076923,0,0,1,0,0,0,0,0,0
58,46,2,4,3,3,1,2,3355,4,16,13,7,1,20,2.33,69047.72894688007,12784,65692.72894688007,0,0,1,0,0,0,0,1,1
55,16,4,5,4,3,2,4,16399,1,16,10,7,1,17,3.0,69047.72894688007,12784,52648.72894688007,0,1,0,0,1,0,0,1,0
58,31,4,1,1,2,1,4,12205,3,21,14,2,0,16,1.33,69047.72894688007,12784,56842.72894688007,1,0,1,1,0,0,0,1,1
37,14,3,1,1,4,3,2,3034,1,18,7,12,1,19,2.67,17372.83423076923,33,14338.83423076923,0,0,0,0,0,0,0,1,0
30,18,1,1,1,3,4,1,8609,4,19,2,2,0,4,2.67,69047.72894688007,12784,60438.72894688007,0,1,0,1,0,0,0,1,0
42,26,4,3,4,2,1,1,11157,1,18,10,2,0,12,2.33,69047.72894688007,12784,57890.72894688007,0,1,0,1,0,0,0,1,0
31,11,3,2,1,3,4,2,6833,1,6,5,0,0,5,2.67,69047.72894688007,12784,62214.72894688007,1,0,1,0,0,0,1,0,0
43,17,3,3,4,1,4,1,11985,4,14,14,3,1,17,3.0,69047.72894688007,12784,57062.72894688007,0,0,1,1,0,0,0,1,0
51,16,1,1,1,2,3,2,16753,4,10,4,8,1,12,2.0,102997.714045,2542,86244.714045,1,0,1,0,1,0,1,0,0
31,10,4,1,3,2,2,4,14116,3,25,14,4,1,18,2.33,69047.72894688007,12784,54931.72894688007,0,0,1,0,1,0,0,1,1
50,9,3,5,3,3,3,3,19331,4,1,0,0,0,0,3.0,102997.714045,2542,83666.714045,1,0,1,0,1,0,0,0,0
48,3,3,4,4,4,1,2,6914,3,11,12,1,0,13,3.0,69047.72894688007,12784,62133.72894688007,1,0,0,0,0,0,0,1,1
47,32,1,4,4,4,2,3,16816,2,8,6,1,0,7,3.33,69047.72894688007,12784,52231.72894688007,1,0,1,0,1,0,1,0,0
35,26,3,1,2,4,4,3,3395,2,26,3,4,1,7,3.33,69047.72894688007,12784,65652.72894688007,0,1,0,0,0,0,0,1,0
41,2,4,2,2,2,4,4,15650,3,11,10,3,1,13,2.67,102997.714045,2542,87347.714045,0,0,0,0,1,0,0,1,0
58,15,4,4,1,2,1,3,12901,2,22,9,1,0,10,1.33,69047.72894688007,12784,56146.72894688007,1,0,0,1,0,0,0,1,1
47,24,2,2,3,3,3,2,3994,2,11,1,2,0,3,3.0,69047.72894688007,12784,65053.72894688007,1,0,1,0,0,0,0,1,1
29,5,2,5,4,1,2,1,12179,4,11,14,2,0,16,2.33,102997.714045,2542,90818.714045,0,1,0,1,0,0,0,1,0
53,36,3,1,4,4,3,1,5966,1,7,11,6,1,17,3.67,102997.714045,2542,97031.714045,1,0,0,0,0,0,1,0,0
34,45,4,3,2,2,2,4,11399,2,19,7,3,1,10,2.0,102997.714045,2542,91598.714045,1,0,1,1,0,0,0,1,0
39,24,3,5,3,3,3,3,15075,3,27,5,4,1,9,3.0,69047.72894688007,12784,53972.72894688007,1,1,0,0,1,0,0,1,0
38,23,2,2,3,4,1,3,5161,1,8,13,3,1,16,2.67,69047.72894688007,12784,63886.72894688007,0,1,0,0,0,0,1,0,0
38,20,4,1,4,3,2,2,6749,3,10,11,0,0,11,3.0,69047.72894688007,12784,62298.72894688007,0,0,0,0,0,0,1,0,0
45,13,1,2,1,3,2,4,19362,1,23,13,6,1,19,2.0,69047.72894688007,12784,49685.72894688007,1,0,0,0,1,0,0,1,0
55,16,2,3,5,2,1,1,18801,1,24,7,1,0,8,2.67,69047.72894688007,12784,50246.72894688007,1,1,0,0,1,0,0,1,0
54,8,3,3,5,4,2,4,5064,4,10,14,0,0,14,3.67,69047.72894688007,12784,63983.72894688007,0,0,0,0,0,0,1,0,0
31,7,2,1,4,4,1,1,19566,1,4,3,0,0,3,3.0,69047.72894688007,12784,49481.72894688007,1,1,0,0,1,1,0,0,0
53,25,3,4,5,2,2,4,15511,3,10,10,6,1,16,3.0,69047.72894688007,12784,53536.72894688007,1,0,0,0,1,0,1,0,0
28,40,1,2,1,2,4,4,10062,2,6,14,9,1,23,2.33,69047.72894688007,12784,58985.72894688007,1,1,0,1,0,0,1,0,0
28,6,1,2,4,1,4,3,14628,1,26,9,0,0,9,3.0,102997.714045,2542,88369.714045,1,0,1,0,1,0,0,1,0
24,5,1,4,5,1,2,1,18677,2,16,7,2,0,9,2.67,102997.714045,2542,84320.714045,1,1,0,0,1,0,0,1,0
42,25,2,1,2,4,2,4,16875,2,8,10,7,1,17,2.67,69047.72894688007,12784,52172.72894688007,0,0,0,0,1,0,1,0,1
43,5,1,3,5,1,1,3,10252,1,27,14,5,1,19,2.33,102997.714045,2542,92745.714045,0,1,0,1,0,0,0,1,0
41,36,3,4,4,3,4,2,11475,3,13,7,8,1,15,3.67,69047.72894688007,12784,57572.72894688007,1,0,0,1,0,0,0,1,0
40,44,2,3,4,3,2,4,12501,2,11,4,8,1,12,3.0,69047.72894688007,12784,56546.72894688007,0,1,0,1,0,0,0,1,0
46,28,2,2,3,1,4,2,7063,2,18,3,1,0,4,2.67,69047.72894688007,12784,61984.72894688007,0,1,0,0,0,0,0,1,0
37,42,1,2,5,3,1,4,15170,2,24,13,2,0,15,3.0,69047.72894688007,12784,53877.72894688007,1,1,0,0,1,0,0,1,1
20,31,4,2,3,4,1,4,5274,3,12,11,0,0,11,2.67,69047.72894688007,12784,63773.72894688007,0,0,0,0,0,0,0,1,0
27,23,3,2,3,3,2,2,13976,2,5,11,5,1,16,2.67,69047.72894688007,12784,55071.72894688007,1,0,1,0,1,1,0,0,0
34,11,2,5,5,2,3,3,14234,2,22,11,2,0,13,3.33,69047.72894688007,12784,54813.72894688007,1,1,0,0,1,0,0,1,0
44,3,1,2,5,2,4,3,10287,1,4,12,4,1,16,3.67,102997.714045,2542,92710.714045,1,0,1,1,0,1,0,0,0
50,8,3,2,2,1,4,1,6930,2,10,5,9,1,14,2.33,69047.72894688007,12784,62117.72894688007,1,1,0,0,0,0,1,0,0
47,27,2,1,3,3,3,4,8479,3,12,14,7,1,21,3.0,69047.72894688007,12784,60568.72894688007,1,0,1,1,0,0,0,1,0
53,7,4,4,3,3,3,3,14814,3,5,1,1,0,2,3.0,69047.72894688007,12784,54233.72894688007,0,0,1,0,1,1,0,0,0
29,44,1,5,2,1,1,2,12077,3,11,5,3,1,8,1.33,69047.72894688007,12784,56970.72894688007,1,1,0,1,0,0,0,1,0
31,1,4,4,2,3,4,2,18870,3,22,6,1,0,7,3.0,69047.72894688007,12784,50177.72894688007,0,0,1,0,1,0,0,1,0
49,42,4,1,2,1,2,2,17973,1,2,7,4,1,11,1.67,69047.72894688007,12784,51074.72894688007,1,0,1,0,1,0,0,0,0
42,45,1,4,4,2,3,1,10178,4,4,11,0,0,11,3.0,69047.72894688007,12784,58869.72894688007,0,0,0,1,0,1,0,0,0
55,8,3,2,4,1,1,2,11916,2,24,9,0,0,9,2.0,69047.72894688007,12784,57131.72894688007,0,0,0,1,0,0,0,1,0
29,24,2,1,4,4,2,2,2439,1,1,0,1,0,1,3.33,89817.88593023256,119,87378.88593023256,1,1,0,0,0,0,0,0,1
22,16,4,1,4,4,2,2,2935,1,1,0,0,0,0,3.33,17372.83423076923,33,14437.83423076923,1,0,0,0,0,0,0,0,0
37,15,3,1,3,2,1,4,19987,1,12,3,8,1,11,2.0,69047.72894688007,12784,49060.72894688007,0,0,0,0,1,0,0,1,0
42,18,3,4,1,1,2,4,4698,3,18,3,0,0,3,1.33,102997.714045,2542,98299.714045,1,0,1,0,0,0,0,1,0
47,20,4,1,5,4,1,3,17027,4,2,8,1,0,9,3.33,69047.72894688007,12784,52020.72894688007,0,0,0,0,1,0,0,0,0
53,18,1,3,3,3,2,2,9147,3,16,9,1,0,10,2.67,69047.72894688007,12784,59900.72894688007,1,1,0,1,0,0,0,1,0
28,1,2,2,4,3,3,3,6834,1,7,7,0,0,7,3.33,91683.75438596492,139,84849.75438596492,1,0,1,0,0,0,1,0,0
46,13,3,4,2,3,2,2,12685,3,7,5,0,0,5,2.33,69047.72894688007,12784,56362.72894688007,1,1,0,1,0,0,1,0,1
46,46,4,4,1,4,1,2,10592,4,27,2,7,1,9,2.0,69047.72894688007,12784,58455.72894688007,0,0,0,1,0,0,0,1,0
56,10,3,3,4,1,1,3,11527,2,3,12,7,1,19,2.0,102997.714045,2542,91470.714045,0,0,1,1,0,1,0,0,1
41,9,2,1,4,2,4,2,8081,1,29,4,5,1,9,3.33,69047.72894688007,12784,60966.72894688007,1,0,1,1,0,0,0,1,0
37,1,3,2,2,2,2,2,6447,6,6,5,4,1,9,2.0,69047.72894688007,12784,62600.72894688007,0,0,1,0,0,0,1,0,0
23,39,4,3,4,2,1,1,10140,2,20,10,2,0,12,2.33,102997.714045,2542,92857.714045,0,0,1,1,0,0,0,1,0
40,17,2,2,3,1,4,4,5291,4,24,14,1,0,15,2.67,69047.72894688007,12784,63756.72894688007,0,0,1,0,0,0,0,1,0
32,1,3,2,2,2,2,3,6220,1,10,4,0,0,4,2.0,89817.88593023256,119,83597.88593023256,0,0,1,0,0,0,1,0,0
43,22,3,3,2,4,2,4,9174,3,3,6,2,0,8,2.67,69047.72894688007,12784,59873.72894688007,0,0,0,1,0,1,0,0,1
40,29,2,3,1,2,2,2,10713,4,13,5,3,1,8,1.67,69047.72894688007,12784,58334.72894688007,1,1,0,1,0,0,0,1,0
47,37,4,5,2,2,2,2,17299,2,22,10,5,1,15,2.0,69047.72894688007,12784,51748.72894688007,0,1,0,0,1,0,0,1,0
53,47,2,5,4,2,3,1,5139,3,17,7,6,1,13,3.0,102997.714045,2542,97858.714045,0,1,0,0,0,0,0,1,1
38,32,2,2,2,4,3,2,3045,3,29,11,4,1,15,3.0,102997.714045,2542,99952.714045,0,0,1,0,0,0,0,1,0
37,1,2,1,1,3,1,2,3920,2,3,1,0,0,1,1.67,89817.88593023256,119,85897.88593023256,0,0,1,0,0,1,0,0,0
39,34,1,4,2,1,1,1,18680,2,16,12,7,1,19,1.33,69047.72894688007,12784,50367.72894688007,1,0,1,0,1,0,0,1,0
41,3,1,1,3,4,3,3,6758,3,20,10,4,1,14,3.33,69047.72894688007,12784,62289.72894688007,1,1,0,0,0,0,0,1,0
37,47,3,2,5,2,1,2,8000,4,25,5,1,0,6,2.67,102997.714045,2542,94997.714045,1,1,0,1,0,0,0,1,0
49,33,1,2,3,1,4,1,15402,4,1,12,6,1,18,2.67,69047.72894688007,12784,53645.72894688007,1,0,0,0,1,0,0,0,0
56,16,4,2,3,1,2,1,17892,4,18,6,3,1,9,2.0,69047.72894688007,12784,51155.72894688007,1,1,0,0,1,0,0,1,0
33,36,2,1,1,4,1,4,15502,4,4,11,2,0,13,2.0,69047.72894688007,12784,53545.72894688007,1,0,1,0,1,1,0,0,1
30,24,1,3,2,3,1,1,16138,3,15,2,6,1,8,2.0,69047.72894688007,12784,52909.72894688007,1,0,0,0,1,0,0,1,0
23,36,1,4,1,2,1,4,8249,2,24,6,0,0,6,1.33,102997.714045,2542,94748.714045,1,0,1,1,0,0,0,1,1
40,11,3,5,5,1,2,4,18423,4,27,7,0,0,7,2.67,69047.72894688007,12784,50624.72894688007,1,1,0,0,1,0,0,1,1
45,46,3,2,1,2,3,4,9215,3,23,13,2,0,15,2.0,69047.72894688007,12784,59832.72894688007,1,1,0,1,0,0,0,1,0
21,33,1,3,5,3,3,3,14019,3,21,3,9,1,12,3.67,69047.72894688007,12784,55028.72894688007,1,0,1,0,1,0,0,1,0
24,6,1,4,1,1,4,3,18993,4,15,1,7,1,8,2.0,69047.72894688007,12784,50054.72894688007,1,0,0,0,1,0,0,1,0
51,2,1,2,3,3,3,4,9319,3,29,3,6,1,9,3.0,69047.72894688007,12784,59728.72894688007,0,0,1,1,0,0,0,1,1
47,37,1,1,2,3,3,3,8609,2,16,9,8,1,17,2.67,69047.72894688007,12784,60438.72894688007,1,1,0,1,0,0,0,1,0
51,1,2,4,5,3,3,1,4774,2,3,12,5,1,17,3.67,69047.72894688007,12784,64273.72894688007,1,0,1,0,0,1,0,0,0
26,1,2,4,5,2,4,2,3895,3,7,7,1,0,8,3.67,69047.72894688007,12784,65152.72894688007,0,1,0,0,0,0,1,0,0
25,46,2,2,4,3,4,2,9896,2,5,5,1,0,6,3.67,69047.72894688007,12784,59151.72894688007,0,0,0,1,0,1,0,0,0
21,44,4,4,1,3,2,3,3170,4,2,5,9,1,14,2.0,69047.72894688007,12784,65877.72894688007,0,0,1,0,0,0,0,0,1
25,12,1,3,5,2,1,3,5343,1,19,11,0,0,11,2.67,102997.714045,2542,97654.714045,0,0,0,0,0,0,0,1,0
46,44,1,5,4,4,1,1,18410,4,3,13,6,1,19,3.0,69047.72894688007,12784,50637.72894688007,0,1,0,0,1,1,0,0,0
50,21,1,1,2,3,4,3,10628,4,23,3,3,1,6,3.0,69047.72894688007,12784,58419.72894688007,1,0,0,1,0,0,0,1,0
33,35,1,3,5,2,4,2,8563,1,13,11,0,0,11,3.67,69047.72894688007,12784,60484.72894688007,0,0,0,1,0,0,0,1,0
56,38,4,3,1,2,4,1,16749,2,13,1,6,1,7,2.33,69047.72894688007,12784,52298.72894688007,0,0,0,0,1,0,0,1,1
30,16,3,1,5,4,2,2,6260,3,5,1,7,1,8,3.67,69047.72894688007,12784,62787.72894688007,1,0,1,0,0,1,0,0,0
57,28,3,4,3,4,3,1,13039,4,19,14,9,1,23,3.33,69047.72894688007,12784,56008.72894688007,0,1,0,1,0,0,0,1,1
53,37,3,4,5,3,4,2,14443,3,28,3,7,1,10,4.0,102997.714045,2542,88554.714045,1,0,1,0,1,0,0,1,0
51,33,3,3,3,1,3,2,7010,2,9,4,1,0,5,2.33,102997.714045,2542,95987.714045,0,1,0,0,0,0,1,0,0
21,5,4,1,5,2,4,3,6622,3,7,3,7,1,10,3.67,69047.72894688007,12784,62425.72894688007,0,1,0,0,0,0,1,0,0
20,7,2,5,3,3,4,2,18132,2,14,7,3,1,10,3.33,69047.72894688007,12784,50915.72894688007,1,0,1,0,1,0,0,1,0
53,8,1,1,5,3,4,4,13200,4,7,9,9,1,18,4.0,69047.72894688007,12784,55847.72894688007,0,0,0,1,0,0,1,0,0
50,43,1,4,1,1,2,1,8226,4,25,10,0,0,10,1.33,69047.72894688007,12784,60821.72894688007,0,0,1,1,0,0,0,1,0
46,25,4,5,5,2,1,1,11330,4,9,4,8,1,12,2.67,102997.714045,2542,91667.714045,0,1,0,1,0,0,1,0,0
28,29,2,1,2,2,1,1,4133,1,2,10,7,1,17,1.67,69047.72894688007,12784,64914.72894688007,0,1,0,0,0,0,0,0,0
25,4,4,3,2,4,2,4,8036,2,18,8,1,0,9,2.67,69047.72894688007,12784,61011.72894688007,1,0,0,1,0,0,0,1,0
40,17,3,1,3,3,3,2,6382,2,24,9,3,1,12,3.0,102997.714045,2542,96615.714045,1,0,0,0,0,0,0,1,1
33,42,3,3,5,2,3,3,6793,2,5,12,8,1,20,3.33,69047.72894688007,12784,62254.72894688007,0,0,1,0,0,1,0,0,1
56,38,1,2,5,1,1,4,14428,4,5,8,1,0,9,2.33,69047.72894688007,12784,54619.72894688007,1,0,1,0,1,1,0,0,0
25,29,1,2,3,3,3,4,4590,3,8,8,7,1,15,3.0,102997.714045,2542,98407.714045,1,1,0,0,0,0,1,0,0
54,39,1,4,4,4,3,3,7433,3,20,3,2,0,5,3.67,69047.72894688007,12784,61614.72894688007,1,0,1,0,0,0,0,1,0
42,37,4,4,2,3,2,1,8913,1,15,8,1,0,9,2.33,102997.714045,2542,94084.714045,0,0,1,1,0,0,0,1,0
50,21,2,1,2,3,1,1,11025,2,22,5,4,1,9,2.0,69047.72894688007,12784,58022.72894688007,1,0,1,1,0,0,0,1,1
44,11,3,2,5,1,4,1,3016,3,9,4,8,1,12,3.33,102997.714045,2542,99981.714045,1,0,1,0,0,0,1,0,0
38,48,4,5,2,3,2,1,4077,2,4,11,7,1,18,2.33,69047.72894688007,12784,64970.72894688007,0,0,1,0,0,1,0,0,1
32,5,4,1,4,4,3,1,13466,4,29,8,6,1,14,3.67,102997.714045,2542,89531.714045,1,0,0,1,0,0,0,1,0
39,15,2,2,4,3,2,1,11440,1,24,4,6,1,10,3.0,69047.72894688007,12784,57607.72894688007,0,0,0,1,0,0,0,1,0
41,6,3,3,4,4,3,3,13591,3,1,0,0,0,0,3.67,102997.714045,2542,89406.714045,1,1,0,1,0,0,0,0,0
55,45,1,5,3,4,2,3,17246,1,26,9,4,1,13,3.0,102997.714045,2542,85751.714045,0,0,0,0,1,0,0,1,0
47,44,4,1,2,3,2,1,10366,2,2,2,7,1,9,2.33,102997.714045,2542,92631.714045,0,0,1,1,0,0,0,0,0
52,5,3,1,4,1,1,2,19950,2,17,9,8,1,17,2.0,69047.72894688007,12784,49097.72894688007,1,0,0,0,1,0,0,1,0
47,16,1,5,3,4,4,1,9572,2,17,1,3,1,4,3.67,69047.72894688007,12784,59475.72894688007,0,1,0,1,0,0,0,1,0
43,13,2,3,4,4,3,2,18395,4,23,1,1,0,2,3.67,69047.72894688007,12784,50652.72894688007,1,1,0,0,1,0,0,1,0
24,9,1,5,2,4,2,1,12742,3,24,1,9,1,10,2.67,69047.72894688007,12784,56305.72894688007,1,0,1,1,0,0,0,1,0
22,41,2,3,4,2,4,1,16887,2,22,4,6,1,10,3.33,69047.72894688007,12784,52160.72894688007,1,1,0,0,1,0,0,1,0
50,48,4,5,2,2,2,3,18896,4,5,2,7,1,9,2.0,69047.72894688007,12784,50151.72894688007,1,1,0,0,1,1,0,0,0
50,5,2,5,3,3,2,1,10445,2,19,1,2,0,3,2.67,69047.72894688007,12784,58602.72894688007,1,1,0,1,0,0,0,1,0
52,45,3,4,1,2,2,2,11423,2,18,4,0,0,4,1.67,69047.72894688007,12784,57624.72894688007,1,0,0,1,0,0,0,1,0
42,24,3,3,1,4,4,2,7406,1,10,9,5,1,14,3.0,69047.72894688007,12784,61641.72894688007,1,0,1,0,0,0,1,0,0
28,5,3,1,3,3,3,2,3441,1,2,2,2,0,4,3.0,17372.83423076923,33,13931.83423076923,1,1,0,0,0,0,0,0,1
31,31,2,1,5,3,2,1,8253,3,14,2,2,0,4,3.33,69047.72894688007,12784,60794.72894688007,0,1,0,1,0,0,0,1,0
56,28,1,1,2,4,4,4,13315,4,28,6,4,1,10,3.33,69047.72894688007,12784,55732.72894688007,1,0,0,1,0,0,0,1,0
48,2,2,4,4,2,2,4,10758,3,11,2,4,1,6,2.67,69047.72894688007,12784,58289.72894688007,1,1,0,1,0,0,0,1,1
40,16,1,1,3,3,1,2,8380,1,18,4,2,0,6,2.33,69047.72894688007,12784,60667.72894688007,1,0,1,1,0,0,0,1,0
47,45,2,1,4,3,4,1,19209,2,1,1,9,1,10,3.67,102997.714045,2542,83788.714045,0,0,0,0,1,0,0,0,0
49,47,1,3,4,3,2,3,18719,4,16,6,4,1,10,3.0,102997.714045,2542,84278.714045,0,0,0,0,1,0,0,1,0
27,5,2,1,1,4,1,4,9149,1,22,2,8,1,10,2.0,69047.72894688007,12784,59898.72894688007,1,1,0,1,0,0,0,1,0
26,48,4,1,1,3,1,4,16523,4,1,4,6,1,10,1.67,69047.72894688007,12784,52524.72894688007,0,0,0,0,1,0,0,0,1
37,46,2,2,2,2,2,1,16627,3,6,9,8,1,17,2.0,69047.72894688007,12784,52420.72894688007,1,0,1,0,1,0,1,0,0
29,33,4,3,4,3,2,4,9836,4,29,1,4,1,5,3.0,69047.72894688007,12784,59211.72894688007,1,0,1,1,0,0,0,1,1
50,23,3,4,5,1,2,1,5823,2,1,5,6,1,11,2.67,69047.72894688007,12784,63224.72894688007,1,0,0,0,0,0,0,0,0
30,28,4,3,2,3,2,1,11836,3,20,11,1,0,12,2.33,69047.72894688007,12784,57211.72894688007,1,0,0,1,0,0,0,1,1
22,31,3,2,1,2,2,2,6870,3,13,5,6,1,11,1.67,69047.72894688007,12784,62177.72894688007,0,1,0,0,0,0,0,1,0
36,33,1,3,1,3,3,3,11029,2,11,1,3,1,4,2.33,102997.714045,2542,91968.714045,0,0,0,1,0,0,0,1,0
46,3,3,4,3,1,4,3,17465,3,12,9,4,1,13,2.67,102997.714045,2542,85532.714045,0,0,1,0,1,0,0,1,0
29,43,3,5,5,1,4,3,19037,3,21,7,1,0,8,3.33,102997.714045,2542,83960.714045,1,0,1,0,1,0,0,1,0
20,30,2,2,4,2,3,4,14925,4,28,2,6,1,8,3.0,102997.714045,2542,88072.714045,0,0,0,0,1,0,0,1,0
49,1,4,3,3,2,2,4,19373,4,21,8,1,0,9,2.33,69047.72894688007,12784,49674.72894688007,0,0,0,0,1,0,0,1,0
37,40,1,2,2,3,2,1,10456,3,1,7,9,1,16,2.33,69047.72894688007,12784,58591.72894688007,0,0,1,1,0,0,0,0,0
56,34,4,5,3,3,4,4,8407,4,13,10,3,1,13,3.33,69047.72894688007,12784,60640.72894688007,0,0,0,1,0,0,0,1,0
34,14,2,5,1,3,4,2,4511,1,23,6,1,0,7,2.67,102997.714045,2542,98486.714045,0,0,0,0,0,0,0,1,0
50,17,1,3,5,2,3,2,10505,4,2,3,2,0,5,3.33,69047.72894688007,12784,58542.72894688007,1,0,0,1,0,0,0,0,0
43,48,4,5,2,2,2,4,15208,3,22,10,2,0,12,2.0,102997.714045,2542,87789.714045,1,1,0,0,1,0,0,1,0
57,42,1,5,3,1,2,3,8027,4,28,10,0,0,10,2.0,102997.714045,2542,94970.714045,0,0,0,1,0,0,0,1,1
38,47,2,4,3,1,3,2,15874,3,16,7,9,1,16,2.33,69047.72894688007,12784,53173.72894688007,0,1,0,0,1,0,0,1,0
58,16,3,4,2,2,2,2,6433,3,8,5,1,0,6,2.0,102997.714045,2542,96564.714045,1,1,0,0,0,0,1,0,0
46,18,1,1,1,3,2,2,8533,2,2,5,8,1,13,2.0,69047.72894688007,12784,60514.72894688007,1,0,0,1,0,0,0,0,0
23,12,3,1,4,4,1,3,19923,4,23,3,2,0,5,3.0,102997.714045,2542,83074.714045,1,0,0,0,1,0,0,1,0
51,40,4,4,4,3,3,2,16491,3,14,8,9,1,17,3.33,69047.72894688007,12784,52556.72894688007,0,0,1,0,1,0,0,1,1
25,23,4,3,5,1,1,2,15507,2,9,7,6,1,13,2.33,69047.72894688007,12784,53540.72894688007,0,0,0,0,1,0,1,0,0
32,17,1,3,4,2,4,2,10824,1,16,7,4,1,11,3.33,102997.714045,2542,92173.714045,1,0,0,1,0,0,0,1,0
38,26,1,5,4,2,2,4,18592,1,15,5,0,0,5,2.67,69047.72894688007,12784,50455.72894688007,1,0,1,0,1,0,0,1,0
56,22,4,3,2,1,3,2,6042,4,19,10,1,0,11,2.0,102997.714045,2542,96955.714045,1,0,0,0,0,0,0,1,0
23,17,4,5,2,1,1,3,19493,1,20,3,4,1,7,1.33,69047.72894688007,12784,49554.72894688007,0,0,0,0,1,0,0,1,1
32,7,3,4,3,2,3,1,16512,4,28,9,6,1,15,2.67,102997.714045,2542,86485.714045,1,0,1,0,1,0,0,1,0
23,43,1,3,3,2,4,3,9633,1,4,13,7,1,20,3.0,69047.72894688007,12784,59414.72894688007,1,0,1,1,0,1,0,0,0
60,1,1,3,4,3,3,4,10883,3,1,0,0,0,0,3.33,69047.72894688007,12784,58164.72894688007,0,0,0,1,0,0,0,0,0
47,27,2,4,1,2,3,1,13476,2,14,10,2,0,12,2.0,69047.72894688007,12784,55571.72894688007,0,0,0,1,0,0,0,1,0
27,19,1,4,2,3,1,3,10092,3,2,7,1,0,8,2.0,69047.72894688007,12784,58955.72894688007,0,1,0,1,0,0,0,0,0
41,4,3,5,1,4,1,1,9541,3,16,7,7,1,14,2.0,69047.72894688007,12784,59506.72894688007,1,1,0,1,0,0,0,1,0
32,49,1,2,4,3,2,1,6005,2,9,3,0,0,3,3.0,69047.72894688007,12784,63042.72894688007,1,0,1,0,0,0,1,0,1
58,39,3,2,5,4,4,2,5281,4,18,13,2,0,15,4.33,69047.72894688007,12784,63766.72894688007,1,0,0,0,0,0,0,1,0
23,48,4,2,2,2,4,3,14737,1,23,11,1,0,12,2.67,102997.714045,2542,88260.714045,1,0,1,0,1,0,0,1,0
53,16,3,3,5,1,4,1,5670,3,16,8,4,1,12,3.33,69047.72894688007,12784,63377.72894688007,1,0,0,0,0,0,0,1,0
43,9,3,3,2,1,3,2,17456,3,1,4,7,1,11,2.0,69047.72894688007,12784,51591.72894688007,1,1,0,0,1,0,0,0,0
55,27,1,2,2,2,2,3,5414,4,26,5,5,1,10,2.0,69047.72894688007,12784,63633.72894688007,0,1,0,0,0,0,0,1,1
26,16,2,1,1,3,3,3,14033,2,15,7,8,1,15,2.33,69047.72894688007,12784,55014.72894688007,1,0,1,0,1,0,0,1,0
32,29,2,4,1,2,4,1,7316,2,7,14,9,1,23,2.33,69047.72894688007,12784,61731.72894688007,0,1,0,0,0,0,1,0,0
35,25,3,3,3,3,3,2,10388,1,16,10,10,1,20,3.0,69047.72894688007,12784,58659.72894688007,1,0,0,1,0,0,0,1,0
27,23,2,2,3,2,4,3,3540,1,9,8,5,1,13,3.0,69047.72894688007,12784,65507.72894688007,0,0,1,0,0,0,1,0,0
45,21,2,5,2,1,3,1,14526,4,3,9,1,0,10,2.0,69047.72894688007,12784,54521.72894688007,1,1,0,0,1,1,0,0,0
31,33,3,2,1,4,3,4,15720,4,29,3,8,1,11,2.67,102997.714045,2542,87277.714045,1,0,1,0,1,0,0,1,0
39,18,3,4,4,1,3,3,10370,2,5,2,9,1,11,2.67,69047.72894688007,12784,58677.72894688007,0,0,0,1,0,1,0,0,0
59,38,2,2,4,2,3,1,15644,4,19,10,3,1,13,3.0,69047.72894688007,12784,53403.72894688007,1,1,0,0,1,0,0,1,0
52,4,4,2,3,3,4,1,15628,1,17,8,3,1,11,3.33,69047.72894688007,12784,53419.72894688007,1,0,1,0,1,0,0,1,1
33,22,3,4,4,2,4,1,13534,4,1,4,9,1,13,3.33,69047.72894688007,12784,55513.72894688007,0,0,1,1,0,0,0,0,0
48,24,3,2,5,1,3,4,3100,1,6,3,6,1,9,3.0,69047.72894688007,12784,65947.72894688007,0,0,0,0,0,0,1,0,1
45,5,1,5,1,2,4,1,9699,4,11,10,7,1,17,2.33,69047.72894688007,12784,59348.72894688007,0,0,0,1,0,0,0,1,0
30,21,3,5,3,3,4,3,19420,4,16,3,5,1,8,3.33,102997.714045,2542,83577.714045,1,0,0,0,1,0,0,1,0
50,49,2,2,3,1,2,4,15530,4,11,2,5,1,7,2.0,69047.72894688007,12784,53517.72894688007,0,0,1,0,1,0,0,1,0
42,25,2,5,1,2,4,1,16342,1,25,4,2,0,6,2.33,69047.72894688007,12784,52705.72894688007,0,0,0,0,1,0,0,1,0
42,38,1,2,4,4,2,3,19148,3,24,5,5,1,10,3.33,102997.714045,2542,83849.714045,0,0,0,0,1,0,0,1,0
38,10,3,3,3,2,1,1,10892,2,24,11,2,0,13,2.0,102997.714045,2542,92105.714045,0,0,1,1,0,0,0,1,0
58,44,2,4,4,3,2,1,12491,4,9,14,8,1,22,3.0,69047.72894688007,12784,56556.72894688007,1,1,0,1,0,0,1,0,0
42,29,1,2,1,4,4,4,3826,3,15,5,9,1,14,3.0,69047.72894688007,12784,65221.72894688007,0,0,0,0,0,0,0,1,0
35,27,4,1,3,4,3,3,9546,2,5,8,0,0,8,3.33,102997.714045,2542,93451.714045,0,0,1,1,0,1,0,0,0
24,3,3,2,3,2,3,3,12565,2,26,4,8,1,12,2.67,69047.72894688007,12784,56482.72894688007,0,0,0,1,0,0,0,1,1
38,11,3,3,1,2,3,1,18331,4,29,8,0,0,8,2.0,69047.72894688007,12784,50716.72894688007,0,0,1,0,1,0,0,1,1
40,44,2,4,4,2,2,4,14594,2,15,1,7,1,8,2.67,69047.72894688007,12784,54453.72894688007,0,0,1,0,1,0,0,1,1
24,4,2,1,4,1,4,2,3162,0,5,2,3,1,5,3.0,17372.83423076923,33,14210.83423076923,0,0,1,0,0,1,0,0,0
28,35,4,1,2,2,3,3,8328,3,11,14,0,0,14,2.33,69047.72894688007,12784,60719.72894688007,1,0,0,1,0,0,0,1,1
43,22,4,5,1,1,1,4,12156,4,4,14,9,1,23,1.0,102997.714045,2542,90841.714045,0,0,1,1,0,1,0,0,0
26,3,3,1,1,3,3,3,3102,0,6,4,0,0,4,2.33,89817.88593023256,119,86715.88593023256,0,1,0,0,0,0,1,0,1
33,24,2,1,3,2,3,1,14596,3,9,6,4,1,10,2.67,69047.72894688007,12784,54451.72894688007,1,0,1,0,1,0,1,0,0
35,14,2,4,3,4,2,1,18570,2,5,1,6,1,7,3.0,69047.72894688007,12784,50477.72894688007,0,0,1,0,1,1,0,0,0
34,7,4,2,5,2,4,2,17363,3,1,1,6,1,7,3.67,69047.72894688007,12784,51684.72894688007,0,0,0,0,1,0,0,0,1
43,49,3,3,1,3,3,1,4845,3,3,12,3,1,15,2.33,69047.72894688007,12784,64202.72894688007,0,0,0,0,0,1,0,0,0
41,10,2,4,1,4,2,2,17181,4,7,6,7,1,13,2.33,102997.714045,2542,85816.714045,0,0,0,0,1,0,1,0,0
20,1,3,1,2,1,3,2,19391,2,6,1,6,1,7,2.0,69047.72894688007,12784,49656.72894688007,1,0,0,0,1,0,1,0,0
42,13,3,2,5,3,4,4,8341,4,22,6,3,1,9,4.0,69047.72894688007,12784,60706.72894688007,1,0,0,1,0,0,0,1,1
57,9,2,4,3,4,1,4,4356,1,25,14,0,0,14,2.67,102997.714045,2542,98641.714045,0,1,0,0,0,0,0,1,0
29,44,3,5,3,3,1,4,11465,3,18,3,4,1,7,2.33,102997.714045,2542,91532.714045,1,0,1,1,0,0,0,1,0
56,45,3,4,1,3,4,3,3725,1,9,10,3,1,13,2.67,69047.72894688007,12784,65322.72894688007,0,0,1,0,0,0,1,0,0
37,47,3,3,5,4,1,1,19309,4,7,10,1,0,11,3.33,69047.72894688007,12784,49738.72894688007,1,0,0,0,1,0,1,0,0
47,40,4,3,2,3,1,2,3567,1,12,7,4,1,11,2.0,69047.72894688007,12784,65480.72894688007,0,1,0,0,0,0,0,1,0
43,21,3,1,4,4,1,3,2258,7,3,2,1,0,3,3.0,17372.83423076923,33,15114.83423076923,0,0,1,0,0,1,0,0,0
24,41,3,2,1,2,3,2,16125,3,15,14,7,1,21,2.0,69047.72894688007,12784,52922.72894688007,0,1,0,0,1,0,0,1,0
26,5,2,1,3,4,4,3,2966,0,4,2,0,0,2,3.67,69047.72894688007,12784,66081.72894688007,0,1,0,0,0,1,0,0,0
34,22,1,5,4,2,4,2,9885,2,27,6,9,1,15,3.33,69047.72894688007,12784,59162.72894688007,0,0,1,1,0,0,0,1,0
34,2,3,2,1,3,4,3,4538,0,3,2,0,0,2,2.67,91683.75438596492,139,87145.75438596492,1,1,0,0,0,1,0,0,0
49,44,2,3,5,2,3,4,7582,2,19,7,0,0,7,3.33,69047.72894688007,12784,61465.72894688007,0,0,1,0,0,0,0,1,0
39,15,2,2,4,3,2,1,14711,2,20,9,5,1,14,3.0,69047.72894688007,12784,54336.72894688007,1,1,0,0,1,0,0,1,0
34,12,2,3,4,2,4,4,8825,4,7,7,6,1,13,3.33,69047.72894688007,12784,60222.72894688007,0,0,0,1,0,0,1,0,0
41,24,4,3,2,3,1,2,15707,1,27,1,4,1,5,2.0,102997.714045,2542,87290.714045,1,0,0,0,1,0,0,1,0
28,1,3,1,4,3,3,4,2044,1,5,3,0,0,3,3.33,89817.88593023256,119,87773.88593023256,0,0,1,0,0,1,0,0,0
46,36,4,5,5,1,2,3,11175,3,12,4,5,1,9,2.67,69047.72894688007,12784,57872.72894688007,1,1,0,1,0,0,0,1,1
33,8,2,1,4,2,4,2,2342,0,2,2,2,0,4,3.33,69047.72894688007,12784,66705.72894688007,0,1,0,0,0,0,0,0,0
27,12,2,4,4,4,1,3,7805,4,3,8,8,1,16,3.0,69047.72894688007,12784,61242.72894688007,1,1,0,1,0,1,0,0,1
53,8,1,4,2,4,2,2,14254,4,20,11,4,1,15,2.67,69047.72894688007,12784,54793.72894688007,1,0,0,0,1,0,0,1,0
47,17,3,3,2,2,2,1,13797,1,20,11,0,0,11,2.0,102997.714045,2542,89200.714045,1,0,0,0,1,0,0,1,1
52,27,3,4,5,4,4,4,16297,4,10,9,5,1,14,4.33,69047.72894688007,12784,52750.72894688007,0,1,0,0,1,0,1,0,0
28,1,3,1,1,3,3,3,3591,1,3,2,1,0,3,2.33,89817.88593023256,119,86226.88593023256,0,0,1,0,0,1,0,0,0
29,21,4,3,1,2,3,3,9980,1,10,9,8,1,17,2.0,69047.72894688007,12784,59067.72894688007,0,0,0,1,0,0,1,0,0
38,34,3,2,5,4,4,1,3270,1,15,10,8,1,18,4.33,69047.72894688007,12784,65777.72894688007,1,1,0,0,0,0,0,1,0
46,46,2,2,2,2,1,4,5594,1,27,7,7,1,14,1.67,102997.714045,2542,97403.714045,0,1,0,0,0,0,0,1,0
58,15,3,3,2,3,2,2,6511,1,13,9,5,1,14,2.33,69047.72894688007,12784,62536.72894688007,0,0,1,0,0,0,0,1,1
56,28,1,1,3,3,1,1,6293,3,9,10,8,1,18,2.33,69047.72894688007,12784,62754.72894688007,0,1,0,0,0,0,1,0,0
33,23,3,2,4,3,1,2,5270,2,6,9,0,0,9,2.67,102997.714045,2542,97727.714045,1,1,0,0,0,0,1,0,1
57,41,1,5,3,1,2,2,3247,4,8,7,2,0,9,2.0,69047.72894688007,12784,65800.72894688007,1,1,0,0,0,0,1,0,0
21,45,2,1,5,2,2,2,8991,3,27,5,5,1,10,3.0,102997.714045,2542,94006.714045,0,1,0,1,0,0,0,1,0
36,45,1,2,2,2,1,4,6705,3,27,13,1,0,14,1.67,69047.72894688007,12784,62342.72894688007,1,1,0,0,0,0,0,1,0
55,5,4,4,3,3,1,1,18242,1,29,11,1,0,12,2.33,69047.72894688007,12784,50805.72894688007,0,0,0,0,1,0,0,1,0
41,5,1,3,4,1,4,4,19773,3,29,13,6,1,19,3.0,69047.72894688007,12784,49274.72894688007,1,1,0,0,1,0,0,1,0
43,5,4,3,4,2,2,2,7179,3,2,6,7,1,13,2.67,69047.72894688007,12784,61868.72894688007,0,0,0,0,0,0,0,0,0
45,2,2,3,5,1,1,3,8093,3,17,7,7,1,14,2.33,69047.72894688007,12784,60954.72894688007,1,0,1,1,0,0,0,1,0
42,2,3,1,4,2,4,3,2515,5,2,1,2,0,3,3.33,89817.88593023256,119,87302.88593023256,1,1,0,0,0,0,0,0,0
32,3,3,1,2,2,2,3,3568,4,2,9,3,1,12,2.0,69047.72894688007,12784,65479.72894688007,0,0,1,0,0,0,0,0,0
49,15,1,5,3,1,3,3,3170,1,24,12,8,1,20,2.33,69047.72894688007,12784,65877.72894688007,0,0,1,0,0,0,0,1,0
51,17,3,3,3,4,4,3,4112,4,26,2,2,0,4,3.67,69047.72894688007,12784,64935.72894688007,1,1,0,0,0,0,0,1,0
26,38,1,3,4,3,4,2,14756,2,10,5,0,0,5,3.67,69047.72894688007,12784,54291.72894688007,1,0,1,0,1,0,1,0,0
49,43,2,3,5,3,3,4,11338,1,4,11,5,1,16,3.67,69047.72894688007,12784,57709.72894688007,0,0,1,1,0,1,0,0,0
51,6,3,5,3,1,3,3,19537,7,20,18,15,1,33,2.33,69047.72894688007,12784,49510.72894688007,0,1,0,0,1,0,0,1,0
22,33,3,3,2,1,2,4,7289,3,12,7,5,1,12,1.67,102997.714045,2542,95708.714045,0,1,0,0,0,0,0,1,0
41,10,3,2,4,4,4,3,6230,7,14,3,1,0,4,4.0,91683.75438596492,139,85453.75438596492,0,1,0,0,0,0,0,1,0
57,5,4,5,4,2,3,1,17606,1,5,2,8,1,10,3.0,102997.714045,2542,85391.714045,1,1,0,0,1,1,0,0,1
36,35,4,3,5,4,3,4,15844,3,12,11,0,0,11,4.0,69047.72894688007,12784,53203.72894688007,0,0,1,0,1,0,0,1,0
20,48,2,2,2,4,1,4,12355,1,28,7,3,1,10,2.33,69047.72894688007,12784,56692.72894688007,0,0,0,1,0,0,0,1,0
51,14,3,4,3,3,2,1,4912,4,8,10,8,1,18,2.67,69047.72894688007,12784,64135.72894688007,0,1,0,0,0,0,1,0,0
46,20,3,5,3,2,3,1,16553,3,6,8,4,1,12,2.67,69047.72894688007,12784,52494.72894688007,1,0,1,0,1,0,1,0,0
37,14,1,4,1,3,4,1,9183,2,28,13,2,0,15,2.67,69047.72894688007,12784,59864.72894688007,1,1,0,1,0,0,0,1,0
37,5,3,2,4,4,3,2,6347,7,6,2,0,0,2,3.67,69047.72894688007,12784,62700.72894688007,0,0,0,0,0,0,1,0,0
45,10,4,1,3,3,3,3,12401,2,6,6,8,1,14,3.0,102997.714045,2542,90596.714045,1,1,0,1,0,0,1,0,0
21,43,2,1,2,2,3,3,17617,3,24,14,8,1,22,2.33,69047.72894688007,12784,51430.72894688007,0,0,1,0,1,0,0,1,0
59,21,2,2,3,4,4,3,7752,1,14,5,2,0,7,3.67,69047.72894688007,12784,61295.72894688007,0,0,1,1,0,0,0,1,0
36,8,3,5,1,2,1,1,8536,3,22,11,8,1,19,1.33,69047.72894688007,12784,60511.72894688007,1,0,1,1,0,0,0,1,1
44,1,2,3,1,2,4,3,10482,9,20,6,3,1,9,2.33,61845.10984536083,269,51363.10984536083,0,0,1,1,0,0,0,1,1
54,26,4,3,3,1,1,3,14032,2,14,3,3,1,6,1.67,102997.714045,2542,88965.714045,1,0,0,0,1,0,0,1,0
41,2,3,4,2,4,2,3,16015,1,22,10,0,0,10,2.67,102997.714045,2542,86982.714045,0,1,0,0,1,0,0,1,0
20,35,1,3,5,1,2,1,15553,1,20,14,6,1,20,2.67,69047.72894688007,12784,53494.72894688007,1,0,0,0,1,0,0,1,0
23,37,3,3,4,4,3,1,14187,1,26,8,6,1,14,3.67,69047.72894688007,12784,54860.72894688007,0,0,1,0,1,0,0,1,0
37,37,4,3,4,2,4,1,19762,2,8,4,0,0,4,3.33,69047.72894688007,12784,49285.72894688007,1,1,0,0,1,0,1,0,1
32,9,2,1,4,1,3,2,19909,4,13,3,3,1,6,2.67,69047.72894688007,12784,49138.72894688007,0,1,0,0,1,0,0,1,1
51,8,1,3,4,1,4,3,10650,2,4,2,0,0,2,3.0,69047.72894688007,12784,58397.72894688007,0,1,0,1,0,1,0,0,1
20,38,4,4,3,2,3,1,19692,3,22,7,8,1,15,2.67,69047.72894688007,12784,49355.72894688007,1,0,1,0,1,0,0,1,0
21,5,3,1,4,3,3,3,3117,1,2,2,2,0,4,3.33,89817.88593023256,119,86700.88593023256,0,1,0,0,0,0,0,0,0
58,22,3,2,2,2,1,4,14196,1,9,6,7,1,13,1.67,69047.72894688007,12784,54851.72894688007,1,0,1,0,1,0,1,0,0
40,16,3,3,4,3,4,2,7945,6,4,2,3,1,5,3.67,69047.72894688007,12784,61102.72894688007,1,1,0,1,0,1,0,0,0
33,35,4,1,5,2,2,2,15860,2,17,7,1,0,8,3.0,102997.714045,2542,87137.714045,0,1,0,0,1,0,0,1,0
57,3,2,1,3,1,2,4,7425,4,21,9,2,0,11,2.0,69047.72894688007,12784,61622.72894688007,1,0,1,0,0,0,0,1,0
56,24,4,1,4,3,4,1,7513,2,3,13,9,1,22,3.67,69047.72894688007,12784,61534.72894688007,1,1,0,0,0,1,0,0,0
58,16,3,4,1,3,2,3,6384,2,8,12,1,0,13,2.0,102997.714045,2542,96613.714045,0,0,1,0,0,0,1,0,1
51,15,4,5,4,1,2,4,17436,3,11,10,2,0,12,2.33,69047.72894688007,12784,51611.72894688007,0,0,0,0,1,0,0,1,1
58,22,4,5,4,1,4,4,9784,2,12,14,1,0,15,3.0,69047.72894688007,12784,59263.72894688007,1,0,1,1,0,0,0,1,0
50,35,2,2,2,1,2,2,9514,3,11,4,2,0,6,1.67,69047.72894688007,12784,59533.72894688007,1,1,0,1,0,0,0,1,1
20,48,1,4,5,3,3,2,10379,1,8,6,8,1,14,3.67,69047.72894688007,12784,58668.72894688007,1,1,0,1,0,0,1,0,0
35,48,4,3,1,4,3,4,4080,2,7,2,1,0,3,2.67,69047.72894688007,12784,64967.72894688007,0,0,0,0,0,0,1,0,0
22,43,1,1,2,3,3,1,8598,1,9,1,7,1,8,2.67,69047.72894688007,12784,60449.72894688007,1,1,0,1,0,0,1,0,0
24,39,1,5,2,2,2,3,12754,4,15,5,5,1,10,2.0,69047.72894688007,12784,56293.72894688007,0,0,0,1,0,0,0,1,0
35,13,2,4,3,1,3,2,12657,1,22,4,3,1,7,2.33,69047.72894688007,12784,56390.72894688007,1,0,0,1,0,0,0,1,1
58,30,3,3,4,1,1,2,8097,4,8,5,4,1,9,2.0,69047.72894688007,12784,60950.72894688007,0,0,1,1,0,0,1,0,0
46,1,3,2,1,4,3,1,12461,1,26,4,9,1,13,2.67,69047.72894688007,12784,56586.72894688007,0,1,0,1,0,0,0,1,0
51,1,1,2,3,1,2,1,8479,2,21,3,1,0,4,2.0,69047.72894688007,12784,60568.72894688007,0,1,0,1,0,0,0,1,0
38,44,1,5,4,3,2,3,13547,1,29,13,9,1,22,3.0,69047.72894688007,12784,55500.72894688007,0,1,0,1,0,0,0,1,0
37,30,2,5,5,1,1,2,13422,3,29,7,5,1,12,2.33,69047.72894688007,12784,55625.72894688007,0,1,0,1,0,0,0,1,0
42,41,3,3,5,3,2,3,14667,1,9,2,2,0,4,3.33,69047.72894688007,12784,54380.72894688007,0,1,0,0,1,0,1,0,0
23,38,3,2,2,4,3,4,3053,4,20,7,8,1,15,3.0,69047.72894688007,12784,65994.72894688007,1,1,0,0,0,0,0,1,0
38,5,1,1,1,2,1,2,11642,3,10,3,0,0,3,1.33,69047.72894688007,12784,57405.72894688007,0,0,1,1,0,0,1,0,0
36,8,3,3,2,2,4,2,15554,1,17,1,9,1,10,2.67,102997.714045,2542,87443.714045,1,0,0,0,1,0,0,1,0
29,10,2,2,3,3,3,3,5869,9,5,2,1,0,3,3.0,91683.75438596492,139,85814.75438596492,0,1,0,0,0,1,0,0,0
35,15,1,2,4,1,4,2,5440,6,2,2,2,0,4,3.0,91683.75438596492,139,86243.75438596492,1,0,0,0,0,0,0,0,1
43,33,3,4,4,4,1,2,5012,1,3,6,3,1,9,3.0,69047.72894688007,12784,64035.72894688007,1,1,0,0,0,1,0,0,0
28,44,1,1,2,1,2,4,11469,2,15,8,1,0,9,1.67,102997.714045,2542,91528.714045,0,0,0,1,0,0,0,1,0
36,46,2,3,1,4,2,4,12205,3,27,8,8,1,16,2.33,69047.72894688007,12784,56842.72894688007,1,1,0,1,0,0,0,1,0
58,22,1,5,2,1,3,4,4859,3,23,2,5,1,7,2.0,102997.714045,2542,98138.714045,0,0,0,0,0,0,0,1,0
56,4,3,5,3,3,1,1,8418,4,3,8,0,0,8,2.33,69047.72894688007,12784,60629.72894688007,1,1,0,1,0,1,0,0,1
39,14,3,3,1,4,4,1,17893,4,16,1,0,0,1,3.0,69047.72894688007,12784,51154.72894688007,1,1,0,0,1,0,0,1,0
59,21,4,2,5,4,2,2,6990,1,18,13,1,0,14,3.67,69047.72894688007,12784,62057.72894688007,0,1,0,0,0,0,0,1,0
59,20,4,4,2,2,3,4,8382,3,11,7,7,1,14,2.33,102997.714045,2542,94615.714045,1,0,0,1,0,0,0,1,0
46,41,4,2,4,2,4,4,17958,1,3,7,2,0,9,3.33,102997.714045,2542,85039.714045,1,1,0,0,1,1,0,0,0
21,23,3,3,4,4,4,1,11989,4,6,12,1,0,13,4.0,69047.72894688007,12784,57058.72894688007,0,0,0,1,0,0,1,0,0
30,41,1,2,4,4,2,3,8192,3,26,2,0,0,2,3.33,69047.72894688007,12784,60855.72894688007,1,1,0,1,0,0,0,1,0
31,32,1,5,4,3,1,1,14562,1,23,8,3,1,11,2.67,69047.72894688007,12784,54485.72894688007,0,0,0,0,1,0,0,1,0
34,40,2,1,3,3,3,2,16169,4,29,2,9,1,11,3.0,69047.72894688007,12784,52878.72894688007,0,0,1,0,1,0,0,1,0
23,23,4,3,1,2,4,4,19049,2,16,10,7,1,17,2.33,69047.72894688007,12784,49998.72894688007,0,0,0,0,1,0,0,1,1
26,35,1,1,1,2,1,4,19804,1,27,6,7,1,13,1.33,102997.714045,2542,83193.714045,0,0,1,0,1,0,0,1,1
32,49,2,3,4,2,4,4,15131,1,20,13,8,1,21,3.33,69047.72894688007,12784,53916.72894688007,0,0,0,0,1,0,0,1,0
35,24,4,3,4,3,4,2,6212,4,1,10,0,0,10,3.67,69047.72894688007,12784,62835.72894688007,0,1,0,0,0,0,0,0,0
39,18,3,2,3,1,1,3,4534,0,8,7,1,0,8,1.67,69047.72894688007,12784,64513.72894688007,0,1,0,0,0,0,1,0,0
42,9,3,3,3,4,1,4,6008,2,21,8,1,0,9,2.67,69047.72894688007,12784,63039.72894688007,0,0,1,0,0,0,0,1,0
38,22,3,4,5,3,3,1,16402,2,11,14,0,0,14,3.67,69047.72894688007,12784,52645.72894688007,1,0,1,0,1,0,0,1,0
36,20,2,3,1,2,3,3,7405,2,16,11,3,1,14,2.0,102997.714045,2542,95592.714045,0,0,1,0,0,0,0,1,0
25,48,1,4,4,2,1,3,3827,4,18,10,9,1,19,2.33,69047.72894688007,12784,65220.72894688007,1,0,0,0,0,0,0,1,1
46,32,3,4,4,4,3,3,5407,1,14,2,5,1,7,3.67,69047.72894688007,12784,63640.72894688007,1,0,0,0,0,0,0,1,1
48,18,4,3,4,2,3,3,16255,3,26,3,6,1,9,3.0,69047.72894688007,12784,52792.72894688007,0,0,1,0,1,0,0,1,0
55,13,1,1,2,2,3,3,4646,3,16,9,9,1,18,2.33,69047.72894688007,12784,64401.72894688007,1,1,0,0,0,0,0,1,0
59,20,2,3,5,2,1,4,5949,2,28,10,2,0,12,2.67,69047.72894688007,12784,63098.72894688007,0,0,0,0,0,0,0,1,0
28,49,4,3,1,3,2,2,11447,2,29,10,2,0,12,2.0,69047.72894688007,12784,57600.72894688007,0,1,0,1,0,0,0,1,0
21,25,3,3,4,1,2,2,14665,3,28,6,5,1,11,2.33,69047.72894688007,12784,54382.72894688007,0,0,0,0,1,0,0,1,1
45,24,4,3,5,2,1,1,5637,3,21,7,0,0,7,2.67,102997.714045,2542,97360.714045,0,0,0,0,0,0,0,1,0
40,30,3,4,4,3,1,3,9235,4,7,11,0,0,11,2.67,69047.72894688007,12784,59812.72894688007,0,0,1,1,0,0,1,0,0
21,32,3,5,2,2,2,4,17014,1,17,9,4,1,13,2.0,69047.72894688007,12784,52033.72894688007,1,1,0,0,1,0,0,1,0
30,34,3,2,2,1,1,1,7607,2,18,9,0,0,9,1.33,69047.72894688007,12784,61440.72894688007,0,0,1,1,0,0,0,1,0
52,43,2,4,5,1,3,2,10542,3,2,14,1,0,15,3.0,102997.714045,2542,92455.714045,1,0,0,1,0,0,0,0,1
32,19,3,1,3,4,2,4,19010,3,29,13,2,0,15,3.0,69047.72894688007,12784,50037.72894688007,1,0,1,0,1,0,0,1,0
23,2,2,5,1,3,4,3,8951,1,27,2,0,0,2,2.67,69047.72894688007,12784,60096.72894688007,0,0,0,1,0,0,0,1,0
18,3,3,1,3,3,3,3,1420,1,0,0,0,0,0,3.0,17372.83423076923,33,15952.83423076923,0,1,0,0,0,0,0,0,1
52,3,4,5,2,1,4,1,12688,4,29,7,1,0,8,2.33,69047.72894688007,12784,56359.72894688007,1,1,0,1,0,0,0,1,0
37,22,1,5,1,3,3,3,5909,4,1,4,3,1,7,2.33,69047.72894688007,12784,63138.72894688007,0,0,1,0,0,0,0,0,0
43,23,2,2,2,3,4,4,13518,1,15,10,3,1,13,3.0,69047.72894688007,12784,55529.72894688007,0,0,0,1,0,0,0,1,0
31,44,4,4,2,3,1,1,4692,3,19,6,2,0,8,2.0,69047.72894688007,12784,64355.72894688007,0,0,0,0,0,0,0,1,0
47,34,3,5,2,2,1,1,11279,4,14,6,0,0,6,1.67,69047.72894688007,12784,57768.72894688007,1,0,1,1,0,0,0,1,0
34,33,4,1,5,1,3,4,15623,3,3,5,3,1,8,3.0,69047.72894688007,12784,53424.72894688007,0,0,0,0,1,1,0,0,0
59,40,2,4,5,4,1,1,15290,3,5,9,8,1,17,3.33,69047.72894688007,12784,53757.72894688007,0,0,0,0,1,1,0,0,0
42,20,3,4,1,2,2,1,3207,1,21,12,2,0,14,1.67,69047.72894688007,12784,65840.72894688007,1,1,0,0,0,0,0,1,0
38,2,2,5,2,4,1,4,13199,3,16,10,9,1,19,2.33,69047.72894688007,12784,55848.72894688007,1,1,0,1,0,0,0,1,1
36,18,4,1,4,1,4,2,9474,2,11,7,7,1,14,3.0,69047.72894688007,12784,59573.72894688007,0,0,1,1,0,0,0,1,0
20,31,1,2,4,2,3,4,13709,3,4,2,5,1,7,3.0,69047.72894688007,12784,55338.72894688007,0,1,0,1,0,1,0,0,1
49,7,2,2,5,1,4,4,8570,2,9,6,9,1,15,3.33,69047.72894688007,12784,60477.72894688007,0,0,0,1,0,0,1,0,0
56,32,4,3,1,3,1,3,11477,2,26,7,1,0,8,1.67,69047.72894688007,12784,57570.72894688007,0,0,1,1,0,0,0,1,0
56,40,4,5,4,3,3,4,6514,4,5,14,4,1,18,3.33,69047.72894688007,12784,62533.72894688007,1,1,0,0,0,1,0,0,0
32,41,2,2,1,2,3,1,9441,4,6,5,7,1,12,2.0,69047.72894688007,12784,59606.72894688007,1,0,1,1,0,0,1,0,0
49,39,2,2,5,1,1,1,8987,2,26,8,1,0,9,2.33,69047.72894688007,12784,60060.72894688007,0,0,1,1,0,0,0,1,0
39,37,4,3,4,4,4,2,16491,2,13,3,3,1,6,4.0,69047.72894688007,12784,52556.72894688007,0,1,0,0,1,0,0,1,0
43,7,3,1,5,2,2,2,18625,3,11,7,1,0,8,3.0,69047.72894688007,12784,50422.72894688007,1,0,0,0,1,0,0,1,0
51,39,3,2,5,1,4,1,6399,2,9,4,5,1,9,3.33,69047.72894688007,12784,62648.72894688007,0,0,0,0,0,0,1,0,0
41,12,1,3,5,1,2,3,12551,4,27,2,5,1,7,2.67,102997.714045,2542,90446.714045,0,0,1,1,0,0,0,1,0
41,8,1,1,5,4,1,1,19487,2,7,2,3,1,5,3.33,102997.714045,2542,83510.714045,1,0,1,0,1,0,1,0,0
20,14,4,1,5,3,4,2,15434,2,22,13,4,1,17,4.0,102997.714045,2542,87563.714045,1,0,0,0,1,0,0,1,1
47,37,4,4,3,4,2,2,15005,3,22,13,6,1,19,3.0,69047.72894688007,12784,54042.72894688007,1,1,0,0,1,0,0,1,1
27,13,2,5,3,2,4,2,11023,1,5,5,6,1,11,3.0,69047.72894688007,12784,58024.72894688007,1,0,0,1,0,1,0,0,0
26,23,3,3,2,2,2,2,4138,4,16,2,3,1,5,2.0,102997.714045,2542,98859.714045,0,0,1,0,0,0,0,1,0
34,1,2,2,1,4,3,3,5343,0,13,9,4,1,13,2.67,69047.72894688007,12784,63704.72894688007,0,1,0,0,0,0,0,1,0
21,32,3,5,2,2,4,1,14719,1,2,2,8,1,10,2.67,69047.72894688007,12784,54328.72894688007,0,0,0,0,1,0,0,0,0
31,2,3,1,4,2,3,1,3722,6,2,2,2,0,4,3.0,17372.83423076923,33,13650.83423076923,1,0,1,0,0,0,0,0,1
42,19,2,3,2,3,2,1,8850,4,26,7,1,0,8,2.33,69047.72894688007,12784,60197.72894688007,0,0,1,1,0,0,0,1,0
35,14,1,5,1,4,2,4,16109,1,27,8,7,1,15,2.33,69047.72894688007,12784,52938.72894688007,1,0,1,0,1,0,0,1,0
36,14,4,5,5,2,3,3,18806,1,6,10,0,0,10,3.33,69047.72894688007,12784,50241.72894688007,1,0,1,0,1,0,1,0,0
29,2,3,2,3,4,1,2,4649,1,4,3,0,0,3,2.67,91683.75438596492,139,87034.75438596492,0,0,1,0,0,1,0,0,0
21,10,2,4,1,3,1,2,17630,2,6,11,7,1,18,1.67,69047.72894688007,12784,51417.72894688007,1,0,0,0,1,0,1,0,1
57,27,1,2,1,4,1,2,18789,3,11,4,2,0,6,2.0,69047.72894688007,12784,50258.72894688007,1,0,1,0,1,0,0,1,0
36,10,3,3,3,4,1,3,7094,3,7,7,1,0,8,2.67,69047.72894688007,12784,61953.72894688007,0,0,1,0,0,0,1,0,0
52,40,2,2,4,2,2,1,17225,4,10,6,9,1,15,2.67,69047.72894688007,12784,51822.72894688007,1,0,1,0,1,0,1,0,1
37,43,2,2,4,2,3,4,6161,2,23,14,5,1,19,3.0,102997.714045,2542,96836.714045,1,0,0,0,0,0,0,1,0
21,11,1,2,5,2,3,2,11128,2,10,5,8,1,13,3.33,69047.72894688007,12784,57919.72894688007,0,1,0,1,0,0,1,0,0
49,14,4,3,3,2,4,4,12757,4,5,12,7,1,19,3.0,102997.714045,2542,90240.714045,1,0,1,1,0,1,0,0,0
55,45,3,5,5,3,4,1,13495,4,3,7,1,0,8,4.0,69047.72894688007,12784,55552.72894688007,0,0,1,1,0,1,0,0,0
49,22,4,4,3,3,3,2,11704,3,5,4,9,1,13,3.0,69047.72894688007,12784,57343.72894688007,0,1,0,1,0,1,0,0,1
53,45,4,5,2,4,4,1,4482,2,6,13,1,0,14,3.33,69047.72894688007,12784,64565.72894688007,1,0,1,0,0,0,1,0,0
27,12,3,1,5,1,1,4,14432,1,4,5,1,0,6,2.33,102997.714045,2542,88565.714045,1,1,0,0,1,1,0,0,0
25,9,1,1,2,4,4,3,12006,3,28,5,2,0,7,3.33,69047.72894688007,12784,57041.72894688007,1,1,0,1,0,0,0,1,0
35,26,1,3,2,1,2,3,7150,2,4,14,3,1,17,1.67,102997.714045,2542,95847.714045,0,1,0,0,0,1,0,0,0
54,45,1,2,5,1,2,1,8106,3,9,13,7,1,20,2.67,102997.714045,2542,94891.714045,0,1,0,1,0,0,1,0,0
59,13,1,4,3,3,3,2,17309,4,4,1,7,1,8,3.0,69047.72894688007,12784,51738.72894688007,1,0,0,0,1,1,0,0,1
39,4,4,2,5,1,2,1,7756,3,6,4,2,0,6,2.67,69047.72894688007,12784,61291.72894688007,1,1,0,1,0,0,1,0,0
42,26,4,2,4,4,3,4,9571,4,21,4,1,0,5,3.67,102997.714045,2542,93426.714045,0,0,0,1,0,0,0,1,0
21,19,2,3,5,4,4,1,14552,1,29,10,0,0,10,4.33,102997.714045,2542,88445.714045,1,1,0,0,1,0,0,1,0
35,34,3,2,2,4,1,4,17936,2,1,8,2,0,10,2.33,69047.72894688007,12784,51111.72894688007,0,0,1,0,1,0,0,0,0
35,32,2,2,3,3,1,2,6406,3,2,3,2,0,5,2.33,102997.714045,2542,96591.714045,1,0,0,0,0,0,0,0,0
44,13,4,1,4,1,2,2,3233,2,10,7,1,0,8,2.33,69047.72894688007,12784,65814.72894688007,1,0,1,0,0,0,1,0,0
31,13,1,4,1,4,3,2,16543,3,10,14,5,1,19,2.67,69047.72894688007,12784,52504.72894688007,0,0,1,0,1,0,1,0,0
34,44,2,5,4,3,1,3,10098,3,1,14,6,1,20,2.67,69047.72894688007,12784,58949.72894688007,1,0,0,1,0,0,0,0,0
48,39,3,2,2,3,2,3,16252,4,2,5,2,0,7,2.33,69047.72894688007,12784,52795.72894688007,0,0,1,0,1,0,0,0,0
41,4,1,2,2,3,2,3,6430,6,3,2,1,0,3,2.33,61845.10984536083,269,55415.10984536083,0,0,1,0,0,1,0,0,0
58,8,4,3,1,1,1,2,5209,4,5,11,1,0,12,1.0,69047.72894688007,12784,63838.72894688007,0,0,1,0,0,1,0,0,1
34,38,4,2,2,1,4,2,4460,2,10,7,7,1,14,2.33,69047.72894688007,12784,64587.72894688007,0,1,0,0,0,0,1,0,0
45,28,4,5,4,4,2,2,11677,4,22,1,4,1,5,3.33,69047.72894688007,12784,57370.72894688007,1,1,0,1,0,0,0,1,0
33,2,2,1,2,4,4,2,11708,1,14,11,3,1,14,3.33,69047.72894688007,12784,57339.72894688007,0,0,0,1,0,0,0,1,0
36,20,1,4,2,3,3,4,9257,4,5,8,4,1,12,2.67,69047.72894688007,12784,59790.72894688007,0,1,0,1,0,1,0,0,0
34,6,3,2,3,3,2,1,4307,1,23,1,4,1,5,2.67,102997.714045,2542,98690.714045,1,0,0,0,0,0,0,1,0
32,15,3,1,1,2,2,1,10028,2,25,14,6,1,20,1.67,102997.714045,2542,92969.714045,1,0,1,1,0,0,0,1,0
30,8,3,1,5,1,4,2,18389,1,28,4,5,1,9,3.33,69047.72894688007,12784,50658.72894688007,1,0,0,0,1,0,0,1,0
27,28,1,2,3,2,1,2,17086,4,27,5,4,1,9,2.0,69047.72894688007,12784,51961.72894688007,1,0,1,0,1,0,0,1,0
27,46,4,4,4,4,1,3,14700,4,14,4,7,1,11,3.0,69047.72894688007,12784,54347.72894688007,0,1,0,0,1,0,0,1,0
52,6,3,2,2,4,1,2,7277,4,1,13,9,1,22,2.33,69047.72894688007,12784,61770.72894688007,1,0,1,0,0,0,0,0,0
30,11,4,2,1,4,4,2,18439,1,28,8,8,1,16,3.0,69047.72894688007,12784,50608.72894688007,1,0,0,0,1,0,0,1,0
54,32,4,1,2,2,3,1,9713,3,16,4,4,1,8,2.33,69047.72894688007,12784,59334.72894688007,0,1,0,1,0,0,0,1,0
21,12,4,1,1,4,4,2,10193,1,11,11,4,1,15,3.0,69047.72894688007,12784,58854.72894688007,1,0,1,1,0,0,0,1,1
38,9,3,1,1,4,1,4,5576,1,29,10,7,1,17,2.0,69047.72894688007,12784,63471.72894688007,0,0,0,0,0,0,0,1,0
35,6,3,1,3,3,4,3,3506,0,3,2,2,0,4,3.33,89817.88593023256,119,86311.88593023256,1,0,1,0,0,1,0,0,0
30,36,4,5,3,3,3,4,14699,4,6,13,7,1,20,3.0,69047.72894688007,12784,54348.72894688007,1,0,1,0,1,0,1,0,0
51,24,2,2,5,2,1,2,10972,2,12,14,7,1,21,2.67,69047.72894688007,12784,58075.72894688007,1,1,0,1,0,0,0,1,0
57,27,4,3,2,2,2,4,18696,4,23,1,4,1,5,2.0,69047.72894688007,12784,50351.72894688007,1,1,0,0,1,0,0,1,1
57,5,3,1,2,2,4,2,5027,1,23,9,9,1,18,2.67,102997.714045,2542,97970.714045,0,0,1,0,0,0,0,1,0
37,22,3,4,4,2,2,3,19953,1,19,10,4,1,14,2.67,69047.72894688007,12784,49094.72894688007,0,1,0,0,1,0,0,1,0
25,25,3,3,4,1,1,4,17389,1,4,3,1,0,4,2.0,102997.714045,2542,85608.714045,1,0,0,0,1,1,0,0,0
58,30,3,4,2,4,2,3,3166,3,28,3,6,1,9,2.67,69047.72894688007,12784,65881.72894688007,1,0,0,0,0,0,0,1,0
34,33,3,3,3,3,4,2,3240,1,19,3,8,1,11,3.33,69047.72894688007,12784,65807.72894688007,0,0,1,0,0,0,0,1,1
39,28,3,2,5,4,1,3,10955,3,20,13,4,1,17,3.33,102997.714045,2542,92042.714045,1,0,0,1,0,0,0,1,0
55,36,1,4,5,2,2,3,6613,4,8,8,0,0,8,3.0,69047.72894688007,12784,62434.72894688007,0,1,0,0,0,0,1,0,0
38,20,3,3,4,1,3,1,4060,4,22,4,5,1,9,2.67,69047.72894688007,12784,64987.72894688007,1,1,0,0,0,0,0,1,1
57,36,4,3,2,1,3,2,4635,1,2,13,5,1,18,2.0,69047.72894688007,12784,64412.72894688007,1,0,1,0,0,0,0,0,0
36,46,1,3,2,2,4,1,14462,3,4,4,9,1,13,2.67,102997.714045,2542,88535.714045,1,1,0,0,1,1,0,0,0
26,13,2,1,4,3,3,2,8946,2,8,13,3,1,16,3.33,69047.72894688007,12784,60101.72894688007,1,0,0,1,0,0,1,0,0
39,38,1,2,3,4,3,2,7287,3,9,10,2,0,12,3.33,69047.72894688007,12784,61760.72894688007,1,0,0,0,0,0,1,0,0
38,25,1,5,3,3,4,1,5331,1,26,12,9,1,21,3.33,102997.714045,2542,97666.714045,1,0,0,0,0,0,0,1,0
37,16,2,2,5,3,3,1,3391,4,17,6,8,1,14,3.67,102997.714045,2542,99606.714045,1,1,0,0,0,0,0,1,0
23,44,3,1,2,4,1,4,8021,4,22,13,6,1,19,2.33,69047.72894688007,12784,61026.72894688007,1,0,1,1,0,0,0,1,0
33,32,2,4,4,1,3,3,5775,1,28,7,6,1,13,2.67,102997.714045,2542,97222.714045,1,1,0,0,0,0,0,1,0
35,28,2,1,3,2,1,3,2430,0,5,3,4,1,7,2.0,69047.72894688007,12784,66617.72894688007,0,0,1,0,0,1,0,0,0
48,20,1,4,3,2,2,1,12503,2,28,13,3,1,16,2.33,102997.714045,2542,90494.714045,0,0,0,1,0,0,0,1,0
20,26,4,5,4,1,3,1,14845,3,4,13,2,0,15,2.67,69047.72894688007,12784,54202.72894688007,0,0,0,0,1,1,0,0,1
56,12,4,4,3,3,3,1,15710,4,29,1,1,0,2,3.0,69047.72894688007,12784,53337.72894688007,1,1,0,0,1,0,0,1,0
52,28,4,3,3,2,1,1,9237,2,16,3,8,1,11,2.0,69047.72894688007,12784,59810.72894688007,1,0,1,1,0,0,0,1,0
21,5,3,1,1,3,4,3,2380,1,2,2,1,0,3,2.67,69047.72894688007,12784,66667.72894688007,1,1,0,0,0,0,0,0,0
49,43,4,5,1,4,3,3,11416,2,14,6,6,1,12,2.67,69047.72894688007,12784,57631.72894688007,0,0,0,1,0,0,0,1,1
28,43,3,1,4,1,3,2,4602,1,19,8,9,1,17,2.67,69047.72894688007,12784,64445.72894688007,0,1,0,0,0,0,0,1,0
20,29,2,5,5,3,2,1,18356,4,3,5,4,1,9,3.33,69047.72894688007,12784,50691.72894688007,0,0,1,0,1,1,0,0,0
41,49,4,2,4,1,3,1,6517,4,5,11,5,1,16,2.67,69047.72894688007,12784,62530.72894688007,1,0,0,0,0,1,0,0,0
44,7,4,1,1,3,1,4,3205,3,23,1,2,0,3,1.67,69047.72894688007,12784,65842.72894688007,1,1,0,0,0,0,0,1,0
58,43,2,1,5,4,3,2,12653,4,3,11,4,1,15,4.0,69047.72894688007,12784,56394.72894688007,0,1,0,1,0,1,0,0,0
51,42,4,2,4,4,4,2,19837,1,18,7,9,1,16,4.0,69047.72894688007,12784,49210.72894688007,0,1,0,0,1,0,0,1,0
49,1,4,4,4,2,3,1,12105,1,6,4,6,1,10,3.0,69047.72894688007,12784,56942.72894688007,0,1,0,1,0,0,1,0,0
38,25,2,2,4,3,1,3,3726,1,5,3,5,1,8,2.67,69047.72894688007,12784,65321.72894688007,1,1,0,0,0,1,0,0,0
36,28,1,5,3,4,2,1,13069,2,7,1,6,1,7,3.0,69047.72894688007,12784,55978.72894688007,1,0,1,1,0,0,1,0,1
58,28,4,3,4,4,2,4,3995,4,2,13,8,1,21,3.33,69047.72894688007,12784,65052.72894688007,0,0,0,0,0,0,0,0,0
39,27,3,2,2,1,1,2,17940,1,4,14,8,1,22,1.33,102997.714045,2542,85057.714045,1,1,0,0,1,1,0,0,0
31,19,4,1,3,2,1,1,7604,4,16,8,3,1,11,2.0,69047.72894688007,12784,61443.72894688007,1,0,1,0,0,0,0,1,0
50,19,4,2,4,1,3,4,10667,2,27,12,4,1,16,2.67,69047.72894688007,12784,58380.72894688007,1,0,0,1,0,0,0,1,0
39,44,4,1,4,4,4,3,18342,4,13,10,3,1,13,4.0,69047.72894688007,12784,50705.72894688007,1,1,0,0,1,0,0,1,1
56,13,3,4,2,1,3,3,18389,1,24,8,6,1,14,2.0,69047.72894688007,12784,50658.72894688007,1,0,0,0,1,0,0,1,0
45,4,3,2,1,3,1,4,5006,4,5,4,0,0,4,1.67,91683.75438596492,139,86677.75438596492,1,0,0,0,0,1,0,0,0
20,25,4,2,3,3,3,2,16253,3,29,7,9,1,16,3.0,102997.714045,2542,86744.714045,0,0,1,0,1,0,0,1,1
56,43,3,2,5,1,1,1,19060,1,16,2,6,1,8,2.33,69047.72894688007,12784,49987.72894688007,1,0,1,0,1,0,0,1,0
41,49,2,2,2,3,4,3,7547,4,25,10,9,1,19,3.0,69047.72894688007,12784,61500.72894688007,1,0,1,0,0,0,0,1,0
22,40,1,1,2,3,4,3,5070,3,6,14,6,1,20,3.0,102997.714045,2542,97927.714045,1,0,0,0,0,0,1,0,0
21,20,1,4,5,3,4,1,16762,2,14,13,2,0,15,4.0,69047.72894688007,12784,52285.72894688007,0,0,0,0,1,0,0,1,0
36,10,3,3,1,4,4,3,8321,7,12,8,5,1,13,3.0,69047.72894688007,12784,60726.72894688007,1,0,1,1,0,0,0,1,0
48,17,4,4,2,2,2,2,8559,4,2,10,7,1,17,2.0,69047.72894688007,12784,60488.72894688007,1,0,1,1,0,0,0,0,0
42,38,3,5,3,3,3,3,4741,3,24,5,9,1,14,3.0,102997.714045,2542,98256.714045,0,1,0,0,0,0,0,1,0
34,7,2,1,3,2,4,1,18163,3,27,11,1,0,12,3.0,69047.72894688007,12784,50884.72894688007,1,1,0,0,1,0,0,1,0
48,14,4,1,3,2,4,4,3482,2,10,9,1,0,10,3.0,69047.72894688007,12784,65565.72894688007,1,0,0,0,0,0,1,0,0
50,28,2,3,1,4,2,3,10854,4,3,2,2,0,4,2.33,91683.75438596492,139,80829.75438596492,1,0,0,1,0,1,0,0,1
25,3,3,3,5,1,3,1,16439,1,20,7,6,1,13,3.0,69047.72894688007,12784,52608.72894688007,0,0,1,0,1,0,0,1,0
21,33,3,2,3,1,4,1,4464,4,25,10,6,1,16,2.67,69047.72894688007,12784,64583.72894688007,1,0,0,0,0,0,0,1,0
58,12,2,2,1,1,2,3,14825,4,22,14,3,1,17,1.33,69047.72894688007,12784,54222.72894688007,1,1,0,0,1,0,0,1,0
23,13,2,4,5,4,4,4,15641,3,20,2,1,0,3,4.33,102997.714045,2542,87356.714045,0,0,0,0,1,0,0,1,0
44,4,1,4,1,4,4,1,12537,3,19,4,9,1,13,3.0,102997.714045,2542,90460.714045,1,1,0,1,0,0,0,1,0
31,33,2,5,2,3,4,2,14628,4,12,3,7,1,10,3.0,102997.714045,2542,88369.714045,0,1,0,0,1,0,0,1,0
46,38,3,3,3,2,2,1,19098,4,2,5,6,1,11,2.33,69047.72894688007,12784,49949.72894688007,0,0,1,0,1,0,0,0,1
48,49,2,3,2,1,3,2,17381,3,2,2,4,1,6,2.0,69047.72894688007,12784,51666.72894688007,1,0,1,0,1,0,0,0,0
48,38,3,4,2,2,4,3,19872,4,1,5,7,1,12,2.67,69047.72894688007,12784,49175.72894688007,0,1,0,0,1,0,0,0,0
24,34,3,3,3,2,2,3,18686,4,26,4,6,1,10,2.33,69047.72894688007,12784,50361.72894688007,1,1,0,0,1,0,0,1,0
49,27,1,3,2,4,2,4,18148,3,17,13,4,1,17,2.67,102997.714045,2542,84849.714045,1,0,1,0,1,0,0,1,0
31,31,1,1,4,1,1,2,13972,3,12,5,5,1,10,2.0,69047.72894688007,12784,55075.72894688007,0,0,1,0,1,0,0,1,0
40,35,3,5,4,3,1,1,6836,2,19,14,1,0,15,2.67,69047.72894688007,12784,62211.72894688007,0,1,0,0,0,0,0,1,1
51,8,2,2,1,3,1,2,10837,3,22,10,0,0,10,1.67,102997.714045,2542,92160.714045,0,0,0,1,0,0,0,1,0
48,49,1,2,4,1,3,3,4286,2,5,9,0,0,9,2.67,102997.714045,2542,98711.714045,1,1,0,0,0,1,0,0,0
44,4,3,3,2,1,3,2,8211,4,23,7,7,1,14,2.0,69047.72894688007,12784,60836.72894688007,1,0,0,1,0,0,0,1,0
47,38,2,3,2,3,4,2,16136,3,2,6,9,1,15,3.0,102997.714045,2542,86861.714045,0,1,0,0,1,0,0,0,0
34,45,2,2,4,3,4,3,9802,3,7,10,6,1,16,3.67,69047.72894688007,12784,59245.72894688007,0,0,1,1,0,0,1,0,0
51,6,3,2,2,1,4,1,19535,3,6,8,9,1,17,2.33,69047.72894688007,12784,49512.72894688007,0,1,0,0,1,0,1,0,0
55,49,2,3,5,3,2,3,4376,4,3,11,2,0,13,3.33,69047.72894688007,12784,64671.72894688007,1,0,1,0,0,1,0,0,0
20,42,3,3,1,4,4,1,11360,4,12,14,9,1,23,3.0,69047.72894688007,12784,57687.72894688007,1,0,1,1,0,0,0,1,0
39,2,2,1,1,1,2,4,3646,2,1,0,0,0,0,1.33,17372.83423076923,33,13726.83423076923,1,1,0,0,0,0,0,0,1
29,27,3,5,2,2,2,4,18413,3,26,8,9,1,17,2.0,69047.72894688007,12784,50634.72894688007,0,0,0,0,1,0,0,1,0
38,47,3,1,1,3,2,3,7853,1,28,4,8,1,12,2.0,69047.72894688007,12784,61194.72894688007,1,0,1,1,0,0,0,1,0
58,37,3,2,2,4,1,1,5256,1,8,13,6,1,19,2.33,69047.72894688007,12784,63791.72894688007,0,1,0,0,0,0,1,0,0
25,17,3,4,3,1,1,3,14830,4,26,2,8,1,10,1.67,69047.72894688007,12784,54217.72894688007,0,0,0,0,1,0,0,1,0
35,21,3,2,4,4,4,1,4014,1,10,6,0,0,6,4.0,69047.72894688007,12784,65033.72894688007,1,0,1,0,0,0,1,0,0
31,23,2,2,4,2,2,3,5582,0,9,0,7,1,7,2.67,69047.72894688007,12784,63465.72894688007,0,0,1,0,0,0,1,0,0
21,13,1,2,5,4,2,1,14338,3,27,7,9,1,16,3.67,69047.72894688007,12784,54709.72894688007,0,0,0,0,1,0,0,1,0
50,47,1,4,4,1,2,2,16130,4,21,9,1,0,10,2.33,69047.72894688007,12784,52917.72894688007,1,0,0,0,1,0,0,1,0
26,24,3,2,5,2,2,3,13744,2,12,11,6,1,17,3.0,69047.72894688007,12784,55303.72894688007,0,1,0,0,1,0,0,1,0
38,49,2,1,3,2,2,4,19418,2,5,5,9,1,14,2.33,102997.714045,2542,83579.714045,1,0,1,0,1,1,0,0,0
28,20,3,2,2,4,1,2,19530,1,28,12,6,1,18,2.33,69047.72894688007,12784,49517.72894688007,0,0,0,0,1,0,0,1,0
57,11,2,3,1,3,4,2,14806,2,29,3,6,1,9,2.67,69047.72894688007,12784,54241.72894688007,0,1,0,0,1,0,0,1,0
38,46,4,2,1,2,3,3,3743,2,26,11,4,1,15,2.0,69047.72894688007,12784,65304.72894688007,0,1,0,0,0,0,0,1,1
34,18,2,4,1,3,2,1,19753,2,29,6,8,1,14,2.0,69047.72894688007,12784,49294.72894688007,0,0,1,0,1,0,0,1,0
31,29,4,4,2,3,1,1,8214,4,20,1,2,0,3,2.0,69047.72894688007,12784,60833.72894688007,1,0,0,1,0,0,0,1,1
33,46,1,2,3,3,2,3,6796,3,11,11,6,1,17,2.67,69047.72894688007,12784,62251.72894688007,1,1,0,0,0,0,0,1,0
58,49,3,5,3,3,3,3,16088,1,1,11,4,1,15,3.0,69047.72894688007,12784,52959.72894688007,1,1,0,0,1,0,0,0,0
50,30,2,5,4,3,4,1,8339,3,18,9,6,1,15,3.67,102997.714045,2542,94658.714045,1,1,0,1,0,0,0,1,0
22,14,2,4,3,1,4,1,14040,4,24,1,5,1,6,2.67,69047.72894688007,12784,55007.72894688007,1,0,1,0,1,0,0,1,1
36,42,3,5,4,4,4,2,13601,2,8,7,4,1,11,4.0,69047.72894688007,12784,55446.72894688007,1,1,0,1,0,0,1,0,0
48,29,3,4,1,3,2,1,3298,3,15,14,6,1,20,2.0,69047.72894688007,12784,65749.72894688007,1,0,1,0,0,0,0,1,0
58,5,2,4,4,2,1,2,6894,1,13,2,6,1,8,2.33,102997.714045,2542,96103.714045,1,1,0,0,0,0,0,1,0
23,1,4,4,5,4,4,4,13663,2,18,6,2,0,8,4.33,69047.72894688007,12784,55384.72894688007,0,0,0,1,0,0,0,1,0
44,23,3,5,5,3,1,1,9609,4,2,7,8,1,15,3.0,102997.714045,2542,93388.714045,1,0,1,1,0,0,0,0,0
49,28,1,4,5,2,3,2,14333,4,19,12,7,1,19,3.33,102997.714045,2542,88664.714045,0,0,0,0,1,0,0,1,0
40,2,3,2,2,4,3,3,5715,7,5,4,1,0,5,3.0,91683.75438596492,139,85968.75438596492,0,0,0,0,0,1,0,0,0
53,40,3,4,5,4,4,3,3417,3,7,10,7,1,17,4.33,69047.72894688007,12784,65630.72894688007,0,0,1,0,0,0,1,0,1
28,36,4,3,3,2,4,4,15432,1,14,13,8,1,21,3.0,69047.72894688007,12784,53615.72894688007,0,1,0,0,1,0,0,1,0
36,12,1,2,3,4,2,4,11704,3,28,12,0,0,12,3.0,102997.714045,2542,91293.714045,0,1,0,1,0,0,0,1,0
29,24,4,1,1,3,4,3,1091,1,1,0,0,0,0,2.67,69047.72894688007,12784,67956.72894688007,0,1,0,0,0,0,0,0,1
20,13,4,3,5,1,4,1,18988,1,15,11,8,1,19,3.33,102997.714045,2542,84009.714045,1,1,0,0,1,0,0,1,0
57,36,1,5,4,3,3,2,12660,1,23,2,8,1,10,3.33,69047.72894688007,12784,56387.72894688007,0,0,1,1,0,0,0,1,0
54,2,2,5,2,1,2,1,13811,2,1,4,7,1,11,1.67,102997.714045,2542,89186.714045,0,0,1,0,1,0,0,0,0
44,29,2,1,3,1,3,2,17119,4,11,2,4,1,6,2.33,102997.714045,2542,85878.714045,0,0,0,0,1,0,0,1,0
21,32,4,2,2,1,1,3,17738,2,7,10,0,0,10,1.33,69047.72894688007,12784,51309.72894688007,1,0,1,0,1,0,1,0,0
37,37,2,3,5,2,4,3,14060,1,3,11,3,1,14,3.67,69047.72894688007,12784,54987.72894688007,0,0,0,0,1,1,0,0,0
41,34,3,5,2,2,4,1,9508,1,10,1,1,0,2,2.67,69047.72894688007,12784,59539.72894688007,1,0,0,1,0,0,1,0,0
46,34,1,4,2,1,4,3,5926,2,5,5,9,1,14,2.33,69047.72894688007,12784,63121.72894688007,0,0,0,0,0,1,0,0,0
32,13,3,1,5,3,3,4,6357,4,4,10,6,1,16,3.67,69047.72894688007,12784,62690.72894688007,1,1,0,0,0,1,0,0,0
29,16,3,3,4,1,1,4,8816,1,13,12,7,1,19,2.0,102997.714045,2542,94181.714045,1,0,1,1,0,0,0,1,0
56,42,1,5,5,3,2,2,4978,4,15,1,6,1,7,3.33,69047.72894688007,12784,64069.72894688007,0,1,0,0,0,0,0,1,0
49,19,2,3,1,4,3,3,14325,2,1,3,1,0,4,2.67,69047.72894688007,12784,54722.72894688007,0,0,1,0,1,0,0,0,0
39,23,3,1,1,1,3,1,8648,1,20,13,6,1,19,1.67,69047.72894688007,12784,60399.72894688007,0,0,1,1,0,0,0,1,0
43,16,3,4,2,3,1,1,8106,1,26,11,3,1,14,2.0,69047.72894688007,12784,60941.72894688007,1,0,0,1,0,0,0,1,1
20,34,2,3,2,2,2,2,14730,4,17,12,5,1,17,2.0,69047.72894688007,12784,54317.72894688007,0,1,0,0,1,0,0,1,0
23,10,4,1,3,1,4,3,3505,1,2,2,0,0,2,2.67,89817.88593023256,119,86312.88593023256,0,1,0,0,0,0,0,0,0
44,12,1,2,4,1,3,2,4975,4,7,8,9,1,17,2.67,69047.72894688007,12784,64072.72894688007,0,0,1,0,0,0,1,0,0
47,45,4,2,4,4,1,3,10894,2,13,8,8,1,16,3.0,69047.72894688007,12784,58153.72894688007,1,1,0,1,0,0,0,1,0
20,46,3,2,1,4,2,2,7502,1,29,9,1,0,10,2.33,69047.72894688007,12784,61545.72894688007,1,0,1,0,0,0,0,1,0
48,41,1,5,3,4,1,4,6432,4,20,2,2,0,4,2.67,69047.72894688007,12784,62615.72894688007,1,1,0,0,0,0,0,1,0
32,27,1,5,1,3,4,4,5147,2,22,7,0,0,7,2.67,69047.72894688007,12784,63900.72894688007,0,0,0,0,0,0,0,1,0
36,24,3,3,4,1,3,1,16411,2,4,13,4,1,17,2.67,69047.72894688007,12784,52636.72894688007,1,0,1,0,1,1,0,0,0
58,27,1,3,5,3,4,1,12171,4,12,4,5,1,9,4.0,69047.72894688007,12784,56876.72894688007,1,1,0,1,0,0,0,1,0
54,43,2,1,4,1,4,1,10607,1,10,2,9,1,11,3.0,69047.72894688007,12784,58440.72894688007,0,0,0,1,0,0,1,0,0
55,33,1,5,1,1,3,1,8014,3,23,6,7,1,13,1.67,102997.714045,2542,94983.714045,1,0,0,1,0,0,0,1,0
29,6,2,3,4,1,2,1,9290,3,23,4,6,1,10,2.33,102997.714045,2542,93707.714045,0,0,1,1,0,0,0,1,0
44,17,2,5,1,2,4,2,6698,3,24,12,2,0,14,2.33,69047.72894688007,12784,62349.72894688007,1,0,1,0,0,0,0,1,1
42,18,3,2,1,4,3,2,5410,6,4,3,1,0,4,2.67,89817.88593023256,119,84407.88593023256,1,0,0,0,0,1,0,0,0
37,3,2,1,3,1,3,2,16506,4,26,8,7,1,15,2.33,69047.72894688007,12784,52541.72894688007,1,1,0,0,1,0,0,1,0
54,25,3,5,3,3,3,4,19278,4,22,10,8,1,18,3.0,69047.72894688007,12784,49769.72894688007,0,1,0,0,1,0,0,1,0
25,21,1,1,2,4,2,2,3069,4,8,7,8,1,15,2.67,102997.714045,2542,99928.714045,1,1,0,0,0,0,1,0,1
39,3,4,3,2,2,3,4,6603,4,1,2,5,1,7,2.33,69047.72894688007,12784,62444.72894688007,1,0,1,0,0,0,0,0,1
35,19,1,3,4,3,1,2,19936,2,7,5,8,1,13,2.67,69047.72894688007,12784,49111.72894688007,1,1,0,0,1,0,1,0,1
29,22,3,1,4,4,1,3,12862,1,20,10,9,1,19,3.0,69047.72894688007,12784,56185.72894688007,1,1,0,1,0,0,0,1,1
54,26,4,4,4,4,3,3,17328,2,5,3,4,1,7,3.67,102997.714045,2542,85669.714045,1,1,0,0,1,1,0,0,0
43,8,4,3,5,4,4,1,18888,1,1,13,8,1,21,4.33,102997.714045,2542,84109.714045,0,1,0,0,1,0,0,0,0
48,25,2,4,1,4,2,4,17744,3,14,3,2,0,5,2.33,102997.714045,2542,85253.714045,1,0,1,0,1,0,0,1,0
46,32,3,2,4,3,4,4,15297,2,24,5,6,1,11,3.67,69047.72894688007,12784,53750.72894688007,1,0,1,0,1,0,0,1,0
28,38,2,4,4,1,3,4,7915,2,13,13,8,1,21,2.67,69047.72894688007,12784,61132.72894688007,1,1,0,1,0,0,0,1,0
56,49,2,4,4,2,3,4,8208,1,17,2,9,1,11,3.0,69047.72894688007,12784,60839.72894688007,0,1,0,1,0,0,0,1,0
47,1,2,4,4,1,4,1,7114,1,29,1,2,0,3,3.0,69047.72894688007,12784,61933.72894688007,0,0,1,0,0,0,0,1,0
49,32,1,1,2,2,2,1,15647,4,7,11,2,0,13,2.0,69047.72894688007,12784,53400.72894688007,1,0,0,0,1,0,1,0,0
25,41,2,5,3,4,1,4,14419,3,18,3,9,1,12,2.67,69047.72894688007,12784,54628.72894688007,0,0,1,0,1,0,0,1,0
58,39,4,5,1,4,1,1,12605,2,27,11,6,1,17,2.0,69047.72894688007,12784,56442.72894688007,0,1,0,1,0,0,0,1,0
52,22,4,2,1,4,4,3,17138,1,28,9,2,0,11,3.0,69047.72894688007,12784,51909.72894688007,1,1,0,0,1,0,0,1,0
46,18,3,3,3,1,4,2,10527,5,2,2,1,0,3,2.67,69047.72894688007,12784,58520.72894688007,0,0,1,1,0,0,0,0,0
46,18,1,5,4,3,4,1,8956,3,1,3,2,0,5,3.67,69047.72894688007,12784,60091.72894688007,0,0,1,1,0,0,0,0,0
42,2,1,4,4,1,4,2,13578,2,25,5,6,1,11,3.0,69047.72894688007,12784,55469.72894688007,1,0,1,1,0,0,0,1,0
30,16,2,5,3,3,3,3,6713,3,16,13,2,0,15,3.0,102997.714045,2542,96284.714045,0,0,0,0,0,0,0,1,0
27,26,2,3,1,3,2,2,14542,3,22,2,2,0,4,2.0,102997.714045,2542,88455.714045,1,1,0,0,1,0,0,1,0
51,7,3,3,4,4,2,2,13745,3,12,3,8,1,11,3.33,69047.72894688007,12784,55302.72894688007,1,0,0,0,1,0,0,1,0
52,18,1,4,1,4,3,4,10773,3,27,13,1,0,14,2.67,69047.72894688007,12784,58274.72894688007,0,0,1,1,0,0,0,1,0
33,30,1,4,5,4,2,2,4205,2,12,7,2,0,9,3.67,102997.714045,2542,98792.714045,0,1,0,0,0,0,0,1,0
31,45,1,5,3,1,3,1,10202,2,23,12,8,1,20,2.33,102997.714045,2542,92795.714045,0,0,0,1,0,0,0,1,0
36,20,4,4,1,2,1,3,5620,3,21,3,1,0,4,1.33,69047.72894688007,12784,63427.72894688007,1,0,1,0,0,0,0,1,0
47,2,3,2,2,3,4,1,4978,7,1,0,0,0,0,3.0,91683.75438596492,139,86705.75438596492,0,0,1,0,0,0,0,0,0
53,42,1,4,5,2,3,3,14011,3,9,8,5,1,13,3.33,102997.714045,2542,88986.714045,1,1,0,0,1,0,1,0,1
28,15,4,2,3,1,4,3,4194,4,18,1,0,0,1,2.67,69047.72894688007,12784,64853.72894688007,0,0,0,0,0,0,0,1,0
25,11,2,2,2,1,1,4,5003,1,10,5,3,1,8,1.33,69047.72894688007,12784,64044.72894688007,0,0,0,0,0,0,1,0,1
20,45,4,3,3,4,4,3,9335,3,12,7,8,1,15,3.67,69047.72894688007,12784,59712.72894688007,1,0,0,1,0,0,0,1,0
36,36,1,2,5,4,4,1,18447,4,15,2,4,1,6,4.33,102997.714045,2542,84550.714045,0,0,1,0,1,0,0,1,0
26,23,4,3,1,1,2,3,6642,2,19,6,1,0,7,1.33,69047.72894688007,12784,62405.72894688007,1,0,0,0,0,0,0,1,0
52,26,3,4,4,1,4,2,13161,1,12,10,5,1,15,3.0,69047.72894688007,12784,55886.72894688007,1,1,0,1,0,0,0,1,0
31,27,3,3,2,2,3,1,19333,2,29,8,8,1,16,2.33,102997.714045,2542,83664.714045,1,0,0,0,1,0,0,1,0
28,37,1,5,5,3,4,2,9767,1,15,1,8,1,9,4.0,69047.72894688007,12784,59280.72894688007,1,0,1,1,0,0,0,1,1
39,14,3,5,5,4,4,4,9019,2,2,11,4,1,15,4.33,69047.72894688007,12784,60028.72894688007,0,1,0,1,0,0,0,0,0
42,28,2,5,4,1,3,1,17489,2,4,12,3,1,15,2.67,69047.72894688007,12784,51558.72894688007,0,0,0,0,1,1,0,0,0
39,24,1,1,2,3,1,2,9673,4,23,8,8,1,16,2.0,69047.72894688007,12784,59374.72894688007,1,1,0,1,0,0,0,1,0
52,1,1,4,5,1,4,1,17569,2,3,2,8,1,10,3.33,69047.72894688007,12784,51478.72894688007,1,1,0,0,1,1,0,0,0
21,37,1,1,5,1,3,2,15512,4,19,11,4,1,15,3.0,102997.714045,2542,87485.714045,0,1,0,0,1,0,0,1,0
26,28,2,4,5,2,1,4,3083,2,15,7,8,1,15,2.67,69047.72894688007,12784,65964.72894688007,1,0,0,0,0,0,0,1,0
39,12,3,2,2,4,3,3,5295,4,5,4,1,0,5,3.0,69047.72894688007,12784,63752.72894688007,0,0,1,0,0,1,0,0,0
25,32,3,5,2,3,4,3,15842,3,4,1,0,0,1,3.0,69047.72894688007,12784,53205.72894688007,1,0,0,0,1,1,0,0,0
34,31,1,3,4,2,3,4,16335,2,17,2,5,1,7,3.0,69047.72894688007,12784,52712.72894688007,0,0,0,0,1,0,0,1,0
55,7,1,5,3,1,4,1,9943,1,25,3,5,1,8,2.67,102997.714045,2542,93054.714045,1,0,1,1,0,0,0,1,1
31,4,4,2,2,3,3,2,5210,1,22,8,5,1,13,2.67,102997.714045,2542,97787.714045,0,1,0,0,0,0,0,1,1
23,12,1,1,5,4,3,2,13050,2,21,11,0,0,11,4.0,69047.72894688007,12784,55997.72894688007,1,0,1,1,0,0,0,1,1
26,1,2,4,1,2,3,3,8740,1,1,10,8,1,18,2.0,69047.72894688007,12784,60307.72894688007,1,1,0,1,0,0,0,0,0
29,17,2,3,3,1,2,2,3472,1,6,3,7,1,10,2.0,69047.72894688007,12784,65575.72894688007,1,1,0,0,0,0,1,0,0
23,47,1,1,1,3,2,4,4418,1,7,11,1,0,12,2.0,69047.72894688007,12784,64629.72894688007,1,0,0,0,0,0,1,0,0
24,40,4,4,3,2,1,3,11343,1,24,2,8,1,10,2.0,69047.72894688007,12784,57704.72894688007,1,1,0,1,0,0,0,1,1
28,3,2,2,5,3,1,3,18665,1,1,5,0,0,5,3.0,69047.72894688007,12784,50382.72894688007,0,0,0,0,1,0,0,0,0
49,29,3,5,3,3,4,4,12569,1,14,1,9,1,10,3.33,69047.72894688007,12784,56478.72894688007,0,1,0,1,0,0,0,1,0
35,5,4,5,3,2,1,1,14988,3,16,12,2,0,14,2.0,69047.72894688007,12784,54059.72894688007,0,0,0,0,1,0,0,1,0
57,46,4,4,5,4,3,1,18898,4,24,3,2,0,5,4.0,69047.72894688007,12784,50149.72894688007,0,1,0,0,1,0,0,1,0
52,36,3,1,3,1,2,3,14632,3,7,10,7,1,17,2.0,69047.72894688007,12784,54415.72894688007,1,1,0,0,1,0,1,0,0
37,23,1,3,4,3,1,3,10456,2,20,2,8,1,10,2.67,69047.72894688007,12784,58591.72894688007,0,1,0,1,0,0,0,1,0
38,39,2,5,2,1,4,4,4478,3,5,5,0,0,5,2.33,69047.72894688007,12784,64569.72894688007,0,0,1,0,0,1,0,0,0
30,4,3,1,4,3,3,3,2285,9,1,0,0,0,0,3.33,89817.88593023256,119,87532.88593023256,1,1,0,0,0,0,0,0,1
35,22,3,1,1,3,2,2,7862,2,11,8,0,0,8,2.0,69047.72894688007,12784,61185.72894688007,1,1,0,1,0,0,0,1,1
52,11,1,4,5,4,2,2,13817,3,19,7,5,1,12,3.67,69047.72894688007,12784,55230.72894688007,1,0,0,0,1,0,0,1,0
30,16,3,5,4,1,3,4,13519,4,1,7,1,0,8,2.67,102997.714045,2542,89478.714045,0,0,0,1,0,0,0,0,0
32,6,2,1,3,4,4,1,6174,3,4,1,9,1,10,3.67,69047.72894688007,12784,62873.72894688007,0,0,0,0,0,1,0,0,1
31,17,4,1,5,1,2,2,16001,4,22,7,8,1,15,2.67,69047.72894688007,12784,53046.72894688007,1,0,1,0,1,0,0,1,1
32,38,3,3,2,3,1,3,6267,1,12,2,1,0,3,2.0,69047.72894688007,12784,62780.72894688007,0,0,1,0,0,0,0,1,0
40,17,2,1,2,1,1,4,12903,2,15,6,9,1,15,1.33,69047.72894688007,12784,56144.72894688007,1,0,0,1,0,0,0,1,0
46,49,3,4,4,4,3,4,4502,1,12,14,4,1,18,3.67,102997.714045,2542,98495.714045,1,0,1,0,0,0,0,1,0
55,19,1,2,5,1,3,1,15189,3,1,2,1,0,3,3.0,69047.72894688007,12784,53858.72894688007,0,1,0,0,1,0,0,0,1
40,25,4,2,1,1,2,1,13443,2,5,13,9,1,22,1.33,102997.714045,2542,89554.714045,0,1,0,1,0,1,0,0,0
48,40,2,3,5,3,4,3,9874,3,5,14,8,1,22,4.0,69047.72894688007,12784,59173.72894688007,1,0,0,1,0,1,0,0,0
37,32,3,1,5,3,4,2,13213,2,23,1,6,1,7,4.0,69047.72894688007,12784,55834.72894688007,1,1,0,1,0,0,0,1,0
29,4,2,5,5,3,1,3,19043,3,7,12,6,1,18,3.0,69047.72894688007,12784,50004.72894688007,0,1,0,0,1,0,1,0,0
35,12,2,5,4,2,1,1,4138,4,3,6,1,0,7,2.33,69047.72894688007,12784,64909.72894688007,0,1,0,0,0,1,0,0,0
22,11,3,1,2,1,4,3,2244,1,2,1,1,0,2,2.33,89817.88593023256,119,87573.88593023256,0,0,1,0,0,0,0,0,0
32,41,3,3,4,1,2,1,10525,3,29,3,1,0,4,2.33,102997.714045,2542,92472.714045,1,1,0,1,0,0,0,1,0
33,8,4,1,1,4,2,3,3143,6,10,8,7,1,15,2.33,89817.88593023256,119,86674.88593023256,0,0,1,0,0,0,1,0,0
40,8,4,3,5,3,1,4,5744,3,17,1,2,0,3,3.0,69047.72894688007,12784,63303.72894688007,0,1,0,0,0,0,0,1,0
43,42,4,4,5,3,3,2,4364,1,22,12,1,0,13,3.67,69047.72894688007,12784,64683.72894688007,0,1,0,0,0,0,0,1,0
32,41,3,4,5,1,4,3,7566,1,3,2,3,1,5,3.33,102997.714045,2542,95431.714045,0,0,1,0,0,1,0,0,0
26,6,1,5,4,2,2,2,15954,4,21,9,0,0,9,2.67,69047.72894688007,12784,53093.72894688007,1,0,0,0,1,0,0,1,0
25,46,3,1,3,3,4,4,3280,1,17,5,7,1,12,3.33,69047.72894688007,12784,65767.72894688007,1,0,1,0,0,0,0,1,0
43,8,4,3,3,1,3,3,11475,3,27,12,6,1,18,2.33,102997.714045,2542,91522.714045,1,0,1,1,0,0,0,1,1
27,9,4,1,2,1,2,4,11798,1,26,8,3,1,11,1.67,69047.72894688007,12784,57249.72894688007,1,0,0,1,0,0,0,1,0
38,15,3,5,5,4,1,4,4450,1,4,3,7,1,10,3.33,69047.72894688007,12784,64597.72894688007,0,1,0,0,0,1,0,0,1
47,21,2,2,1,4,1,1,6945,2,15,2,2,0,4,2.0,69047.72894688007,12784,62102.72894688007,1,0,1,0,0,0,0,1,0
37,48,1,4,4,3,3,2,9988,3,20,7,1,0,8,3.33,69047.72894688007,12784,59059.72894688007,1,1,0,1,0,0,0,1,0
34,34,3,2,1,3,4,3,12368,2,8,4,0,0,4,2.67,102997.714045,2542,90629.714045,1,0,1,1,0,0,1,0,0
26,25,3,2,2,1,3,4,12621,1,1,8,9,1,17,2.0,69047.72894688007,12784,56426.72894688007,1,0,1,1,0,0,0,0,0
37,1,4,4,1,4,2,4,16310,2,15,14,2,0,16,2.33,69047.72894688007,12784,52737.72894688007,1,0,0,0,1,0,0,1,0
19,9,3,1,1,3,3,3,2552,1,1,1,0,0,1,2.33,89817.88593023256,119,87265.88593023256,0,1,0,0,0,0,0,0,0
42,30,1,5,2,3,2,3,5471,2,20,1,7,1,8,2.33,69047.72894688007,12784,63576.72894688007,0,1,0,0,0,0,0,1,0
55,21,2,4,2,4,2,1,5440,4,17,9,5,1,14,2.67,69047.72894688007,12784,63607.72894688007,0,0,1,0,0,0,0,1,0
37,46,2,4,3,2,2,2,16778,4,5,11,3,1,14,2.33,69047.72894688007,12784,52269.72894688007,1,1,0,0,1,1,0,0,0
42,33,1,5,5,3,4,2,13149,3,22,2,0,0,2,4.0,69047.72894688007,12784,55898.72894688007,1,0,0,1,0,0,0,1,0
30,20,2,4,3,4,2,3,14100,1,2,8,7,1,15,3.0,69047.72894688007,12784,54947.72894688007,0,0,0,0,1,0,0,0,0
59,10,1,3,1,3,2,3,14988,1,28,10,4,1,14,2.0,69047.72894688007,12784,54059.72894688007,0,1,0,0,1,0,0,1,1
35,37,4,1,2,4,1,4,4459,3,18,3,8,1,11,2.33,69047.72894688007,12784,64588.72894688007,0,1,0,0,0,0,0,1,0
50,32,3,5,3,4,4,2,15570,4,3,10,4,1,14,3.67,69047.72894688007,12784,53477.72894688007,1,0,0,0,1,1,0,0,0
34,44,3,2,1,1,2,1,10849,1,10,11,4,1,15,1.33,69047.72894688007,12784,58198.72894688007,0,1,0,1,0,0,1,0,0
38,22,3,1,5,4,2,3,6992,1,9,3,0,0,3,3.67,102997.714045,2542,96005.714045,0,0,0,0,0,0,1,0,0
49,16,3,1,1,4,2,2,2587,4,2,2,2,0,4,2.33,17372.83423076923,33,14785.83423076923,1,0,0,0,0,0,0,0,0
48,40,2,2,2,4,3,3,15784,4,9,13,5,1,18,3.0,69047.72894688007,12784,53263.72894688007,0,0,0,0,1,0,1,0,1
40,9,2,2,4,4,4,1,4876,9,3,2,0,0,2,4.0,69047.72894688007,12784,64171.72894688007,0,0,1,0,0,1,0,0,0
33,7,3,3,3,3,4,4,11691,0,13,9,3,1,12,3.33,69047.72894688007,12784,57356.72894688007,0,0,1,1,0,0,0,1,0
24,42,4,5,4,4,1,3,18472,2,10,9,0,0,9,3.0,69047.72894688007,12784,50575.72894688007,1,1,0,0,1,0,1,0,0
23,7,3,1,4,3,2,3,2275,1,3,2,0,0,2,3.0,69047.72894688007,12784,66772.72894688007,1,0,0,0,0,1,0,0,1
48,1,2,3,3,1,4,3,5381,9,1,0,0,0,0,2.67,17372.83423076923,33,11991.83423076923,1,1,0,0,0,0,0,0,1
45,12,2,1,3,1,4,3,6684,1,21,12,4,1,16,2.67,69047.72894688007,12784,62363.72894688007,0,0,0,0,0,0,0,1,0
44,42,4,5,4,4,4,2,16581,4,2,6,1,0,7,4.0,102997.714045,2542,86416.714045,0,0,1,0,1,0,0,0,1
36,28,3,4,5,1,2,4,19496,2,23,11,3,1,14,2.67,69047.72894688007,12784,49551.72894688007,1,0,0,0,1,0,0,1,1
45,43,2,2,2,3,3,3,14116,3,25,7,0,0,7,2.67,102997.714045,2542,88881.714045,1,0,0,0,1,0,0,1,0
52,12,1,2,1,4,4,1,19983,1,13,6,0,0,6,3.0,69047.72894688007,12784,49064.72894688007,0,1,0,0,1,0,0,1,1
55,37,4,1,3,2,4,3,9583,4,22,3,7,1,10,3.0,69047.72894688007,12784,59464.72894688007,0,0,1,1,0,0,0,1,0
34,17,4,1,1,4,4,3,10661,3,25,13,0,0,13,3.0,102997.714045,2542,92336.714045,0,1,0,1,0,0,0,1,0
35,10,1,4,1,2,3,4,19211,2,23,12,4,1,16,2.0,69047.72894688007,12784,49836.72894688007,1,0,1,0,1,0,0,1,0
34,18,4,5,1,3,4,1,3108,2,25,5,4,1,9,2.67,69047.72894688007,12784,65939.72894688007,0,0,1,0,0,0,0,1,0
29,4,1,5,4,2,1,1,9947,2,26,11,3,1,14,2.33,69047.72894688007,12784,59100.72894688007,1,0,1,1,0,0,0,1,1
26,12,4,1,5,2,1,4,15379,4,12,9,5,1,14,2.67,69047.72894688007,12784,53668.72894688007,1,0,1,0,1,0,0,1,0
40,37,1,2,1,1,1,3,7187,3,23,11,4,1,15,1.0,69047.72894688007,12784,61860.72894688007,1,1,0,0,0,0,0,1,0
56,42,1,3,5,3,4,1,8194,1,11,9,6,1,15,4.0,69047.72894688007,12784,60853.72894688007,0,1,0,1,0,0,0,1,1
49,47,4,3,2,3,4,3,5836,4,19,8,3,1,11,3.0,69047.72894688007,12784,63211.72894688007,1,0,0,0,0,0,0,1,1
47,23,1,2,5,3,1,4,16336,2,21,5,5,1,10,3.0,69047.72894688007,12784,52711.72894688007,1,0,0,0,1,0,0,1,0
35,16,3,3,3,4,3,3,7632,4,8,7,0,0,7,3.33,69047.72894688007,12784,61415.72894688007,1,0,1,1,0,0,1,0,0
46,11,3,5,3,3,2,1,4777,2,11,2,3,1,5,2.67,102997.714045,2542,98220.714045,0,1,0,0,0,0,0,1,0
30,1,2,2,4,4,3,2,5126,1,10,8,3,1,11,3.67,17372.83423076923,33,12246.83423076923,1,0,1,0,0,0,1,0,0
31,26,1,1,1,2,1,4,8016,1,21,14,6,1,20,1.33,102997.714045,2542,94981.714045,1,0,1,1,0,0,0,1,0
26,1,4,3,2,3,4,3,19130,4,27,12,9,1,21,3.0,102997.714045,2542,83867.714045,1,0,0,0,1,0,0,1,1
29,33,2,5,5,1,1,1,11455,4,20,3,4,1,7,2.33,102997.714045,2542,91542.714045,0,0,0,1,0,0,0,1,0
41,49,4,5,4,4,2,4,9596,4,2,8,7,1,15,3.33,69047.72894688007,12784,59451.72894688007,1,0,0,1,0,0,0,0,0
29,41,4,2,4,2,1,2,16383,2,4,8,9,1,17,2.33,69047.72894688007,12784,52664.72894688007,0,1,0,0,1,1,0,0,0
42,2,2,2,2,1,2,3,13485,2,9,2,2,0,4,1.67,69047.72894688007,12784,55562.72894688007,0,1,0,1,0,0,1,0,0
31,48,3,5,1,3,2,1,15244,2,20,6,6,1,12,2.0,69047.72894688007,12784,53803.72894688007,0,1,0,0,1,0,0,1,0
47,46,3,5,3,4,3,3,8127,1,27,3,5,1,8,3.33,69047.72894688007,12784,60920.72894688007,1,1,0,1,0,0,0,1,0
32,42,4,5,3,2,3,2,8077,3,29,14,3,1,17,2.67,69047.72894688007,12784,60970.72894688007,1,0,1,1,0,0,0,1,0
30,29,3,1,3,4,2,4,10164,1,25,11,9,1,20,3.0,69047.72894688007,12784,58883.72894688007,0,0,1,1,0,0,0,1,1
40,13,4,5,1,1,1,2,5532,3,23,2,6,1,8,1.0,69047.72894688007,12784,63515.72894688007,1,0,1,0,0,0,0,1,0
31,22,2,2,4,2,3,3,9111,3,7,5,1,0,6,3.0,69047.72894688007,12784,59936.72894688007,1,0,0,1,0,0,1,0,0
52,10,3,4,1,4,2,4,18919,1,14,8,1,0,9,2.33,69047.72894688007,12784,50128.72894688007,0,0,1,0,1,0,0,1,0
54,13,3,1,4,3,3,3,17261,4,11,12,0,0,12,3.33,102997.714045,2542,85736.714045,0,0,1,0,1,0,0,1,1
31,46,1,3,3,2,1,1,9772,4,10,12,0,0,12,2.0,69047.72894688007,12784,59275.72894688007,0,0,1,1,0,0,1,0,0
54,27,1,3,4,2,1,3,12288,1,23,11,8,1,19,2.33,69047.72894688007,12784,56759.72894688007,1,0,0,1,0,0,0,1,0
27,12,2,5,2,3,1,1,10312,2,8,11,7,1,18,2.0,69047.72894688007,12784,58735.72894688007,1,1,0,1,0,0,1,0,0
40,35,1,5,3,4,1,1,7937,4,19,3,5,1,8,2.67,69047.72894688007,12784,61110.72894688007,1,0,1,1,0,0,0,1,0
37,8,3,2,5,1,4,4,13999,2,18,5,1,0,6,3.33,69047.72894688007,12784,55048.72894688007,1,1,0,0,1,0,0,1,0
36,1,3,2,4,2,4,2,6201,1,18,14,4,1,18,3.33,91683.75438596492,139,85482.75438596492,1,0,1,0,0,0,0,1,0
45,3,3,2,1,2,2,4,4186,4,20,11,5,1,16,1.67,69047.72894688007,12784,64861.72894688007,1,0,0,0,0,0,0,1,1
42,21,1,3,3,2,1,2,5983,1,19,4,0,0,4,2.0,69047.72894688007,12784,63064.72894688007,0,0,0,0,0,0,0,1,1
38,3,3,1,3,3,1,3,2821,3,2,2,2,0,4,2.33,89817.88593023256,119,86996.88593023256,0,0,1,0,0,0,0,0,0
35,26,3,1,5,3,2,4,5206,4,14,14,5,1,19,3.33,69047.72894688007,12784,63841.72894688007,0,1,0,0,0,0,0,1,0
34,6,2,2,2,3,3,3,4505,6,1,0,0,0,0,2.67,89817.88593023256,119,85312.88593023256,0,0,0,0,0,0,0,0,0
51,23,4,2,1,1,2,1,7805,2,20,1,3,1,4,1.33,69047.72894688007,12784,61242.72894688007,1,1,0,1,0,0,0,1,0
30,1,3,2,4,3,4,3,4011,1,12,8,3,1,11,3.67,17372.83423076923,33,13361.83423076923,0,1,0,0,0,0,0,1,0
23,12,1,1,3,4,1,4,19490,3,14,3,3,1,6,2.67,69047.72894688007,12784,49557.72894688007,0,0,0,0,1,0,0,1,0
31,38,4,5,3,2,3,3,5369,4,10,4,6,1,10,2.67,69047.72894688007,12784,63678.72894688007,0,0,0,0,0,0,1,0,0
48,16,4,5,5,4,1,1,5480,2,17,10,2,0,12,3.33,69047.72894688007,12784,63567.72894688007,1,0,0,0,0,0,0,1,0
37,12,2,3,2,4,4,1,8896,3,21,5,1,0,6,3.33,69047.72894688007,12784,60151.72894688007,0,0,0,1,0,0,0,1,0
39,19,1,4,3,1,4,4,14238,1,12,14,1,0,15,2.67,69047.72894688007,12784,54809.72894688007,1,1,0,0,1,0,0,1,0
51,25,1,3,5,2,3,3,17226,1,27,1,6,1,7,3.33,69047.72894688007,12784,51821.72894688007,0,0,1,0,1,0,0,1,0
49,46,2,3,4,2,2,3,5317,3,13,1,3,1,4,2.67,69047.72894688007,12784,63730.72894688007,0,1,0,0,0,0,0,1,1
35,1,2,1,3,4,2,3,2258,6,8,0,1,0,1,3.0,17372.83423076923,33,15114.83423076923,0,0,1,0,0,0,1,0,0
30,22,1,3,1,3,2,1,19441,1,2,13,1,0,14,2.0,102997.714045,2542,83556.714045,1,0,0,0,1,0,0,0,0
21,31,2,4,1,3,2,2,6325,2,21,10,2,0,12,2.0,69047.72894688007,12784,62722.72894688007,0,1,0,0,0,0,0,1,0
21,18,4,4,3,1,4,2,9794,3,15,9,1,0,10,2.67,102997.714045,2542,93203.714045,0,0,1,1,0,0,0,1,0
32,31,4,1,2,4,3,1,18153,1,23,8,9,1,17,3.0,102997.714045,2542,84844.714045,1,0,0,0,1,0,0,1,1
58,1,4,5,2,2,4,4,19142,3,22,10,8,1,18,2.67,69047.72894688007,12784,49905.72894688007,0,0,1,0,1,0,0,1,0
43,38,1,1,1,2,3,4,11593,1,20,8,6,1,14,2.0,69047.72894688007,12784,57454.72894688007,0,1,0,1,0,0,0,1,1
20,38,4,2,5,3,4,2,14086,1,4,8,4,1,12,4.0,69047.72894688007,12784,54961.72894688007,0,1,0,0,1,1,0,0,0
50,46,1,5,2,1,3,4,15259,2,15,6,0,0,6,2.0,69047.72894688007,12784,53788.72894688007,0,0,0,0,1,0,0,1,0
49,19,3,1,5,1,1,3,14551,1,28,1,3,1,4,2.33,69047.72894688007,12784,54496.72894688007,0,0,1,0,1,0,0,1,1
26,37,3,4,3,3,1,2,19777,3,4,4,1,0,5,2.33,102997.714045,2542,83220.714045,1,0,0,0,1,1,0,0,0
59,35,1,1,1,1,4,3,18986,3,8,7,1,0,8,2.0,69047.72894688007,12784,50061.72894688007,1,0,0,0,1,0,1,0,1
29,6,2,1,2,4,4,3,2804,1,1,0,0,0,0,3.33,61845.10984536083,269,59041.10984536083,0,0,1,0,0,0,0,0,0
30,11,4,2,3,3,2,3,15119,2,11,5,4,1,9,2.67,69047.72894688007,12784,53928.72894688007,1,0,1,0,1,0,0,1,0
20,11,3,2,2,1,1,3,6657,3,21,3,6,1,9,1.33,69047.72894688007,12784,62390.72894688007,1,0,0,0,0,0,0,1,1
30,6,3,3,3,2,4,2,11742,3,14,7,8,1,15,3.0,69047.72894688007,12784,57305.72894688007,1,1,0,1,0,0,0,1,1
23,2,2,5,3,1,4,2,19119,1,11,2,2,0,4,2.67,69047.72894688007,12784,49928.72894688007,0,1,0,0,1,0,0,1,0
30,6,3,3,3,3,2,4,9595,2,25,11,5,1,16,2.67,69047.72894688007,12784,59452.72894688007,1,0,1,1,0,0,0,1,0
21,42,3,1,1,1,2,1,3542,2,5,7,4,1,11,1.33,69047.72894688007,12784,65505.72894688007,1,0,1,0,0,1,0,0,0
40,2,4,2,2,3,4,3,4244,1,8,7,3,1,10,3.0,69047.72894688007,12784,64803.72894688007,0,0,1,0,0,0,1,0,0
26,39,1,1,1,3,2,4,3108,1,26,3,9,1,12,2.0,69047.72894688007,12784,65939.72894688007,1,0,1,0,0,0,0,1,0
26,6,4,4,5,4,1,3,7739,3,2,14,4,1,18,3.33,69047.72894688007,12784,61308.72894688007,1,1,0,1,0,0,0,0,1
39,17,3,4,5,1,3,3,14784,2,26,9,1,0,10,3.0,102997.714045,2542,88213.714045,1,0,0,0,1,0,0,1,0
32,9,3,1,1,1,1,4,4200,7,5,4,0,0,4,1.0,17372.83423076923,33,13172.83423076923,0,1,0,0,0,1,0,0,1
32,11,4,2,1,3,3,1,7832,3,7,1,7,1,8,2.33,69047.72894688007,12784,61215.72894688007,0,0,1,1,0,0,1,0,0
24,28,3,3,2,2,3,4,15795,1,8,9,5,1,14,2.33,69047.72894688007,12784,53252.72894688007,0,0,0,0,1,0,1,0,0
50,43,4,2,5,1,3,3,9727,2,21,1,1,0,2,3.0,102997.714045,2542,93270.714045,0,0,1,1,0,0,0,1,0
56,33,1,3,4,2,1,4,5144,2,24,10,4,1,14,2.33,69047.72894688007,12784,63903.72894688007,1,0,0,0,0,0,0,1,0
58,38,3,2,2,2,1,3,14412,4,18,6,4,1,10,1.67,69047.72894688007,12784,54635.72894688007,1,1,0,0,1,0,0,1,0
36,17,2,2,2,3,3,1,5507,2,4,2,1,0,3,2.67,91683.75438596492,139,86176.75438596492,0,0,1,0,0,1,0,0,0
55,4,2,1,3,2,3,4,14842,2,1,2,8,1,10,2.67,69047.72894688007,12784,54205.72894688007,1,0,1,0,1,0,0,0,1
59,42,2,5,1,1,1,4,12274,4,26,1,8,1,9,1.0,69047.72894688007,12784,56773.72894688007,1,1,0,1,0,0,0,1,0
42,6,4,5,1,4,3,3,13437,1,21,13,2,0,15,2.67,69047.72894688007,12784,55610.72894688007,1,0,1,1,0,0,0,1,0
23,35,3,5,4,3,3,2,13219,3,18,13,2,0,15,3.33,69047.72894688007,12784,55828.72894688007,1,1,0,1,0,0,0,1,0
33,18,4,1,4,4,3,3,13219,2,15,12,5,1,17,3.67,102997.714045,2542,89778.714045,0,1,0,1,0,0,0,1,0
28,6,3,3,4,4,3,2,6859,2,27,10,1,0,11,3.67,69047.72894688007,12784,62188.72894688007,1,0,1,0,0,0,0,1,0
22,14,4,4,5,1,2,4,8878,4,25,9,4,1,13,2.67,69047.72894688007,12784,60169.72894688007,1,0,0,1,0,0,0,1,0
45,43,3,5,5,1,2,1,9731,1,6,1,9,1,10,2.67,69047.72894688007,12784,59316.72894688007,0,0,1,1,0,0,1,0,1
23,27,2,4,1,1,3,3,12428,4,23,1,6,1,7,1.67,102997.714045,2542,90569.714045,1,1,0,1,0,0,0,1,0
33,28,1,1,5,4,2,3,18632,3,26,2,8,1,10,3.67,69047.72894688007,12784,50415.72894688007,0,0,0,0,1,0,0,1,0
49,17,1,3,5,4,4,1,6324,3,26,6,5,1,11,4.33,102997.714045,2542,96673.714045,1,1,0,0,0,0,0,1,0
32,2,3,1,2,3,3,3,2370,1,8,0,0,0,0,2.67,17372.83423076923,33,15002.83423076923,0,0,1,0,0,0,1,0,0
42,23,2,3,3,3,2,3,11118,4,1,4,7,1,11,2.67,69047.72894688007,12784,57929.72894688007,1,0,1,1,0,0,0,0,0
40,3,4,2,5,4,2,4,11927,2,17,3,5,1,8,3.67,69047.72894688007,12784,57120.72894688007,0,0,1,1,0,0,0,1,0
22,22,1,4,2,4,1,2,4411,3,12,12,4,1,16,2.33,69047.72894688007,12784,64636.72894688007,0,0,0,0,0,0,0,1,1
51,12,2,2,3,2,1,2,17253,2,9,3,8,1,11,2.0,69047.72894688007,12784,51794.72894688007,0,0,0,0,1,0,1,0,0
46,30,3,5,4,1,3,4,4608,1,24,14,8,1,22,2.67,69047.72894688007,12784,64439.72894688007,1,1,0,0,0,0,0,1,0
38,16,4,3,1,4,2,2,12788,3,24,1,2,0,3,2.33,69047.72894688007,12784,56259.72894688007,0,0,0,1,0,0,0,1,0
22,38,2,5,3,3,3,3,13347,1,9,2,1,0,3,3.0,102997.714045,2542,89650.714045,1,1,0,1,0,0,1,0,0
28,19,2,1,1,4,3,3,3196,1,6,5,3,1,8,2.67,17372.83423076923,33,14176.83423076923,0,0,1,0,0,0,1,0,0
40,28,3,1,2,2,3,3,10670,1,21,12,7,1,19,2.33,102997.714045,2542,92327.714045,0,1,0,1,0,0,0,1,0
27,1,2,2,1,3,3,3,4298,5,2,2,2,0,4,2.33,69047.72894688007,12784,64749.72894688007,0,0,1,0,0,0,0,0,0
22,12,2,1,2,1,2,4,3587,2,12,13,9,1,22,1.67,69047.72894688007,12784,65460.72894688007,1,0,1,0,0,0,0,1,1
21,16,3,5,5,1,2,1,17658,2,21,13,2,0,15,2.67,69047.72894688007,12784,51389.72894688007,1,0,0,0,1,0,0,1,0
30,5,3,3,4,2,3,3,9419,2,10,9,7,1,16,3.0,91683.75438596492,139,82264.75438596492,0,0,1,1,0,0,1,0,0
58,38,3,5,4,4,4,3,9507,2,25,8,1,0,9,4.0,69047.72894688007,12784,59540.72894688007,1,1,0,1,0,0,0,1,0
21,21,2,2,4,2,3,2,11735,3,29,6,9,1,15,3.0,69047.72894688007,12784,57312.72894688007,0,0,0,1,0,0,0,1,1
45,1,1,1,2,4,4,1,11252,4,5,4,4,1,8,3.33,69047.72894688007,12784,57795.72894688007,1,0,0,1,0,1,0,0,0
28,42,4,3,2,4,1,4,7010,4,19,12,4,1,16,2.33,102997.714045,2542,95987.714045,1,0,1,0,0,0,0,1,0
48,4,2,3,3,3,2,3,10999,7,15,11,4,1,15,2.67,69047.72894688007,12784,58048.72894688007,0,1,0,1,0,0,0,1,0
57,20,2,1,4,1,4,2,9842,4,10,10,1,0,11,3.0,102997.714045,2542,93155.714045,0,1,0,1,0,0,1,0,0
52,16,4,2,4,2,3,1,12833,4,19,3,4,1,7,3.0,69047.72894688007,12784,56214.72894688007,0,1,0,1,0,0,0,1,0
46,23,2,2,3,4,1,4,12252,1,5,5,2,0,7,2.67,69047.72894688007,12784,56795.72894688007,1,0,0,1,0,1,0,0,0
41,11,2,2,3,4,2,3,8367,2,7,10,2,0,12,3.0,69047.72894688007,12784,60680.72894688007,1,1,0,1,0,0,1,0,0
36,48,3,2,5,2,1,2,5940,1,7,8,8,1,16,2.67,69047.72894688007,12784,63107.72894688007,1,0,0,0,0,0,1,0,0
46,9,1,2,3,2,2,2,4102,2,27,1,0,0,1,2.33,69047.72894688007,12784,64945.72894688007,0,0,1,0,0,0,0,1,0
38,25,2,1,1,2,2,2,7816,4,22,14,2,0,16,1.67,69047.72894688007,12784,61231.72894688007,0,0,0,1,0,0,0,1,1
37,40,3,5,2,4,2,1,8438,1,28,12,5,1,17,2.67,102997.714045,2542,94559.714045,0,0,0,1,0,0,0,1,0
59,27,4,3,2,3,4,1,10194,4,12,2,4,1,6,3.0,69047.72894688007,12784,58853.72894688007,0,0,0,1,0,0,0,1,0
59,45,1,1,5,2,4,4,15559,2,14,6,9,1,15,3.67,102997.714045,2542,87438.714045,0,0,0,0,1,0,0,1,0
38,18,1,5,5,1,3,2,3252,1,24,12,1,0,13,3.0,69047.72894688007,12784,65795.72894688007,0,0,0,0,0,0,0,1,0
41,17,4,3,2,1,4,3,12113,2,11,3,1,0,4,2.33,69047.72894688007,12784,56934.72894688007,0,1,0,1,0,0,0,1,1
39,7,1,3,3,4,3,2,18374,3,9,12,3,1,15,3.33,102997.714045,2542,84623.714045,1,0,0,0,1,0,1,0,1
50,26,3,1,1,3,4,4,15882,4,22,12,5,1,17,2.67,69047.72894688007,12784,53165.72894688007,0,0,1,0,1,0,0,1,0
56,31,3,2,3,1,3,1,9258,1,24,1,0,0,1,2.33,69047.72894688007,12784,59789.72894688007,1,1,0,1,0,0,0,1,0
33,18,4,5,2,2,2,3,3631,3,26,1,0,0,1,2.0,69047.72894688007,12784,65416.72894688007,0,0,0,0,0,0,0,1,0
53,47,2,3,3,1,1,4,5866,3,18,12,9,1,21,1.67,69047.72894688007,12784,63181.72894688007,1,0,1,0,0,0,0,1,0
59,10,1,2,2,2,1,4,9040,4,13,1,3,1,4,1.67,69047.72894688007,12784,60007.72894688007,0,0,0,1,0,0,0,1,1
21,27,1,4,3,2,2,1,5856,4,12,1,8,1,9,2.33,69047.72894688007,12784,63191.72894688007,1,0,0,0,0,0,0,1,0
57,32,4,3,4,4,1,1,18288,3,18,5,9,1,14,3.0,69047.72894688007,12784,50759.72894688007,0,1,0,0,1,0,0,1,0
53,49,3,3,3,4,2,4,13146,3,2,2,4,1,6,3.0,69047.72894688007,12784,55901.72894688007,0,0,0,1,0,0,0,0,1
50,37,2,3,3,1,2,4,3736,1,9,1,4,1,5,2.0,69047.72894688007,12784,65311.72894688007,1,0,1,0,0,0,1,0,0
33,4,1,2,2,4,1,2,16231,3,4,4,7,1,11,2.33,69047.72894688007,12784,52816.72894688007,0,0,1,0,1,1,0,0,0
57,45,2,5,3,1,3,1,14422,4,20,4,5,1,9,2.33,69047.72894688007,12784,54625.72894688007,0,1,0,0,1,0,0,1,0
54,21,4,4,5,2,4,2,15768,3,15,4,2,0,6,3.67,69047.72894688007,12784,53279.72894688007,1,0,0,0,1,0,0,1,0
36,26,3,2,5,3,2,1,12559,3,15,13,2,0,15,3.33,102997.714045,2542,90438.714045,1,0,1,1,0,0,0,1,1
28,1,1,1,2,1,4,3,2216,7,7,7,3,1,10,2.33,89817.88593023256,119,87601.88593023256,1,1,0,0,0,0,1,0,1
22,5,2,4,5,1,2,3,3562,2,24,4,8,1,12,2.67,69047.72894688007,12784,65485.72894688007,0,1,0,0,0,0,0,1,0
49,46,4,2,4,1,4,4,16478,1,22,1,3,1,4,3.0,69047.72894688007,12784,52569.72894688007,1,1,0,0,1,0,0,1,0
35,6,2,4,2,4,2,2,15430,1,1,6,5,1,11,2.67,102997.714045,2542,87567.714045,1,0,0,0,1,0,0,0,0
20,2,3,5,1,2,3,3,13823,2,28,6,8,1,14,2.0,69047.72894688007,12784,55224.72894688007,1,0,0,0,1,0,0,1,0
50,22,1,4,3,3,4,2,15056,1,18,11,1,0,12,3.33,69047.72894688007,12784,53991.72894688007,0,0,1,0,1,0,0,1,0
54,45,2,4,3,3,3,2,9259,1,6,2,8,1,10,3.0,102997.714045,2542,93738.714045,0,0,0,1,0,0,1,0,0
53,43,3,1,3,2,3,3,18963,1,6,8,2,0,10,2.67,69047.72894688007,12784,50084.72894688007,0,0,0,0,1,0,1,0,0
31,39,1,3,3,2,4,1,12011,4,29,12,2,0,14,3.0,69047.72894688007,12784,57036.72894688007,1,0,1,1,0,0,0,1,0
30,7,3,1,3,3,2,2,1274,1,1,0,0,0,0,2.67,89817.88593023256,119,88543.88593023256,0,0,0,0,0,0,0,0,0
54,47,3,4,1,4,3,1,16465,3,21,7,3,1,10,2.67,69047.72894688007,12784,52582.72894688007,1,0,1,0,1,0,0,1,0
29,20,4,2,4,4,4,1,4494,2,16,4,1,0,5,4.0,102997.714045,2542,98503.714045,1,0,0,0,0,0,0,1,0
29,9,1,4,4,1,2,1,4360,2,16,7,3,1,10,2.33,102997.714045,2542,98637.714045,1,0,0,0,0,0,0,1,0
33,42,3,5,3,1,4,1,12678,1,23,8,8,1,16,2.67,69047.72894688007,12784,56369.72894688007,0,0,1,1,0,0,0,1,1
37,32,2,4,3,1,3,4,7459,2,12,2,4,1,6,2.33,102997.714045,2542,95538.714045,1,1,0,0,0,0,0,1,0
26,17,3,1,3,2,2,2,2741,0,7,7,1,0,8,2.33,61845.10984536083,269,59104.10984536083,1,0,0,0,0,0,1,0,1
54,47,3,2,3,2,1,2,14927,2,18,12,8,1,20,2.0,69047.72894688007,12784,54120.72894688007,0,0,0,0,1,0,0,1,1
33,34,2,4,4,3,1,4,3795,4,13,12,0,0,12,2.67,69047.72894688007,12784,65252.72894688007,1,0,1,0,0,0,0,1,0
41,9,1,5,1,4,4,4,10026,4,25,11,6,1,17,3.0,102997.714045,2542,92971.714045,1,0,0,1,0,0,0,1,0
39,33,4,1,2,4,4,1,3952,2,13,5,6,1,11,3.33,102997.714045,2542,99045.714045,0,0,0,0,0,0,0,1,0
33,5,2,3,4,4,3,3,7119,4,3,2,1,0,3,3.67,69047.72894688007,12784,61928.72894688007,0,0,0,0,0,1,0,0,0
45,8,2,4,3,3,2,3,6545,3,21,10,1,0,11,2.67,69047.72894688007,12784,62502.72894688007,1,0,1,0,0,0,0,1,0
30,34,2,3,4,4,1,4,4739,3,18,5,0,0,5,3.0,102997.714045,2542,98258.714045,1,0,1,0,0,0,0,1,0
27,43,2,5,5,3,4,2,4117,2,10,11,6,1,17,4.0,102997.714045,2542,98880.714045,0,0,1,0,0,0,1,0,0
51,8,4,3,5,4,4,4,13906,4,27,3,4,1,7,4.33,69047.72894688007,12784,55141.72894688007,1,0,0,0,1,0,0,1,0
44,22,2,1,4,3,1,1,7253,1,26,2,5,1,7,2.67,69047.72894688007,12784,61794.72894688007,1,0,1,0,0,0,0,1,0
57,1,3,2,3,4,3,3,6755,2,3,2,1,0,3,3.33,69047.72894688007,12784,62292.72894688007,0,0,1,0,0,1,0,0,0
20,16,4,4,5,3,4,3,4418,1,17,11,7,1,18,4.0,69047.72894688007,12784,64629.72894688007,0,0,1,0,0,0,0,1,0
43,25,2,3,4,3,3,3,10798,5,1,0,0,0,0,3.33,91683.75438596492,139,80885.75438596492,0,0,0,1,0,0,0,0,0
53,1,3,2,1,4,4,4,8381,7,14,7,8,1,15,3.0,91683.75438596492,139,83302.75438596492,0,1,0,1,0,0,0,1,0
40,34,2,2,4,1,3,2,18317,1,23,14,3,1,17,2.67,69047.72894688007,12784,50730.72894688007,0,1,0,0,1,0,0,1,0
33,30,2,5,5,3,2,3,3287,3,5,12,8,1,20,3.33,69047.72894688007,12784,65760.72894688007,0,1,0,0,0,1,0,0,1
56,34,4,4,5,3,4,1,4973,2,12,12,4,1,16,4.0,69047.72894688007,12784,64074.72894688007,0,0,1,0,0,0,0,1,0
51,37,3,4,2,2,2,4,19003,1,3,7,3,1,10,2.0,69047.72894688007,12784,50044.72894688007,1,1,0,0,1,1,0,0,0
33,1,2,2,3,4,1,2,16869,1,8,8,4,1,12,2.67,69047.72894688007,12784,52178.72894688007,0,0,1,0,1,0,1,0,0
20,33,1,1,3,3,1,3,19250,1,7,1,9,1,10,2.33,69047.72894688007,12784,49797.72894688007,0,1,0,0,1,0,1,0,0
20,45,2,5,2,3,3,4,10976,1,5,5,4,1,9,2.67,102997.714045,2542,92021.714045,1,0,0,1,0,1,0,0,1
22,20,2,2,5,1,2,2,16277,3,14,9,6,1,15,2.67,69047.72894688007,12784,52770.72894688007,1,0,1,0,1,0,0,1,0
26,46,2,3,3,3,3,2,12876,2,17,3,3,1,6,3.0,69047.72894688007,12784,56171.72894688007,1,0,0,1,0,0,0,1,0
48,13,2,5,3,3,2,3,16356,3,17,12,0,0,12,2.67,69047.72894688007,12784,52691.72894688007,0,0,1,0,1,0,0,1,0
28,9,3,5,4,2,2,3,6286,3,26,6,5,1,11,2.67,69047.72894688007,12784,62761.72894688007,1,0,1,0,0,0,0,1,1
56,46,2,4,1,4,1,2,4580,2,23,4,0,0,4,2.0,69047.72894688007,12784,64467.72894688007,0,0,0,0,0,0,0,1,0
53,9,2,2,1,1,1,1,10049,3,22,14,0,0,14,1.0,69047.72894688007,12784,58998.72894688007,1,1,0,1,0,0,0,1,0
30,37,1,4,1,1,1,2,16836,4,3,7,2,0,9,1.0,69047.72894688007,12784,52211.72894688007,0,0,0,0,1,1,0,0,0
52,25,4,3,4,3,2,1,3602,3,26,2,7,1,9,3.0,69047.72894688007,12784,65445.72894688007,1,1,0,0,0,0,0,1,0
27,2,1,2,4,4,2,3,5071,3,6,2,0,0,2,3.33,91683.75438596492,139,86612.75438596492,0,1,0,0,0,0,1,0,0
22,1,1,4,5,4,2,4,6766,2,3,6,7,1,13,3.67,102997.714045,2542,96231.714045,1,0,0,0,0,1,0,0,0
59,18,3,3,4,4,4,2,10512,6,9,7,5,1,12,4.0,69047.72894688007,12784,58535.72894688007,0,1,0,1,0,0,1,0,0
39,2,2,2,4,4,3,3,5204,8,5,4,0,0,4,3.67,61845.10984536083,269,56641.10984536083,0,0,1,0,0,1,0,0,0
36,40,2,3,4,1,2,4,3656,3,24,10,0,0,10,2.33,69047.72894688007,12784,65391.72894688007,0,1,0,0,0,0,0,1,0
28,9,3,1,4,4,4,2,2070,1,5,2,0,0,2,4.0,89817.88593023256,119,87747.88593023256,0,0,1,0,0,1,0,0,0
59,42,3,5,2,3,2,4,9083,3,20,13,3,1,16,2.33,69047.72894688007,12784,59964.72894688007,0,0,1,1,0,0,0,1,1
24,39,3,3,3,1,3,3,4174,2,23,4,7,1,11,2.33,69047.72894688007,12784,64873.72894688007,1,0,1,0,0,0,0,1,0
26,3,3,1,4,1,1,3,2061,1,1,0,0,0,0,2.0,89817.88593023256,119,87756.88593023256,0,0,1,0,0,0,0,0,0
47,8,2,1,3,3,4,3,10109,1,14,6,7,1,13,3.33,102997.714045,2542,92888.714045,1,0,0,1,0,0,0,1,1
36,41,4,3,2,4,2,4,16484,1,10,3,6,1,9,2.67,69047.72894688007,12784,52563.72894688007,1,0,0,0,1,0,1,0,0
57,14,2,5,3,3,1,4,5916,4,2,10,9,1,19,2.33,69047.72894688007,12784,63131.72894688007,0,0,1,0,0,0,0,0,0
55,33,4,2,1,2,4,4,14904,2,8,14,5,1,19,2.33,69047.72894688007,12784,54143.72894688007,1,0,0,0,1,0,1,0,0
53,9,3,4,2,4,1,1,12664,1,16,9,5,1,14,2.33,69047.72894688007,12784,56383.72894688007,1,1,0,1,0,0,0,1,0
44,34,3,5,4,1,3,4,14145,4,7,3,8,1,11,2.67,102997.714045,2542,88852.714045,0,0,1,0,1,0,1,0,0
27,33,2,4,1,4,3,4,9308,2,28,10,1,0,11,2.67,102997.714045,2542,93689.714045,1,0,0,1,0,0,0,1,0
48,4,2,5,2,2,2,2,15572,3,27,11,0,0,11,2.0,102997.714045,2542,87425.714045,1,0,1,0,1,0,0,1,0
39,34,4,3,5,4,1,4,16599,3,29,12,3,1,15,3.33,102997.714045,2542,86398.714045,1,0,0,0,1,0,0,1,0
55,27,3,4,2,4,3,4,5095,1,14,9,2,0,11,3.0,69047.72894688007,12784,63952.72894688007,1,0,1,0,0,0,0,1,0
39,1,4,3,4,3,1,2,9613,0,18,10,3,1,13,2.67,69047.72894688007,12784,59434.72894688007,0,0,0,1,0,0,0,1,0
38,18,2,1,3,1,1,1,11178,4,9,12,5,1,17,1.67,69047.72894688007,12784,57869.72894688007,1,0,1,1,0,0,1,0,0
37,29,1,2,4,1,3,4,8721,3,27,9,6,1,15,2.67,102997.714045,2542,94276.714045,1,1,0,1,0,0,0,1,0
29,19,1,5,2,1,4,3,4166,3,12,14,8,1,22,2.33,69047.72894688007,12784,64881.72894688007,1,0,0,0,0,0,0,1,0
37,25,1,5,2,4,1,1,10115,3,16,14,8,1,22,2.33,102997.714045,2542,92882.714045,0,0,0,1,0,0,0,1,0
31,30,2,1,1,4,3,3,4301,1,2,13,9,1,22,2.67,69047.72894688007,12784,64746.72894688007,1,0,0,0,0,0,0,0,0
58,3,1,2,2,4,2,2,16647,3,5,5,3,1,8,2.67,69047.72894688007,12784,52400.72894688007,0,0,1,0,1,1,0,0,0
58,10,2,1,1,4,1,1,3206,4,12,9,2,0,11,2.0,102997.714045,2542,99791.714045,0,0,1,0,0,0,0,1,0
57,5,3,2,4,2,1,3,16856,1,22,11,9,1,20,2.33,69047.72894688007,12784,52191.72894688007,1,1,0,0,1,0,0,1,0
58,30,2,3,1,2,2,1,12124,1,3,2,2,0,4,1.67,69047.72894688007,12784,56923.72894688007,0,1,0,1,0,1,0,0,1
43,23,4,5,4,1,2,2,15409,1,25,5,9,1,14,2.33,69047.72894688007,12784,53638.72894688007,0,1,0,0,1,0,0,1,0
54,23,3,3,5,3,1,2,14786,2,6,13,9,1,22,3.0,102997.714045,2542,88211.714045,0,1,0,0,1,0,1,0,0
39,13,1,2,5,2,2,2,12766,3,13,6,9,1,15,3.0,69047.72894688007,12784,56281.72894688007,1,0,1,1,0,0,0,1,0
27,25,1,1,4,2,3,1,7597,3,28,12,7,1,19,3.0,69047.72894688007,12784,61450.72894688007,0,1,0,0,0,0,0,1,0
24,32,1,1,5,3,4,3,14738,1,6,13,5,1,18,4.0,102997.714045,2542,88259.714045,1,1,0,0,1,0,1,0,0
27,24,1,5,4,2,3,1,10602,2,7,8,4,1,12,3.0,69047.72894688007,12784,58445.72894688007,1,0,1,1,0,0,1,0,0
36,2,3,2,2,3,4,3,5410,9,16,14,5,1,19,3.0,69047.72894688007,12784,63637.72894688007,1,1,0,0,0,0,0,1,0
35,2,1,5,1,2,4,1,7764,3,24,3,0,0,3,2.33,69047.72894688007,12784,61283.72894688007,1,1,0,1,0,0,0,1,1
28,40,3,1,5,1,4,1,15208,3,9,8,3,1,11,3.33,69047.72894688007,12784,53839.72894688007,0,1,0,0,1,0,1,0,0
35,1,3,2,3,2,3,3,4717,9,11,9,6,1,15,2.67,91683.75438596492,139,86966.75438596492,0,0,1,0,0,0,0,1,0
24,34,2,1,3,4,3,3,11767,3,15,10,0,0,10,3.33,69047.72894688007,12784,57280.72894688007,1,1,0,1,0,0,0,1,0
29,24,4,5,4,4,1,2,19098,4,16,4,3,1,7,3.0,69047.72894688007,12784,49949.72894688007,0,1,0,0,1,0,0,1,0
38,33,4,5,3,3,3,4,15697,1,3,3,4,1,7,3.0,69047.72894688007,12784,53350.72894688007,0,0,1,0,1,1,0,0,1
52,11,2,5,4,3,1,1,18683,2,12,4,1,0,5,2.67,69047.72894688007,12784,50364.72894688007,1,0,0,0,1,0,0,1,1
31,8,3,4,2,1,3,4,16422,3,3,2,1,0,3,2.0,69047.72894688007,12784,52625.72894688007,0,1,0,0,1,1,0,0,0
36,38,1,4,1,3,3,4,13908,2,2,4,4,1,8,2.33,69047.72894688007,12784,55139.72894688007,0,0,0,0,1,0,0,0,1
39,21,3,3,3,4,2,2,13560,4,18,8,5,1,13,3.0,69047.72894688007,12784,55487.72894688007,1,0,0,1,0,0,0,1,0
45,5,2,3,5,2,3,2,12433,1,21,11,0,0,11,3.33,69047.72894688007,12784,56614.72894688007,1,0,0,1,0,0,0,1,0
54,31,2,1,4,1,2,3,17656,3,9,4,5,1,9,2.33,69047.72894688007,12784,51391.72894688007,0,0,1,0,1,0,1,0,0
45,9,2,2,3,2,4,3,5593,1,15,10,4,1,14,3.0,91683.75438596492,139,86090.75438596492,0,0,1,0,0,0,0,1,0
30,26,1,5,2,4,4,4,18959,4,2,6,8,1,14,3.33,69047.72894688007,12784,50088.72894688007,1,0,0,0,1,0,0,0,1
52,6,2,3,5,4,4,4,4131,2,23,3,9,1,12,4.33,102997.714045,2542,98866.714045,0,0,1,0,0,0,0,1,1
41,6,4,2,5,2,3,3,10016,2,7,7,5,1,12,3.33,102997.714045,2542,92981.714045,0,0,0,1,0,0,1,0,0
20,29,3,5,4,1,1,3,14813,3,15,8,3,1,11,2.0,69047.72894688007,12784,54234.72894688007,1,1,0,0,1,0,0,1,1
23,27,4,4,4,4,2,1,15036,2,13,12,2,0,14,3.33,69047.72894688007,12784,54011.72894688007,0,0,1,0,1,0,0,1,0
23,22,3,2,4,3,1,3,17058,4,27,4,1,0,5,2.67,69047.72894688007,12784,51989.72894688007,0,1,0,0,1,0,0,1,0
33,49,1,2,4,2,3,2,12866,4,5,3,5,1,8,3.0,69047.72894688007,12784,56181.72894688007,1,1,0,1,0,1,0,0,0
23,40,1,4,2,3,4,3,3435,4,8,5,6,1,11,3.0,69047.72894688007,12784,65612.72894688007,0,0,1,0,0,0,1,0,0
48,21,3,4,2,1,2,4,6291,4,9,11,9,1,20,1.67,102997.714045,2542,96706.714045,0,0,1,0,0,0,1,0,1
41,3,2,1,5,3,2,3,4547,3,20,13,3,1,16,3.33,102997.714045,2542,98450.714045,1,0,1,0,0,0,0,1,0
53,37,1,2,4,2,4,3,9365,4,19,11,2,0,13,3.33,69047.72894688007,12784,59682.72894688007,1,0,1,1,0,0,0,1,0
49,5,3,2,3,1,2,2,6651,2,3,2,1,0,3,2.0,69047.72894688007,12784,62396.72894688007,0,0,1,0,0,1,0,0,0
52,14,3,1,3,4,4,3,6925,1,19,8,6,1,14,3.67,102997.714045,2542,96072.714045,1,1,0,0,0,0,0,1,0
42,9,2,5,4,4,4,3,19613,8,1,0,0,0,0,4.0,102997.714045,2542,83384.714045,0,1,0,0,1,0,0,0,0
38,35,4,2,2,4,3,2,4056,3,4,13,7,1,20,3.0,102997.714045,2542,98941.714045,0,1,0,0,0,1,0,0,0
39,1,3,5,3,2,3,3,19197,1,21,8,1,0,9,2.67,102997.714045,2542,83800.714045,1,0,0,0,1,0,0,1,0
51,1,2,3,1,1,3,2,7484,3,13,12,12,1,24,1.67,69047.72894688007,12784,61563.72894688007,0,1,0,0,0,0,0,1,0
37,6,4,2,3,2,2,4,8068,2,17,5,9,1,14,2.33,69047.72894688007,12784,60979.72894688007,0,1,0,1,0,0,0,1,0
33,16,4,4,4,4,4,1,19138,3,14,3,9,1,12,4.0,69047.72894688007,12784,49909.72894688007,1,0,0,0,1,0,0,1,0
37,45,4,2,5,4,2,3,19563,4,1,10,8,1,18,3.67,102997.714045,2542,83434.714045,0,0,0,0,1,0,0,0,0
54,23,3,2,2,3,3,4,15388,1,8,4,1,0,5,2.67,69047.72894688007,12784,53659.72894688007,1,0,1,0,1,0,1,0,0
43,24,3,2,5,2,3,4,19230,3,27,11,2,0,13,3.33,69047.72894688007,12784,49817.72894688007,0,0,0,0,1,0,0,1,0
45,41,3,5,3,4,2,2,13898,4,2,13,8,1,21,3.0,102997.714045,2542,89099.714045,1,1,0,0,1,0,0,0,0
59,15,1,3,3,4,4,3,4833,1,26,3,2,0,5,3.67,69047.72894688007,12784,64214.72894688007,1,1,0,0,0,0,0,1,1
50,6,2,1,1,1,2,4,7742,3,27,4,5,1,9,1.33,69047.72894688007,12784,61305.72894688007,0,0,1,1,0,0,0,1,0
24,39,3,2,4,3,4,4,18170,1,25,12,7,1,19,3.67,69047.72894688007,12784,50877.72894688007,1,0,0,0,1,0,0,1,0
45,6,3,2,1,1,1,2,17744,3,11,3,3,1,6,1.0,69047.72894688007,12784,51303.72894688007,0,0,1,0,1,0,0,1,0
27,32,4,1,3,3,1,1,6217,4,8,8,2,0,10,2.33,69047.72894688007,12784,62830.72894688007,1,0,0,0,0,0,1,0,0
27,14,3,1,1,4,4,2,10826,2,17,8,0,0,8,3.0,69047.72894688007,12784,58221.72894688007,0,0,0,1,0,0,0,1,1
49,4,3,2,3,3,1,3,8652,3,15,5,8,1,13,2.33,69047.72894688007,12784,60395.72894688007,1,0,0,1,0,0,0,1,0
35,24,3,4,5,3,3,1,7755,3,18,13,6,1,19,3.67,102997.714045,2542,95242.714045,1,1,0,1,0,0,0,1,0
41,13,1,3,3,1,4,2,15098,2,15,6,7,1,13,2.67,69047.72894688007,12784,53949.72894688007,1,0,0,0,1,0,0,1,0
46,26,1,1,3,4,4,3,14018,4,11,7,5,1,12,3.67,102997.714045,2542,88979.714045,0,0,0,0,1,0,0,1,0
35,8,3,1,4,1,2,2,2572,1,3,2,0,0,2,2.33,69047.72894688007,12784,66475.72894688007,0,0,1,0,0,1,0,0,0
59,46,1,4,2,2,2,2,7471,4,15,14,1,0,15,2.0,69047.72894688007,12784,61576.72894688007,1,1,0,0,0,0,0,1,0
31,22,4,1,2,2,1,2,10342,4,18,9,2,0,11,1.67,69047.72894688007,12784,58705.72894688007,0,0,1,1,0,0,0,1,0
27,20,1,4,4,4,3,1,9599,1,7,11,7,1,18,3.67,69047.72894688007,12784,59448.72894688007,0,0,1,1,0,0,1,0,0
49,1,3,1,1,3,2,3,3580,2,4,2,0,0,2,2.0,89817.88593023256,119,86237.88593023256,0,0,1,0,0,1,0,0,0
38,44,3,4,3,1,3,3,8421,2,16,12,1,0,13,2.33,102997.714045,2542,94576.714045,0,0,0,1,0,0,0,1,0
57,7,1,2,5,3,2,2,4137,3,15,12,4,1,16,3.33,69047.72894688007,12784,64910.72894688007,0,0,1,0,0,0,0,1,1
26,2,3,1,1,1,2,3,2042,6,3,2,1,0,3,1.33,89817.88593023256,119,87775.88593023256,1,0,1,0,0,1,0,0,1
44,30,1,5,3,4,1,4,18468,1,6,14,7,1,21,2.67,69047.72894688007,12784,50579.72894688007,1,0,1,0,1,0,1,0,1
57,23,4,1,3,2,1,4,8383,4,3,6,9,1,15,2.0,102997.714045,2542,94614.714045,1,0,0,1,0,1,0,0,0
48,3,2,5,4,1,2,4,19282,4,21,4,0,0,4,2.33,69047.72894688007,12784,49765.72894688007,0,0,1,0,1,0,0,1,0
20,8,3,2,4,1,3,2,4725,3,29,4,0,0,4,2.67,69047.72894688007,12784,64322.72894688007,1,1,0,0,0,0,0,1,0
52,18,3,5,1,1,2,1,19478,2,18,9,8,1,17,1.33,69047.72894688007,12784,49569.72894688007,1,0,0,0,1,0,0,1,0
51,19,2,5,4,2,2,2,10145,2,2,5,4,1,9,2.67,102997.714045,2542,92852.714045,1,0,1,1,0,0,0,0,0
44,29,4,5,1,2,1,3,5548,4,17,6,7,1,13,1.33,69047.72894688007,12784,63499.72894688007,0,0,0,0,0,0,0,1,0
42,37,4,1,5,1,2,3,11526,1,21,8,9,1,17,2.67,69047.72894688007,12784,57521.72894688007,0,1,0,1,0,0,0,1,0
24,7,3,1,3,2,4,1,13959,2,4,5,0,0,5,3.0,69047.72894688007,12784,55088.72894688007,0,0,0,0,1,1,0,0,0
45,45,2,1,4,3,3,3,18307,1,26,5,6,1,11,3.33,69047.72894688007,12784,50740.72894688007,0,0,0,0,1,0,0,1,0
31,40,1,2,1,1,1,2,12010,1,23,10,6,1,16,1.0,69047.72894688007,12784,57037.72894688007,1,0,1,1,0,0,0,1,0
32,5,4,1,4,2,4,3,3312,3,3,2,0,0,2,3.33,89817.88593023256,119,86505.88593023256,0,0,1,0,0,1,0,0,0
28,41,1,4,5,2,2,3,13983,2,10,9,8,1,17,3.0,69047.72894688007,12784,55064.72894688007,0,0,0,0,1,0,1,0,0
32,12,3,2,3,3,3,4,14847,3,27,13,6,1,19,3.0,69047.72894688007,12784,54200.72894688007,0,0,1,0,1,0,0,1,0
27,23,2,1,1,2,4,4,6145,2,6,10,5,1,15,2.33,102997.714045,2542,96852.714045,0,0,1,0,0,0,1,0,1
27,27,3,1,5,2,2,1,15891,3,7,10,3,1,13,3.0,69047.72894688007,12784,53156.72894688007,0,0,0,0,1,0,1,0,0
24,27,4,5,4,4,4,4,8884,3,2,13,6,1,19,4.0,69047.72894688007,12784,60163.72894688007,1,1,0,1,0,0,0,0,0
56,21,1,2,3,4,2,4,4057,2,23,3,0,0,3,3.0,69047.72894688007,12784,64990.72894688007,1,0,1,0,0,0,0,1,0
37,1,1,4,3,2,3,2,11897,3,23,5,7,1,12,2.67,102997.714045,2542,91100.714045,0,0,0,1,0,0,0,1,0
49,25,3,2,3,2,3,3,9228,3,6,4,2,0,6,2.67,69047.72894688007,12784,59819.72894688007,1,1,0,1,0,0,1,0,0
59,6,1,2,3,1,1,3,16406,4,25,11,2,0,13,1.67,69047.72894688007,12784,52641.72894688007,0,1,0,0,1,0,0,1,0
20,35,3,4,4,1,1,3,8243,4,27,2,9,1,11,2.0,102997.714045,2542,94754.714045,1,0,1,1,0,0,0,1,1
29,22,1,2,2,4,3,2,8684,4,12,11,3,1,14,3.0,69047.72894688007,12784,60363.72894688007,1,1,0,1,0,0,0,1,0
36,9,4,2,5,3,2,4,18876,1,2,4,9,1,13,3.33,102997.714045,2542,84121.714045,1,1,0,0,1,0,0,0,1
32,23,3,4,4,1,1,2,18030,3,7,5,5,1,10,2.0,69047.72894688007,12784,51017.72894688007,1,1,0,0,1,0,1,0,0
35,1,3,3,3,3,1,4,8789,1,10,7,0,0,7,2.33,91683.75438596492,139,82894.75438596492,0,1,0,1,0,0,1,0,0
54,41,3,2,2,2,2,2,9647,3,13,4,9,1,13,2.0,69047.72894688007,12784,59400.72894688007,0,0,1,1,0,0,0,1,0
49,7,4,3,3,1,4,1,17632,2,9,12,3,1,15,2.67,69047.72894688007,12784,51415.72894688007,1,0,1,0,1,0,1,0,0
41,42,3,3,4,4,1,3,16948,1,22,9,2,0,11,3.0,69047.72894688007,12784,52099.72894688007,0,0,1,0,1,0,0,1,1
50,1,3,1,5,3,2,3,5463,1,17,10,4,1,14,3.33,102997.714045,2542,97534.714045,0,1,0,0,0,0,0,1,0
25,40,1,1,3,2,3,2,15466,3,4,14,8,1,22,2.67,69047.72894688007,12784,53581.72894688007,0,0,1,0,1,1,0,0,0
39,42,2,4,1,1,2,2,8045,3,23,3,2,0,5,1.33,69047.72894688007,12784,61002.72894688007,1,1,0,1,0,0,0,1,0
49,49,1,5,3,4,2,2,13252,4,25,3,4,1,7,3.0,69047.72894688007,12784,55795.72894688007,1,0,1,1,0,0,0,1,0
58,46,1,4,2,3,3,3,9965,1,12,7,2,0,9,2.67,69047.72894688007,12784,59082.72894688007,1,0,0,1,0,0,0,1,0
40,8,1,5,1,4,3,1,15674,2,11,8,2,0,10,2.67,102997.714045,2542,87323.714045,0,1,0,0,1,0,0,1,0
37,5,4,1,3,3,1,1,3500,0,6,5,1,0,6,2.33,17372.83423076923,33,13872.83423076923,0,1,0,0,0,0,1,0,0
45,46,3,1,2,4,2,1,11173,2,16,5,5,1,10,2.67,69047.72894688007,12784,57874.72894688007,0,1,0,1,0,0,0,1,0
25,19,1,1,3,1,2,4,13199,2,23,14,1,0,15,2.0,102997.714045,2542,89798.714045,1,0,1,1,0,0,0,1,0
36,21,1,3,2,2,2,1,11702,2,2,3,1,0,4,2.0,102997.714045,2542,91295.714045,0,0,0,1,0,0,0,0,1
47,14,3,2,2,3,3,4,5467,8,8,7,1,0,8,2.67,89817.88593023256,119,84350.88593023256,0,0,1,0,0,0,1,0,0
37,21,3,1,4,3,2,3,2973,5,5,4,0,0,4,3.0,69047.72894688007,12784,66074.72894688007,0,0,1,0,0,1,0,0,0
42,1,3,1,1,2,2,3,2576,3,5,2,1,0,3,1.67,17372.83423076923,33,14796.83423076923,0,0,0,0,0,1,0,0,0
36,2,4,3,1,3,3,3,16460,2,21,10,3,1,13,2.33,102997.714045,2542,86537.714045,0,0,0,0,1,0,0,1,1
51,41,4,1,5,2,4,3,7890,2,22,14,6,1,20,3.67,69047.72894688007,12784,61157.72894688007,0,0,0,1,0,0,0,1,1
34,33,1,4,1,3,3,2,6327,3,18,10,2,0,12,2.33,69047.72894688007,12784,62720.72894688007,1,0,0,0,0,0,0,1,0
50,20,3,4,3,2,3,3,11245,2,30,8,12,1,20,2.67,69047.72894688007,12784,57802.72894688007,1,0,1,1,0,0,0,1,0
58,9,3,2,2,4,1,3,9416,1,20,13,5,1,18,2.33,102997.714045,2542,93581.714045,1,1,0,1,0,0,0,1,0
36,38,4,4,3,4,1,4,5104,2,1,12,7,1,19,2.67,69047.72894688007,12784,63943.72894688007,1,1,0,0,0,0,0,0,0
36,20,4,3,4,1,3,1,8416,2,26,7,2,0,9,2.67,69047.72894688007,12784,60631.72894688007,1,0,0,1,0,0,0,1,0
28,23,2,5,5,2,2,1,12811,3,1,9,7,1,16,3.0,69047.72894688007,12784,56236.72894688007,1,1,0,1,0,0,0,0,0
25,22,2,2,3,3,3,4,10498,3,5,5,7,1,12,3.0,69047.72894688007,12784,58549.72894688007,1,0,0,1,0,1,0,0,0
35,15,4,1,5,2,1,2,10764,4,10,11,1,0,12,2.67,69047.72894688007,12784,58283.72894688007,1,0,0,1,0,0,1,0,1
50,14,1,2,4,3,3,4,16378,1,16,5,0,0,5,3.33,69047.72894688007,12784,52669.72894688007,0,0,0,0,1,0,0,1,0
37,28,3,2,3,3,2,4,8926,4,27,5,2,0,7,2.67,69047.72894688007,12784,60121.72894688007,0,1,0,1,0,0,0,1,1
48,8,4,5,4,2,2,3,17339,1,8,1,8,1,9,2.67,69047.72894688007,12784,51708.72894688007,1,0,1,0,1,0,1,0,0
39,35,4,2,2,1,1,4,16032,1,1,5,7,1,12,1.33,69047.72894688007,12784,53015.72894688007,1,1,0,0,1,0,0,0,0
39,41,4,5,3,1,1,4,7668,3,13,3,8,1,11,1.67,69047.72894688007,12784,61379.72894688007,1,1,0,1,0,0,0,1,1
38,1,2,2,5,2,2,1,13525,4,20,11,5,1,16,3.0,102997.714045,2542,89472.714045,1,1,0,1,0,0,0,1,0
45,18,3,3,5,1,3,4,7930,4,19,7,7,1,14,3.0,102997.714045,2542,95067.714045,0,0,1,1,0,0,0,1,0
38,16,1,3,2,1,4,4,12033,4,1,14,4,1,18,2.33,102997.714045,2542,90964.714045,1,0,1,1,0,0,0,0,0
36,38,2,4,3,2,4,3,18006,2,27,14,9,1,23,3.0,69047.72894688007,12784,51041.72894688007,0,0,0,0,1,0,0,1,0
45,31,4,2,2,3,2,2,15912,2,12,1,5,1,6,2.33,69047.72894688007,12784,53135.72894688007,1,0,1,0,1,0,0,1,0
31,1,2,1,1,4,3,3,2218,1,4,2,3,1,5,2.67,17372.83423076923,33,15154.83423076923,0,0,1,0,0,1,0,0,0
49,19,3,4,2,3,3,2,8201,2,27,1,8,1,9,2.67,102997.714045,2542,94796.714045,0,0,0,1,0,0,0,1,0
55,45,1,4,5,4,3,3,3475,1,7,10,8,1,18,4.0,102997.714045,2542,99522.714045,0,0,1,0,0,0,1,0,0
34,22,2,5,3,2,2,2,8299,4,3,3,1,0,4,2.33,69047.72894688007,12784,60748.72894688007,1,0,1,1,0,1,0,0,0
39,13,2,4,2,3,4,3,17123,6,19,9,15,1,24,3.0,102997.714045,2542,85874.714045,1,0,0,0,1,0,0,1,0
36,37,2,5,2,2,2,1,14143,1,8,3,2,0,5,2.0,102997.714045,2542,88854.714045,0,0,0,0,1,0,1,0,0
36,27,3,2,3,3,2,2,5237,6,7,7,7,1,14,2.67,69047.72894688007,12784,63810.72894688007,0,0,1,0,0,0,1,0,0
40,23,4,4,3,2,4,3,5052,1,29,12,3,1,15,3.0,69047.72894688007,12784,63995.72894688007,1,1,0,0,0,0,0,1,1
47,16,4,2,3,3,3,4,5067,1,19,10,2,0,12,3.0,69047.72894688007,12784,63980.72894688007,1,0,0,0,0,0,0,1,0
40,25,2,3,2,4,3,3,9094,2,5,4,1,0,5,3.0,91683.75438596492,139,82589.75438596492,1,1,0,1,0,1,0,0,1
21,34,4,1,5,2,2,3,12567,2,22,7,5,1,12,3.0,69047.72894688007,12784,56480.72894688007,0,0,0,1,0,0,0,1,0
41,49,2,4,1,2,3,2,5905,2,27,8,9,1,17,2.0,69047.72894688007,12784,63142.72894688007,1,0,1,0,0,0,0,1,0
53,46,3,3,3,3,4,2,14665,4,29,5,2,0,7,3.33,102997.714045,2542,88332.714045,1,0,0,0,1,0,0,1,0
33,18,1,4,1,3,4,2,10238,2,5,1,6,1,7,2.67,69047.72894688007,12784,58809.72894688007,1,0,0,1,0,1,0,0,1
38,8,3,2,1,4,4,4,8596,4,18,1,6,1,7,3.0,69047.72894688007,12784,60451.72894688007,1,1,0,1,0,0,0,1,0
52,37,3,1,1,3,2,3,12300,2,8,14,2,0,16,2.0,69047.72894688007,12784,56747.72894688007,1,0,1,1,0,0,1,0,0
37,4,3,1,2,3,4,4,15355,4,8,5,4,1,9,3.0,69047.72894688007,12784,53692.72894688007,0,1,0,0,1,0,1,0,0
48,26,4,2,2,3,3,2,14968,2,29,12,7,1,19,2.67,102997.714045,2542,88029.714045,0,1,0,0,1,0,0,1,0
52,14,3,1,2,4,2,4,4225,3,28,5,8,1,13,2.67,102997.714045,2542,98772.714045,0,0,0,0,0,0,0,1,0
28,48,4,5,1,1,3,4,17611,2,21,13,4,1,17,1.67,69047.72894688007,12784,51436.72894688007,0,0,0,0,1,0,0,1,0
34,11,2,2,1,3,2,1,15055,4,16,10,7,1,17,2.0,102997.714045,2542,87942.714045,0,0,0,0,1,0,0,1,0
42,32,2,3,5,1,2,4,6040,4,21,3,8,1,11,2.67,69047.72894688007,12784,63007.72894688007,1,1,0,0,0,0,0,1,0
39,14,3,5,3,1,2,1,7883,1,21,2,3,1,5,2.0,102997.714045,2542,95114.714045,1,0,0,1,0,0,0,1,0
57,12,2,2,4,1,4,3,3334,4,13,11,0,0,11,3.0,69047.72894688007,12784,65713.72894688007,0,0,0,0,0,0,0,1,0
56,48,4,1,5,1,2,4,17796,2,7,13,8,1,21,2.67,69047.72894688007,12784,51251.72894688007,1,1,0,0,1,0,1,0,0
38,6,1,3,2,2,1,3,16166,4,16,5,8,1,13,1.67,69047.72894688007,12784,52881.72894688007,1,1,0,0,1,0,0,1,0
58,24,3,3,1,4,3,4,17884,2,6,13,0,0,13,2.67,69047.72894688007,12784,51163.72894688007,0,0,1,0,1,0,1,0,0
26,14,2,5,2,4,3,3,4746,3,19,12,9,1,21,3.0,102997.714045,2542,98251.714045,1,1,0,0,0,0,0,1,0
22,40,2,5,2,1,4,1,8733,4,14,4,3,1,7,2.33,69047.72894688007,12784,60314.72894688007,0,0,0,1,0,0,0,1,0
32,15,3,4,3,4,4,1,15517,3,15,14,1,0,15,3.67,69047.72894688007,12784,53530.72894688007,1,1,0,0,1,0,0,1,1
24,22,2,2,2,3,4,2,6454,2,23,6,4,1,10,3.0,69047.72894688007,12784,62593.72894688007,1,0,1,0,0,0,0,1,0
23,40,2,4,2,4,3,1,7972,2,20,8,0,0,8,3.0,69047.72894688007,12784,61075.72894688007,0,1,0,1,0,0,0,1,1
44,6,4,2,2,2,1,1,3853,3,22,14,6,1,20,1.67,69047.72894688007,12784,65194.72894688007,1,0,1,0,0,0,0,1,0
49,18,3,2,1,1,2,4,18019,2,11,5,1,0,6,1.33,102997.714045,2542,84978.714045,0,0,0,0,1,0,0,1,0
25,40,2,1,2,2,1,2,10002,3,24,8,7,1,15,1.67,69047.72894688007,12784,59045.72894688007,1,1,0,1,0,0,0,1,0
34,33,2,3,5,3,2,2,7440,2,26,11,0,0,11,3.33,69047.72894688007,12784,61607.72894688007,0,0,1,0,0,0,0,1,0
25,43,4,3,2,2,1,1,15894,4,2,10,6,1,16,1.67,69047.72894688007,12784,53153.72894688007,0,1,0,0,1,0,0,0,0
21,5,3,1,4,4,1,2,8973,1,15,3,0,0,3,3.0,69047.72894688007,12784,60074.72894688007,0,1,0,1,0,0,0,1,1
41,3,2,2,2,3,3,3,8938,2,5,4,0,0,4,2.67,91683.75438596492,139,82745.75438596492,0,0,0,1,0,1,0,0,0
27,8,1,1,3,1,4,3,4621,1,3,2,1,0,3,2.67,17372.83423076923,33,12751.83423076923,0,0,1,0,0,1,0,0,0
55,46,2,1,5,2,4,4,17950,3,9,5,8,1,13,3.67,69047.72894688007,12784,51097.72894688007,1,0,0,0,1,0,1,0,0
37,20,1,3,4,3,1,2,15973,3,26,1,4,1,5,2.67,69047.72894688007,12784,53074.72894688007,0,0,0,0,1,0,0,1,0
33,19,1,2,2,4,1,2,3929,3,9,7,1,0,8,2.33,69047.72894688007,12784,65118.72894688007,1,1,0,0,0,0,1,0,1
38,9,2,1,2,2,4,3,2899,0,2,2,1,0,3,2.67,69047.72894688007,12784,66148.72894688007,0,0,1,0,0,0,0,0,0
44,45,4,3,1,1,2,1,9367,3,24,5,5,1,10,1.33,102997.714045,2542,93630.714045,0,0,0,1,0,0,0,1,1
21,26,3,4,1,2,2,3,10084,4,22,11,2,0,13,1.67,69047.72894688007,12784,58963.72894688007,0,1,0,1,0,0,0,1,0
22,16,1,4,5,4,1,4,7043,2,18,1,4,1,5,3.33,69047.72894688007,12784,62004.72894688007,0,0,1,0,0,0,0,1,0
22,36,1,3,2,4,4,4,3845,2,19,10,2,0,12,3.33,69047.72894688007,12784,65202.72894688007,0,1,0,0,0,0,0,1,0
21,21,3,2,2,1,4,4,19941,1,8,8,8,1,16,2.33,69047.72894688007,12784,49106.72894688007,0,0,1,0,1,0,1,0,0
40,13,1,3,5,1,2,2,14481,4,29,2,7,1,9,2.67,102997.714045,2542,88516.714045,0,0,0,0,1,0,0,1,0
21,30,1,4,5,3,1,3,7847,2,8,2,6,1,8,3.0,102997.714045,2542,95150.714045,1,0,0,1,0,0,1,0,0
24,49,3,5,5,2,1,3,3915,1,17,11,4,1,15,2.67,69047.72894688007,12784,65132.72894688007,1,1,0,0,0,0,0,1,0
46,38,1,2,4,1,2,3,6110,3,20,1,6,1,7,2.33,69047.72894688007,12784,62937.72894688007,0,0,1,0,0,0,0,1,0
40,2,2,1,4,4,4,2,2342,0,4,2,2,0,4,4.0,89817.88593023256,119,87475.88593023256,1,1,0,0,0,1,0,0,0
59,45,1,1,3,3,3,3,6965,2,15,11,4,1,15,3.0,69047.72894688007,12784,62082.72894688007,1,0,1,0,0,0,0,1,0
31,11,1,2,4,2,4,2,12950,1,28,2,0,0,2,3.33,102997.714045,2542,90047.714045,0,1,0,1,0,0,0,1,0
43,32,3,2,3,3,4,1,16305,2,20,2,3,1,5,3.33,102997.714045,2542,86692.714045,0,1,0,0,1,0,0,1,0
33,3,3,1,5,4,4,3,6751,1,13,3,8,1,11,4.33,102997.714045,2542,96246.714045,0,0,1,0,0,0,0,1,0
29,45,3,1,4,4,3,3,7695,3,19,8,2,0,10,3.67,69047.72894688007,12784,61352.72894688007,1,0,1,1,0,0,0,1,0
55,40,3,1,2,4,3,1,4924,4,26,14,7,1,21,3.0,69047.72894688007,12784,64123.72894688007,1,0,0,0,0,0,0,1,0
37,25,2,2,4,3,3,3,5731,7,6,2,1,0,3,3.33,69047.72894688007,12784,63316.72894688007,0,0,0,0,0,0,1,0,0
23,45,4,4,4,4,4,1,19851,1,1,8,7,1,15,4.0,69047.72894688007,12784,49196.72894688007,0,0,1,0,1,0,0,0,1
46,34,2,3,4,1,4,2,9630,3,9,11,7,1,18,3.0,102997.714045,2542,93367.714045,1,1,0,1,0,0,1,0,0
36,8,1,1,4,2,3,3,18147,3,21,6,2,0,8,3.0,69047.72894688007,12784,50900.72894688007,0,1,0,0,1,0,0,1,0
21,29,1,5,4,3,3,3,10260,1,12,12,6,1,18,3.33,69047.72894688007,12784,58787.72894688007,0,1,0,1,0,0,0,1,1
18,3,3,1,4,2,3,4,1569,1,0,0,0,0,0,3.0,69047.72894688007,12784,67478.72894688007,1,1,0,0,0,0,0,0,1
48,11,1,5,3,1,1,2,3683,4,17,7,0,0,7,1.67,69047.72894688007,12784,65364.72894688007,1,0,1,0,0,0,0,1,0
44,18,3,1,1,2,1,4,17236,2,18,8,1,0,9,1.33,69047.72894688007,12784,51811.72894688007,1,0,1,0,1,0,0,1,0
52,46,3,5,1,2,3,1,18183,3,9,5,4,1,9,2.0,102997.714045,2542,84814.714045,0,0,0,0,1,0,1,0,0
38,6,2,2,3,1,4,3,5321,2,8,3,7,1,10,2.67,69047.72894688007,12784,63726.72894688007,0,0,1,0,0,0,1,0,0
59,26,2,2,3,4,4,4,12296,2,20,4,2,0,6,3.67,69047.72894688007,12784,56751.72894688007,1,1,0,1,0,0,0,1,0
45,31,2,2,1,4,4,2,13596,1,12,3,2,0,5,3.0,69047.72894688007,12784,55451.72894688007,1,0,1,1,0,0,0,1,0
20,47,2,4,3,1,3,4,17282,4,13,3,5,1,8,2.33,102997.714045,2542,85715.714045,0,0,0,0,1,0,0,1,0
27,24,3,1,1,3,2,1,13217,4,11,4,7,1,11,2.0,102997.714045,2542,89780.714045,1,0,0,1,0,0,0,1,0
44,1,3,2,4,1,3,3,5743,4,10,7,0,0,7,2.67,61845.10984536083,269,56102.10984536083,1,0,1,0,0,0,1,0,0
47,24,4,4,4,1,3,4,15542,2,29,5,7,1,12,2.67,69047.72894688007,12784,53505.72894688007,0,1,0,0,1,0,0,1,1
26,34,2,1,3,1,4,4,17626,1,16,7,8,1,15,2.67,69047.72894688007,12784,51421.72894688007,1,0,1,0,1,0,0,1,0
51,6,2,1,3,2,2,2,2838,0,7,0,7,1,7,2.33,17372.83423076923,33,14534.83423076923,0,1,0,0,0,0,1,0,0
34,49,1,1,1,3,3,3,13158,3,21,14,6,1,20,2.33,69047.72894688007,12784,55889.72894688007,1,0,1,1,0,0,0,1,0
23,40,3,4,2,2,4,3,3644,3,29,12,0,0,12,2.67,69047.72894688007,12784,65403.72894688007,0,0,1,0,0,0,0,1,0
57,18,4,2,5,3,3,3,14911,3,13,11,0,0,11,3.67,69047.72894688007,12784,54136.72894688007,1,0,1,0,1,0,0,1,0
36,34,3,5,2,3,2,4,4538,1,10,8,9,1,17,2.33,102997.714045,2542,98459.714045,0,0,0,0,0,0,1,0,0
56,48,1,2,3,4,3,3,18491,2,29,2,8,1,10,3.33,69047.72894688007,12784,50556.72894688007,0,1,0,0,1,0,0,1,0
58,46,3,1,2,4,3,1,5847,4,21,6,7,1,13,3.0,69047.72894688007,12784,63200.72894688007,1,0,1,0,0,0,0,1,0
57,19,1,5,5,1,2,4,10181,2,8,7,8,1,15,2.67,69047.72894688007,12784,58866.72894688007,0,0,0,1,0,0,1,0,0
41,9,3,2,2,2,4,4,12748,4,2,8,2,0,10,2.67,102997.714045,2542,90249.714045,0,0,1,1,0,0,0,0,1
37,27,4,1,1,3,1,2,5346,2,28,2,1,0,3,1.67,69047.72894688007,12784,63701.72894688007,1,0,0,0,0,0,0,1,0
28,28,4,1,2,3,2,3,5108,1,20,9,8,1,17,2.33,102997.714045,2542,97889.714045,0,1,0,0,0,0,0,1,0
38,23,4,1,4,2,4,2,19175,2,29,7,5,1,12,3.33,102997.714045,2542,83822.714045,1,1,0,0,1,0,0,1,0
27,13,3,5,5,2,2,1,8405,1,27,5,9,1,14,3.0,69047.72894688007,12784,60642.72894688007,0,0,0,1,0,0,0,1,0
33,44,2,1,1,3,4,3,3224,1,11,10,8,1,18,2.67,69047.72894688007,12784,65823.72894688007,1,1,0,0,0,0,0,1,0
20,4,3,1,1,1,2,3,2973,1,1,0,0,0,0,1.33,17372.83423076923,33,14399.83423076923,0,1,0,0,0,0,0,0,1
40,7,3,1,1,1,2,1,2166,3,4,2,0,0,2,1.33,17372.83423076923,33,15206.83423076923,1,1,0,0,0,1,0,0,1
50,19,2,4,5,4,4,1,16883,3,12,2,3,1,5,4.33,102997.714045,2542,86114.714045,0,0,1,0,1,0,0,1,0
31,45,3,1,5,3,3,4,8107,1,23,4,1,0,5,3.67,69047.72894688007,12784,60940.72894688007,0,0,1,1,0,0,0,1,0
40,23,1,2,4,3,3,4,7246,2,24,3,9,1,12,3.33,69047.72894688007,12784,61801.72894688007,0,0,1,0,0,0,0,1,0
59,37,4,2,3,2,4,3,12792,2,3,10,4,1,14,3.0,102997.714045,2542,90205.714045,0,0,0,1,0,1,0,0,0
46,32,2,2,2,1,4,2,4560,1,24,10,2,0,12,2.33,69047.72894688007,12784,64487.72894688007,0,1,0,0,0,0,0,1,0
29,13,3,2,2,1,1,1,5765,5,5,3,0,0,3,1.33,91683.75438596492,139,85918.75438596492,0,1,0,0,0,1,0,0,1
39,26,2,2,5,1,3,3,14846,3,23,4,8,1,12,3.0,69047.72894688007,12784,54201.72894688007,1,1,0,0,1,0,0,1,0
56,10,3,3,1,3,2,4,7976,2,23,1,2,0,3,2.0,69047.72894688007,12784,61071.72894688007,1,1,0,1,0,0,0,1,0
50,13,4,2,4,2,1,3,6341,3,8,13,2,0,15,2.33,69047.72894688007,12784,62706.72894688007,0,0,1,0,0,0,1,0,0
39,30,3,4,5,1,3,4,8945,1,10,8,3,1,11,3.0,69047.72894688007,12784,60102.72894688007,1,0,0,1,0,0,1,0,1
34,19,3,3,5,1,1,3,4833,2,18,4,3,1,7,2.33,69047.72894688007,12784,64214.72894688007,1,0,0,0,0,0,0,1,0
38,7,4,2,1,1,3,3,5605,1,8,0,7,1,7,1.67,91683.75438596492,139,86078.75438596492,1,0,0,0,0,0,1,0,0
24,22,3,2,4,3,1,3,12646,1,27,13,2,0,15,2.67,69047.72894688007,12784,56401.72894688007,1,1,0,1,0,0,0,1,0
37,22,2,4,3,1,4,1,7942,1,14,12,1,0,13,2.67,102997.714045,2542,95055.714045,1,0,1,1,0,0,0,1,0
34,45,1,1,4,1,3,4,3930,2,10,12,1,0,13,2.67,102997.714045,2542,99067.714045,1,0,1,0,0,0,1,0,0
51,1,4,4,5,4,1,1,14805,4,7,6,1,0,7,3.33,69047.72894688007,12784,54242.72894688007,0,0,1,0,1,0,1,0,0
37,32,1,5,1,2,1,3,8811,1,9,2,5,1,7,1.33,102997.714045,2542,94186.714045,1,0,1,1,0,0,1,0,0
33,41,2,4,1,3,2,3,7330,2,22,3,9,1,12,2.0,69047.72894688007,12784,61717.72894688007,0,1,0,0,0,0,0,1,0
29,30,1,4,3,4,3,4,15170,4,5,1,2,0,3,3.33,69047.72894688007,12784,53877.72894688007,1,0,0,0,1,1,0,0,0
44,5,2,1,3,3,4,3,3162,3,5,2,0,0,2,3.33,17372.83423076923,33,14210.83423076923,0,1,0,0,0,1,0,0,0
20,40,3,1,1,1,1,3,10542,4,24,10,3,1,13,1.0,69047.72894688007,12784,58505.72894688007,1,0,1,1,0,0,0,1,0
41,7,2,3,5,3,1,4,11325,4,7,7,5,1,12,3.0,69047.72894688007,12784,57722.72894688007,0,0,0,1,0,0,1,0,0
35,18,3,2,3,3,2,3,4601,1,5,2,1,0,3,2.67,91683.75438596492,139,87082.75438596492,0,0,1,0,0,1,0,0,0
33,37,4,1,1,4,1,1,10645,3,5,7,0,0,7,2.0,69047.72894688007,12784,58402.72894688007,1,1,0,1,0,1,0,0,0
20,42,3,1,4,3,4,1,6798,4,26,1,7,1,8,3.67,69047.72894688007,12784,62249.72894688007,0,0,0,0,0,0,0,1,1
28,4,2,2,4,2,4,3,8656,3,4,1,2,0,3,3.33,69047.72894688007,12784,60391.72894688007,0,0,0,1,0,1,0,0,0
44,46,3,3,2,4,2,1,16384,1,18,9,5,1,14,2.67,102997.714045,2542,86613.714045,0,0,1,0,1,0,0,1,0
36,15,3,2,3,1,2,2,4834,7,1,0,0,0,0,2.0,17372.83423076923,33,12538.83423076923,0,0,0,0,0,0,0,0,1
42,32,3,3,4,3,4,4,5772,2,3,7,1,0,8,3.67,69047.72894688007,12784,63275.72894688007,0,1,0,0,0,1,0,0,0
58,23,3,3,4,4,4,2,10312,1,40,10,15,1,25,4.0,69047.72894688007,12784,58735.72894688007,0,0,1,1,0,0,0,1,1
22,45,3,2,1,1,4,4,4273,4,29,3,1,0,4,2.0,102997.714045,2542,98724.714045,1,1,0,0,0,0,0,1,0
49,32,2,3,5,3,3,3,19697,2,25,6,3,1,9,3.67,102997.714045,2542,83300.714045,1,1,0,0,1,0,0,1,0
57,7,2,4,4,2,4,2,14088,1,24,9,6,1,15,3.33,69047.72894688007,12784,54959.72894688007,0,1,0,0,1,0,0,1,0
42,46,2,4,5,4,3,4,7659,4,10,13,9,1,22,4.0,69047.72894688007,12784,61388.72894688007,1,0,0,1,0,0,1,0,0
27,6,2,1,3,1,3,2,2187,0,5,3,0,0,3,2.33,89817.88593023256,119,87630.88593023256,0,0,0,0,0,1,0,0,0
41,27,1,3,3,3,2,2,8517,3,21,13,7,1,20,2.67,69047.72894688007,12784,60530.72894688007,1,1,0,1,0,0,0,1,1
37,2,4,1,5,4,1,4,9241,1,27,2,5,1,7,3.33,69047.72894688007,12784,59806.72894688007,0,0,1,1,0,0,0,1,0
43,7,3,3,1,3,1,2,9985,8,1,0,0,0,0,1.67,69047.72894688007,12784,59062.72894688007,0,0,1,1,0,0,0,0,0
53,2,2,3,2,3,1,3,7525,2,15,7,6,1,13,2.0,91683.75438596492,139,84158.75438596492,0,0,1,0,0,0,0,1,0
38,1,3,3,1,4,2,3,13582,1,15,12,5,1,17,2.33,69047.72894688007,12784,55465.72894688007,0,0,1,1,0,0,0,1,0
49,35,2,5,2,3,4,2,11535,2,2,2,9,1,11,3.0,102997.714045,2542,91462.714045,1,0,1,1,0,0,0,0,0
24,17,2,2,3,4,2,3,4377,1,4,2,3,1,5,3.0,69047.72894688007,12784,64670.72894688007,0,0,0,0,0,1,0,0,0
25,26,3,1,4,1,2,1,3328,2,25,11,8,1,19,2.33,69047.72894688007,12784,65719.72894688007,1,0,0,0,0,0,0,1,1
51,22,1,1,2,3,2,4,14068,1,19,4,3,1,7,2.33,69047.72894688007,12784,54979.72894688007,1,1,0,0,1,0,0,1,0
31,20,3,2,3,2,1,3,4197,1,10,8,0,0,8,2.0,17372.83423076923,33,13175.83423076923,0,0,0,0,0,0,1,0,0
43,32,3,2,5,1,1,1,6225,4,2,14,9,1,23,2.33,69047.72894688007,12784,62822.72894688007,0,0,1,0,0,0,0,0,0
22,21,3,2,2,3,3,1,12638,2,14,7,7,1,14,2.67,102997.714045,2542,90359.714045,0,0,1,1,0,0,0,1,0
23,15,3,2,2,4,2,1,15675,1,7,8,3,1,11,2.67,69047.72894688007,12784,53372.72894688007,0,0,1,0,1,0,1,0,0
34,4,3,2,3,3,1,3,6538,9,3,2,1,0,3,2.33,91683.75438596492,139,85145.75438596492,0,0,1,0,0,1,0,0,0
50,14,4,2,2,2,1,1,13962,3,23,4,8,1,12,1.67,69047.72894688007,12784,55085.72894688007,1,0,0,0,1,0,0,1,0
51,18,2,2,2,3,1,2,6597,3,3,6,6,1,12,2.0,69047.72894688007,12784,62450.72894688007,0,1,0,0,0,1,0,0,0
31,16,3,3,3,1,1,3,8161,2,1,0,0,0,0,1.67,91683.75438596492,139,83522.75438596492,0,0,1,1,0,0,0,0,1
42,48,3,3,3,4,1,2,3829,1,6,3,2,0,5,2.67,102997.714045,2542,99168.714045,0,0,1,0,0,0,1,0,0
44,1,3,2,1,2,3,2,5454,5,4,3,1,0,4,2.0,91683.75438596492,139,86229.75438596492,1,0,0,0,0,1,0,0,0
36,15,1,2,4,4,1,2,5406,1,15,12,11,1,23,3.0,91683.75438596492,139,86277.75438596492,0,0,0,0,0,0,0,1,0
22,18,3,5,1,1,1,1,9551,3,19,13,5,1,18,1.0,69047.72894688007,12784,59496.72894688007,1,0,1,1,0,0,0,1,0
25,42,1,2,4,2,3,1,9938,4,17,14,5,1,19,3.0,69047.72894688007,12784,59109.72894688007,1,0,1,1,0,0,0,1,0
34,6,1,1,2,4,1,2,5104,1,1,12,4,1,16,2.33,69047.72894688007,12784,63943.72894688007,1,0,1,0,0,0,0,0,0
58,5,2,5,5,3,2,1,17917,2,19,4,6,1,10,3.33,102997.714045,2542,85080.714045,0,1,0,0,1,0,0,1,0
22,15,2,4,2,2,2,3,19093,2,6,3,0,0,3,2.0,69047.72894688007,12784,49954.72894688007,1,0,0,0,1,0,1,0,0
42,14,3,5,5,1,3,4,5470,2,25,8,3,1,11,3.0,69047.72894688007,12784,63577.72894688007,0,0,0,0,0,0,0,1,0
44,31,2,1,3,4,2,4,18240,2,22,11,6,1,17,3.0,69047.72894688007,12784,50807.72894688007,1,0,1,0,1,0,0,1,0
25,45,1,2,3,3,2,1,3209,2,25,8,8,1,16,2.67,102997.714045,2542,99788.714045,0,0,1,0,0,0,0,1,1
38,25,3,1,3,2,2,4,3319,3,13,6,0,0,6,2.33,69047.72894688007,12784,65728.72894688007,0,0,0,0,0,0,0,1,0
39,38,3,2,1,4,3,3,3429,2,29,6,5,1,11,2.67,69047.72894688007,12784,65618.72894688007,1,1,0,0,0,0,0,1,0
42,18,2,3,5,3,2,1,9287,3,18,7,8,1,15,3.33,102997.714045,2542,93710.714045,1,1,0,1,0,0,0,1,0
45,19,2,5,4,1,4,2,11571,1,7,9,9,1,18,3.0,69047.72894688007,12784,57476.72894688007,1,1,0,1,0,0,1,0,0
32,4,1,3,4,4,3,2,10400,1,14,8,9,1,17,3.67,91683.75438596492,139,81283.75438596492,0,0,1,1,0,0,0,1,1
59,20,2,4,5,3,2,1,7310,1,13,14,6,1,20,3.33,69047.72894688007,12784,61737.72894688007,0,0,1,0,0,0,0,1,0
28,48,1,4,1,3,4,1,4303,3,10,4,9,1,13,2.67,69047.72894688007,12784,64744.72894688007,0,0,0,0,0,0,1,0,0
37,2,2,5,4,4,2,1,10106,4,16,10,0,0,10,3.33,69047.72894688007,12784,58941.72894688007,1,1,0,1,0,0,0,1,0
35,1,1,1,4,3,4,3,2977,1,4,3,1,0,4,3.67,89817.88593023256,119,86840.88593023256,0,0,1,0,0,1,0,0,0
29,7,3,2,4,3,2,3,6623,1,6,0,1,0,1,3.0,69047.72894688007,12784,62424.72894688007,1,0,0,0,0,0,1,0,0
50,3,3,1,5,4,3,1,14379,2,20,14,3,1,17,4.0,69047.72894688007,12784,54668.72894688007,0,0,1,0,1,0,0,1,0
37,7,4,1,3,4,2,3,15435,2,20,12,2,0,14,3.0,69047.72894688007,12784,53612.72894688007,0,0,0,0,1,0,0,1,1
30,37,2,2,1,2,2,2,3182,4,12,2,7,1,9,1.67,69047.72894688007,12784,65865.72894688007,0,1,0,0,0,0,0,1,0
46,32,2,3,1,2,1,1,16686,3,5,7,5,1,12,1.33,69047.72894688007,12784,52361.72894688007,1,0,0,0,1,1,0,0,0
38,25,3,3,3,4,2,2,6157,4,18,7,8,1,15,3.0,69047.72894688007,12784,62890.72894688007,0,0,1,0,0,0,0,1,0
28,31,3,5,4,4,4,1,10658,3,16,13,1,0,14,4.0,69047.72894688007,12784,58389.72894688007,0,0,1,1,0,0,0,1,0
32,33,1,4,5,1,2,1,6813,2,19,4,5,1,9,2.67,69047.72894688007,12784,62234.72894688007,1,0,1,0,0,0,0,1,0
36,45,3,2,3,3,1,1,4909,1,20,1,3,1,4,2.33,69047.72894688007,12784,64138.72894688007,1,1,0,0,0,0,0,1,0
49,20,4,1,5,1,1,4,8894,3,14,6,4,1,10,2.33,69047.72894688007,12784,60153.72894688007,0,0,1,1,0,0,0,1,0
50,44,3,2,4,4,4,3,12720,3,1,8,5,1,13,4.0,69047.72894688007,12784,56327.72894688007,0,1,0,1,0,0,0,0,0
43,42,1,5,4,3,3,2,14889,4,7,11,2,0,13,3.33,102997.714045,2542,88108.714045,0,0,1,0,1,0,1,0,0
43,14,1,1,2,4,1,2,5805,3,24,10,1,0,11,2.33,69047.72894688007,12784,63242.72894688007,0,0,1,0,0,0,0,1,0
26,13,1,4,4,3,1,3,5489,2,23,14,3,1,17,2.67,69047.72894688007,12784,63558.72894688007,0,1,0,0,0,0,0,1,0
20,39,2,3,1,2,2,3,11287,1,10,2,7,1,9,1.67,69047.72894688007,12784,57760.72894688007,0,1,0,1,0,0,1,0,0
23,27,2,5,1,2,3,2,3056,1,4,11,5,1,16,2.0,102997.714045,2542,99941.714045,0,0,1,0,0,1,0,0,0
40,3,1,1,4,4,3,4,6275,3,2,9,2,0,11,3.67,69047.72894688007,12784,62772.72894688007,0,1,0,0,0,0,0,0,0
27,21,4,3,3,4,2,3,7977,4,28,4,1,0,5,3.0,102997.714045,2542,95020.714045,0,0,1,1,0,0,0,1,0
37,17,1,4,3,4,4,4,16242,1,5,12,0,0,12,3.67,69047.72894688007,12784,52805.72894688007,1,1,0,0,1,1,0,0,0
20,4,2,1,4,1,1,3,19041,3,27,13,5,1,18,2.0,69047.72894688007,12784,50006.72894688007,1,1,0,0,1,0,0,1,0
38,48,1,2,1,2,4,3,15565,4,28,1,5,1,6,2.33,69047.72894688007,12784,53482.72894688007,1,0,1,0,1,0,0,1,0
42,38,3,1,4,3,4,3,17675,3,2,6,5,1,11,3.67,102997.714045,2542,85322.714045,0,0,1,0,1,0,0,0,0
41,4,3,2,2,1,3,3,9355,1,8,7,7,1,14,2.0,91683.75438596492,139,82328.75438596492,0,1,0,1,0,0,1,0,1
48,30,1,1,1,2,2,2,13048,3,22,12,8,1,20,1.67,102997.714045,2542,89949.714045,0,0,1,1,0,0,0,1,0
43,38,4,4,2,4,2,3,15470,2,27,2,0,0,2,2.67,102997.714045,2542,87527.714045,1,0,0,0,1,0,0,1,1
38,4,2,5,2,4,2,4,4901,2,15,9,4,1,13,2.67,69047.72894688007,12784,64146.72894688007,0,1,0,0,0,0,0,1,0
52,34,3,5,2,4,4,4,9114,3,11,13,6,1,19,3.33,69047.72894688007,12784,59933.72894688007,0,0,0,1,0,0,0,1,0
29,27,4,1,3,2,4,3,3130,3,13,8,3,1,11,3.0,102997.714045,2542,99867.714045,0,1,0,0,0,0,0,1,0
38,3,1,2,3,3,4,3,11206,2,27,1,2,0,3,3.33,69047.72894688007,12784,57841.72894688007,0,0,1,1,0,0,0,1,1
41,44,3,5,4,4,1,4,9704,4,7,3,9,1,12,3.0,69047.72894688007,12784,59343.72894688007,0,1,0,1,0,0,1,0,1
20,26,2,3,3,4,3,4,15571,3,13,13,2,0,15,3.33,69047.72894688007,12784,53476.72894688007,0,0,1,0,1,0,0,1,0
37,44,2,3,2,1,2,4,13568,1,24,9,2,0,11,1.67,69047.72894688007,12784,55479.72894688007,0,1,0,1,0,0,0,1,0
40,14,3,4,5,1,2,2,15132,2,28,11,1,0,12,2.67,69047.72894688007,12784,53915.72894688007,0,0,1,0,1,0,0,1,1
47,44,4,3,3,3,3,3,14490,1,10,1,2,0,3,3.0,69047.72894688007,12784,54557.72894688007,1,0,0,0,1,0,1,0,0
29,37,2,1,5,2,4,2,18706,2,10,12,8,1,20,3.67,69047.72894688007,12784,50341.72894688007,1,0,0,0,1,0,1,0,0
40,28,3,3,1,3,4,1,16086,3,10,3,2,0,5,2.67,69047.72894688007,12784,52961.72894688007,1,0,1,0,1,0,1,0,0
51,48,1,2,3,3,4,1,4204,4,28,8,1,0,9,3.33,69047.72894688007,12784,64843.72894688007,1,0,1,0,0,0,0,1,0
29,3,3,2,3,2,1,2,5561,1,6,0,1,0,1,2.0,91683.75438596492,139,86122.75438596492,0,0,1,0,0,0,1,0,0
42,48,1,1,1,4,2,4,11572,2,11,14,5,1,19,2.33,69047.72894688007,12784,57475.72894688007,0,0,0,1,0,0,0,1,0
40,10,2,3,2,1,2,2,9705,2,1,0,0,0,0,1.67,91683.75438596492,139,81978.75438596492,0,0,0,1,0,0,0,0,0
40,42,3,1,3,4,4,3,11144,1,16,13,5,1,18,3.67,69047.72894688007,12784,57903.72894688007,1,0,0,1,0,0,0,1,0
38,8,2,2,2,4,3,3,2133,1,20,11,0,0,11,3.0,89817.88593023256,119,87684.88593023256,1,0,0,0,0,0,0,1,0
31,49,4,4,5,2,1,2,8911,4,12,8,0,0,8,2.67,102997.714045,2542,94086.714045,0,0,0,1,0,0,0,1,1
27,11,4,1,4,3,2,3,2534,8,1,0,0,0,0,3.0,69047.72894688007,12784,66513.72894688007,0,0,1,0,0,0,0,0,0
24,36,3,3,1,1,4,1,7036,3,29,5,6,1,11,2.0,102997.714045,2542,95961.714045,1,0,0,0,0,0,0,1,0
49,33,2,3,4,3,3,1,10825,1,26,7,3,1,10,3.33,69047.72894688007,12784,58222.72894688007,0,0,1,1,0,0,0,1,0
33,17,4,2,2,2,2,2,13498,4,19,13,7,1,20,2.0,69047.72894688007,12784,55549.72894688007,0,0,1,1,0,0,0,1,0
31,35,2,1,1,4,2,2,5953,3,9,10,2,0,12,2.33,69047.72894688007,12784,63094.72894688007,1,1,0,0,0,0,1,0,0
56,35,3,1,5,2,4,3,5940,4,27,9,0,0,9,3.67,69047.72894688007,12784,63107.72894688007,0,1,0,0,0,0,0,1,1
58,36,4,3,1,3,1,2,7340,3,21,5,4,1,9,1.67,69047.72894688007,12784,61707.72894688007,0,0,0,0,0,0,0,1,0
20,6,2,2,2,2,3,1,14092,4,11,12,8,1,20,2.33,69047.72894688007,12784,54955.72894688007,1,1,0,0,1,0,0,1,0
25,35,2,1,3,3,1,4,16583,4,23,14,4,1,18,2.33,69047.72894688007,12784,52464.72894688007,0,0,1,0,1,0,0,1,0
28,34,3,2,5,3,3,4,10830,4,24,12,8,1,20,3.67,69047.72894688007,12784,58217.72894688007,0,0,1,1,0,0,0,1,0
43,12,3,4,2,1,4,1,18660,2,9,5,8,1,13,2.33,69047.72894688007,12784,50387.72894688007,1,0,1,0,1,0,1,0,1
31,34,2,4,2,2,4,1,13186,4,21,11,4,1,15,2.67,69047.72894688007,12784,55861.72894688007,1,0,0,1,0,0,0,1,0
25,6,2,1,4,2,2,2,19334,3,5,1,4,1,5,2.67,69047.72894688007,12784,49713.72894688007,1,1,0,0,1,1,0,0,0
32,10,3,2,4,4,4,2,5396,1,10,7,0,0,7,4.0,91683.75438596492,139,86287.75438596492,0,1,0,0,0,0,1,0,0
41,24,1,3,2,4,3,4,7758,4,9,6,6,1,12,3.0,69047.72894688007,12784,61289.72894688007,1,0,0,1,0,0,1,0,1
26,11,3,2,1,1,3,3,4741,1,5,3,3,1,6,1.67,69047.72894688007,12784,64306.72894688007,1,0,1,0,0,1,0,0,0
30,5,3,1,1,4,4,3,3204,5,3,2,2,0,4,3.0,89817.88593023256,119,86613.88593023256,0,0,0,0,0,1,0,0,0
34,38,2,4,5,1,4,4,8559,1,1,10,5,1,15,3.33,102997.714045,2542,94438.714045,0,0,1,1,0,0,0,0,1
39,21,1,2,3,1,3,3,5736,6,3,2,1,0,3,2.33,91683.75438596492,139,85947.75438596492,0,0,1,0,0,1,0,0,0
22,24,4,5,5,4,3,2,10237,3,5,7,3,1,10,4.0,69047.72894688007,12784,58810.72894688007,0,1,0,1,0,1,0,0,1
31,9,2,1,1,3,1,3,2321,0,3,2,1,0,3,1.67,89817.88593023256,119,87496.88593023256,1,1,0,0,0,1,0,0,1
41,18,2,4,1,2,1,3,5169,1,8,10,0,0,10,1.33,102997.714045,2542,97828.714045,1,0,0,0,0,0,1,0,0
30,8,2,1,1,3,4,1,3397,1,18,2,8,1,10,2.67,102997.714045,2542,99600.714045,0,1,0,0,0,0,0,1,0
52,27,4,5,5,2,2,2,14685,4,2,10,9,1,19,3.0,69047.72894688007,12784,54362.72894688007,1,0,0,0,1,0,0,0,0
41,1,3,2,1,3,4,3,4103,0,9,3,1,0,4,2.67,91683.75438596492,139,87580.75438596492,0,0,0,0,0,0,1,0,0
35,40,3,5,2,2,1,3,13694,2,28,3,3,1,6,1.67,69047.72894688007,12784,55353.72894688007,0,0,1,1,0,0,0,1,0
22,46,2,2,2,2,2,1,3123,2,28,11,6,1,17,2.0,69047.72894688007,12784,65924.72894688007,0,1,0,0,0,0,0,1,0
40,23,3,1,1,1,2,3,6836,4,1,3,4,1,7,1.33,102997.714045,2542,96161.714045,0,0,0,0,0,0,0,0,0
48,39,4,5,5,1,1,4,15262,2,16,5,6,1,11,2.33,69047.72894688007,12784,53785.72894688007,1,0,1,0,1,0,0,1,0
35,36,4,4,1,3,2,4,11523,2,6,8,3,1,11,2.0,69047.72894688007,12784,57524.72894688007,1,1,0,1,0,0,1,0,1
38,9,1,3,3,3,1,2,4425,3,8,11,1,0,12,2.33,102997.714045,2542,98572.714045,0,0,1,0,0,0,1,0,0
56,5,3,4,3,4,1,4,4342,1,10,11,7,1,18,2.67,69047.72894688007,12784,64705.72894688007,1,0,0,0,0,0,1,0,0
56,1,3,2,3,3,1,2,6306,1,13,12,1,0,13,2.33,69047.72894688007,12784,62741.72894688007,0,0,0,0,0,0,0,1,0
45,22,2,1,1,3,2,1,9238,4,25,7,3,1,10,2.0,69047.72894688007,12784,59809.72894688007,0,1,0,1,0,0,0,1,0
56,20,3,5,2,2,1,2,16220,2,15,3,9,1,12,1.67,69047.72894688007,12784,52827.72894688007,0,0,1,0,1,0,0,1,0
24,3,3,2,3,1,1,3,4577,9,2,2,2,0,4,1.67,91683.75438596492,139,87106.75438596492,0,1,0,0,0,0,0,0,1
35,20,1,2,2,3,1,2,17590,2,5,3,1,0,4,2.0,69047.72894688007,12784,51457.72894688007,1,0,0,0,1,1,0,0,0
58,41,3,5,2,2,4,3,14769,3,19,9,3,1,12,2.67,69047.72894688007,12784,54278.72894688007,0,1,0,0,1,0,0,1,0
41,15,3,1,1,3,3,3,15997,4,21,6,6,1,12,2.33,69047.72894688007,12784,53050.72894688007,0,0,0,0,1,0,0,1,0
21,21,4,3,1,4,1,3,14492,3,25,4,0,0,4,2.0,69047.72894688007,12784,54555.72894688007,0,0,0,0,1,0,0,1,0
46,26,4,5,2,2,1,1,11824,2,6,3,4,1,7,1.67,69047.72894688007,12784,57223.72894688007,1,1,0,1,0,0,1,0,0
44,26,2,3,2,1,3,1,9778,1,6,4,3,1,7,2.0,102997.714045,2542,93219.714045,0,1,0,1,0,0,1,0,0
32,22,2,1,3,3,1,3,17622,2,18,10,6,1,16,2.33,69047.72894688007,12784,51425.72894688007,1,0,1,0,1,0,0,1,0
45,15,4,1,1,4,4,2,13144,4,3,2,0,0,2,3.0,69047.72894688007,12784,55903.72894688007,1,0,1,1,0,1,0,0,0
42,42,2,4,1,1,1,2,12107,1,4,10,6,1,16,1.0,69047.72894688007,12784,56940.72894688007,0,0,1,1,0,1,0,0,0
35,28,4,2,3,2,4,2,3407,1,10,9,6,1,15,3.0,17372.83423076923,33,13965.83423076923,0,0,1,0,0,0,1,0,0
26,16,2,1,2,3,3,2,14045,3,21,12,0,0,12,2.67,69047.72894688007,12784,55002.72894688007,1,1,0,0,1,0,0,1,0
48,46,4,2,2,1,2,3,9595,4,18,2,5,1,7,1.67,69047.72894688007,12784,59452.72894688007,1,0,1,1,0,0,0,1,1
53,36,3,5,5,2,2,1,7060,1,1,1,4,1,5,3.0,69047.72894688007,12784,61987.72894688007,0,1,0,0,0,0,0,0,0
41,1,3,5,3,2,3,4,9551,2,28,14,1,0,15,2.67,102997.714045,2542,93446.714045,0,1,0,1,0,0,0,1,0
46,19,2,3,2,4,4,2,7050,4,14,12,3,1,15,3.33,69047.72894688007,12784,61997.72894688007,0,0,0,0,0,0,0,1,0
53,5,3,5,3,3,4,2,19094,4,14,13,4,1,17,3.33,102997.714045,2542,83903.714045,0,0,0,0,1,0,0,1,0
54,29,3,2,4,1,1,3,7710,2,25,8,1,0,9,2.0,69047.72894688007,12784,61337.72894688007,0,0,0,1,0,0,0,1,0
33,1,2,1,1,3,2,3,2799,3,3,2,0,0,2,2.0,89817.88593023256,119,87018.88593023256,1,1,0,0,0,1,0,0,0
58,4,1,5,5,3,3,4,7121,3,5,3,0,0,3,3.67,69047.72894688007,12784,61926.72894688007,0,1,0,0,0,1,0,0,1
46,40,1,4,1,1,1,1,7640,3,11,3,0,0,3,1.0,69047.72894688007,12784,61407.72894688007,1,1,0,1,0,0,0,1,0
43,43,1,5,4,3,4,1,5773,2,4,4,9,1,13,3.67,69047.72894688007,12784,63274.72894688007,1,1,0,0,0,1,0,0,1
33,5,4,4,1,4,3,4,14642,2,23,4,0,0,4,2.67,69047.72894688007,12784,54405.72894688007,1,1,0,0,1,0,0,1,0
23,45,3,3,5,2,3,4,17780,4,18,2,3,1,5,3.33,102997.714045,2542,85217.714045,0,0,1,0,1,0,0,1,0
20,37,2,5,1,2,4,2,14004,3,4,13,2,0,15,2.33,69047.72894688007,12784,55043.72894688007,1,0,0,0,1,1,0,0,0
59,40,1,4,3,3,3,3,19673,1,17,5,2,0,7,3.0,69047.72894688007,12784,49374.72894688007,1,0,1,0,1,0,0,1,0
41,22,1,1,2,2,4,1,11304,3,11,13,3,1,16,2.67,69047.72894688007,12784,57743.72894688007,1,1,0,1,0,0,0,1,0
44,37,4,1,2,1,1,4,3542,2,20,3,1,0,4,1.33,69047.72894688007,12784,65505.72894688007,0,1,0,0,0,0,0,1,0
54,3,3,4,4,4,1,3,17779,3,10,9,0,0,9,3.0,69047.72894688007,12784,51268.72894688007,0,0,1,0,1,0,1,0,0
48,15,3,1,1,3,4,2,2367,8,8,2,7,1,9,2.67,89817.88593023256,119,87450.88593023256,0,0,1,0,0,0,1,0,0
34,27,1,3,1,4,2,1,8139,4,20,14,1,0,15,2.33,69047.72894688007,12784,60908.72894688007,0,0,1,1,0,0,0,1,0
34,15,2,1,5,2,2,4,8958,4,18,5,2,0,7,3.0,69047.72894688007,12784,60089.72894688007,1,0,1,1,0,0,0,1,0
58,11,4,4,4,2,3,4,8240,3,4,7,4,1,11,3.0,102997.714045,2542,94757.714045,1,1,0,1,0,1,0,0,0
32,16,3,5,3,4,1,2,9652,4,26,3,6,1,9,2.67,102997.714045,2542,93345.714045,0,1,0,1,0,0,0,1,0
37,32,1,5,3,4,2,3,9887,3,22,2,6,1,8,3.0,69047.72894688007,12784,59160.72894688007,1,0,1,1,0,0,0,1,0
45,7,4,2,3,1,4,3,6434,4,3,2,0,0,2,2.67,69047.72894688007,12784,62613.72894688007,0,0,1,0,0,1,0,0,0
36,25,4,4,3,4,4,4,12582,2,1,11,6,1,17,3.67,102997.714045,2542,90415.714045,1,0,0,1,0,0,0,0,0
54,26,4,2,4,3,4,3,12086,3,1,6,7,1,13,3.67,102997.714045,2542,90911.714045,0,1,0,1,0,0,0,0,0
37,10,1,5,1,2,4,3,11680,2,7,7,0,0,7,2.33,69047.72894688007,12784,57367.72894688007,0,1,0,1,0,0,1,0,0
50,8,3,3,2,2,3,3,9146,3,15,13,7,1,20,2.33,69047.72894688007,12784,59901.72894688007,0,0,0,1,0,0,0,1,1
36,9,2,3,3,4,4,4,18905,3,20,11,3,1,14,3.67,69047.72894688007,12784,50142.72894688007,1,0,0,0,1,0,0,1,0
40,33,2,2,2,3,4,1,13777,4,22,4,6,1,10,3.0,102997.714045,2542,89220.714045,0,0,1,0,1,0,0,1,0
29,11,2,1,1,3,2,4,18969,2,20,12,7,1,19,2.0,69047.72894688007,12784,50078.72894688007,0,0,0,0,1,0,0,1,0
25,18,4,1,2,1,1,1,11646,1,26,1,3,1,4,1.33,69047.72894688007,12784,57401.72894688007,0,0,1,1,0,0,0,1,0
39,26,2,1,2,2,4,2,18353,4,16,5,2,0,7,2.67,69047.72894688007,12784,50694.72894688007,0,0,1,0,1,0,0,1,0
32,44,4,5,5,3,3,2,11422,3,12,9,6,1,15,3.67,69047.72894688007,12784,57625.72894688007,1,1,0,1,0,0,0,1,0
57,29,3,2,1,1,1,3,13781,2,9,1,1,0,2,1.0,69047.72894688007,12784,55266.72894688007,0,0,0,0,1,0,1,0,0
41,27,3,5,5,1,3,3,19066,4,11,9,3,1,12,3.0,69047.72894688007,12784,49981.72894688007,1,0,0,0,1,0,0,1,1
41,49,4,3,5,1,3,3,12926,2,1,14,9,1,23,3.0,69047.72894688007,12784,56121.72894688007,0,0,0,1,0,0,0,0,1
56,23,1,2,3,1,2,2,3810,1,4,2,6,1,8,2.0,102997.714045,2542,99187.714045,0,1,0,0,0,1,0,0,0
56,26,4,4,1,4,2,4,11899,1,13,9,6,1,15,2.33,69047.72894688007,12784,57148.72894688007,1,0,0,1,0,0,0,1,0
47,42,2,1,4,2,3,2,18513,3,5,6,5,1,11,3.0,69047.72894688007,12784,50534.72894688007,1,0,0,0,1,1,0,0,1
45,35,4,1,3,3,3,1,14067,2,9,13,8,1,21,3.0,102997.714045,2542,88930.714045,1,1,0,0,1,0,1,0,0
36,27,3,3,1,4,1,3,6645,1,1,7,4,1,11,2.0,69047.72894688007,12784,62402.72894688007,0,0,1,0,0,0,0,0,0
59,21,2,2,3,2,2,2,5830,3,16,5,9,1,14,2.33,69047.72894688007,12784,63217.72894688007,0,0,1,0,0,0,0,1,0
32,19,1,3,3,4,3,1,9610,3,4,3,0,0,3,3.33,91683.75438596492,139,82073.75438596492,0,0,1,1,0,1,0,0,0
28,9,3,2,2,2,4,4,3032,4,8,6,1,0,7,2.67,69047.72894688007,12784,66015.72894688007,0,0,0,0,0,0,1,0,1
40,1,3,1,2,2,3,3,2387,3,4,2,0,0,2,2.33,17372.83423076923,33,14985.83423076923,0,0,1,0,0,1,0,0,0
39,25,4,5,4,4,1,4,7044,1,2,3,2,0,5,3.0,69047.72894688007,12784,62003.72894688007,1,0,1,0,0,0,0,0,0
20,46,1,5,3,4,1,2,13684,3,29,9,9,1,18,2.67,69047.72894688007,12784,55363.72894688007,0,0,0,1,0,0,0,1,0
23,18,3,3,4,4,3,1,5159,2,26,1,4,1,5,3.67,69047.72894688007,12784,63888.72894688007,1,0,1,0,0,0,0,1,0
35,43,4,4,4,4,4,4,8817,4,16,13,7,1,20,4.0,102997.714045,2542,94180.714045,1,1,0,1,0,0,0,1,0
48,3,1,1,2,2,3,3,12712,2,13,12,9,1,21,2.33,69047.72894688007,12784,56335.72894688007,1,0,0,1,0,0,0,1,1
43,4,1,4,4,4,2,2,16196,2,10,9,4,1,13,3.33,69047.72894688007,12784,52851.72894688007,1,1,0,0,1,0,1,0,0
49,27,1,2,4,2,2,1,19358,2,28,11,1,0,12,2.67,69047.72894688007,12784,49689.72894688007,0,0,0,0,1,0,0,1,0
51,35,2,3,3,3,3,1,13302,3,1,6,8,1,14,3.0,102997.714045,2542,89695.714045,0,0,0,1,0,0,0,0,0
55,28,1,1,2,2,3,3,7105,3,2,2,8,1,10,2.33,69047.72894688007,12784,61942.72894688007,0,0,0,0,0,0,0,0,0
24,32,1,3,1,4,4,3,4245,2,16,7,3,1,10,3.0,69047.72894688007,12784,64802.72894688007,1,0,1,0,0,0,0,1,1
39,21,1,2,4,1,4,1,16299,3,19,10,6,1,16,3.0,69047.72894688007,12784,52748.72894688007,1,0,1,0,1,0,0,1,1
30,38,3,3,1,2,1,1,12345,3,3,1,5,1,6,1.33,69047.72894688007,12784,56702.72894688007,1,1,0,1,0,1,0,0,0
34,44,3,2,3,3,3,3,10428,1,29,4,9,1,13,3.0,102997.714045,2542,92569.714045,0,0,1,1,0,0,0,1,0
36,16,1,3,2,3,2,2,12922,2,18,9,9,1,18,2.33,69047.72894688007,12784,56125.72894688007,1,0,0,1,0,0,0,1,1
44,1,3,1,4,2,3,3,2436,6,4,3,1,0,4,3.0,89817.88593023256,119,87381.88593023256,1,1,0,0,0,1,0,0,0
51,2,3,3,1,4,2,4,11116,2,20,4,3,1,7,2.33,69047.72894688007,12784,57931.72894688007,0,0,0,1,0,0,0,1,0
39,9,3,2,2,3,3,2,6782,9,5,4,0,0,4,2.67,17372.83423076923,33,10590.83423076923,0,1,0,0,0,1,0,0,0
40,43,1,1,4,1,1,3,16398,4,3,9,1,0,10,2.0,69047.72894688007,12784,52649.72894688007,0,0,1,0,1,1,0,0,0
37,44,3,2,3,4,2,1,7890,3,2,2,0,0,2,3.0,69047.72894688007,12784,61157.72894688007,0,0,0,1,0,0,0,0,0
38,16,1,4,3,2,3,4,8495,2,25,8,8,1,16,2.67,69047.72894688007,12784,60552.72894688007,1,0,0,1,0,0,0,1,0
43,2,4,1,3,4,4,2,2645,1,5,3,1,0,4,3.67,89817.88593023256,119,87172.88593023256,0,0,0,0,0,1,0,0,0
44,14,1,5,2,1,2,4,18845,2,13,3,8,1,11,1.67,69047.72894688007,12784,50202.72894688007,1,0,1,0,1,0,0,1,0
47,22,3,5,5,1,1,1,8389,2,24,8,6,1,14,2.33,102997.714045,2542,94608.714045,1,0,0,1,0,0,0,1,0
48,17,3,3,4,2,3,1,4130,1,21,14,3,1,17,3.0,102997.714045,2542,98867.714045,0,1,0,0,0,0,0,1,0
36,41,4,1,5,1,4,1,4038,3,26,4,5,1,9,3.33,69047.72894688007,12784,65009.72894688007,0,0,0,0,0,0,0,1,0
26,15,1,2,2,4,4,1,18720,3,13,2,4,1,6,3.33,102997.714045,2542,84277.714045,0,1,0,0,1,0,0,1,0
24,32,2,1,5,3,3,4,15754,2,27,9,1,0,10,3.67,69047.72894688007,12784,53293.72894688007,1,0,0,0,1,0,0,1,0
25,25,4,5,4,3,4,2,16729,1,2,14,7,1,21,3.67,69047.72894688007,12784,52318.72894688007,1,1,0,0,1,0,0,0,0
25,2,4,4,4,4,4,2,12404,4,6,11,2,0,13,4.0,69047.72894688007,12784,56643.72894688007,1,1,0,1,0,0,1,0,1
58,31,2,1,4,2,4,1,5425,1,8,1,1,0,2,3.33,102997.714045,2542,97572.714045,0,0,1,0,0,0,1,0,0
28,38,4,3,3,2,1,1,14134,4,2,9,6,1,15,2.0,69047.72894688007,12784,54913.72894688007,1,0,0,0,1,0,0,0,0
53,30,4,3,3,1,1,3,14222,1,7,11,1,0,12,1.67,102997.714045,2542,88775.714045,0,0,0,0,1,0,1,0,1
41,19,1,5,4,2,3,2,6428,3,16,7,1,0,8,3.0,102997.714045,2542,96569.714045,0,1,0,0,0,0,0,1,0
27,39,4,4,2,2,4,2,19645,1,20,13,5,1,18,2.67,102997.714045,2542,83352.714045,1,0,0,0,1,0,0,1,0
25,22,4,4,4,4,2,3,17070,1,8,14,8,1,22,3.33,102997.714045,2542,85927.714045,0,0,0,0,1,0,1,0,0
58,22,2,4,4,2,1,3,10476,3,4,8,3,1,11,2.33,69047.72894688007,12784,58571.72894688007,0,0,0,1,0,1,0,0,1
29,41,4,5,4,3,1,4,18693,1,19,4,2,0,6,2.67,69047.72894688007,12784,50354.72894688007,1,0,0,0,1,0,0,1,1
47,26,3,2,5,1,4,4,9846,1,12,8,3,1,11,3.33,69047.72894688007,12784,59201.72894688007,1,0,1,1,0,0,0,1,1
54,27,3,2,4,2,1,1,6422,4,23,8,9,1,17,2.33,102997.714045,2542,96575.714045,0,0,0,0,0,0,0,1,0
22,9,4,3,3,4,3,4,18010,3,14,1,8,1,9,3.33,102997.714045,2542,84987.714045,1,0,0,0,1,0,0,1,1
40,46,4,3,3,2,2,1,6940,2,25,1,0,0,1,2.33,69047.72894688007,12784,62107.72894688007,1,0,0,0,0,0,0,1,0
41,31,2,3,3,2,4,3,5466,3,20,7,1,0,8,3.0,69047.72894688007,12784,63581.72894688007,0,0,1,0,0,0,0,1,1
45,9,3,3,1,4,3,3,10761,4,5,4,0,0,4,2.67,91683.75438596492,139,80922.75438596492,1,0,0,1,0,1,0,0,0
52,5,4,1,3,2,3,3,8556,1,20,4,7,1,11,2.67,69047.72894688007,12784,60491.72894688007,0,0,0,1,0,0,0,1,0
31,7,2,3,3,3,1,3,8943,1,10,9,8,1,17,2.33,69047.72894688007,12784,60104.72894688007,0,0,1,1,0,0,1,0,0
29,38,4,4,1,3,4,3,15349,3,6,10,0,0,10,2.67,102997.714045,2542,87648.714045,0,1,0,0,1,0,1,0,1
28,28,2,4,2,3,2,2,12166,4,9,3,3,1,6,2.33,102997.714045,2542,90831.714045,1,1,0,1,0,0,1,0,0
23,12,1,2,2,2,2,4,15788,2,10,13,8,1,21,2.0,69047.72894688007,12784,53259.72894688007,0,0,1,0,1,0,1,0,1
45,27,2,1,1,3,1,2,7945,4,2,14,2,0,16,1.67,69047.72894688007,12784,61102.72894688007,1,0,0,1,0,0,0,0,0
56,12,3,5,4,3,3,2,19008,3,1,2,3,1,5,3.33,69047.72894688007,12784,50039.72894688007,0,0,1,0,1,0,0,0,1
45,15,3,3,4,4,4,4,18696,4,26,6,0,0,6,4.0,102997.714045,2542,84301.714045,0,0,0,0,1,0,0,1,0
28,30,4,5,1,4,4,3,10127,1,4,3,5,1,8,3.0,102997.714045,2542,92870.714045,1,1,0,1,0,1,0,0,0
42,9,4,4,1,1,3,1,19031,4,26,10,8,1,18,1.67,69047.72894688007,12784,50016.72894688007,1,0,1,0,1,0,0,1,0
28,7,3,2,1,3,4,3,4898,0,4,2,1,0,3,2.67,91683.75438596492,139,86785.75438596492,0,1,0,0,0,1,0,0,0
31,34,2,4,1,2,4,4,4496,3,10,2,9,1,11,2.33,102997.714045,2542,98501.714045,1,0,0,0,0,0,1,0,0
52,33,3,1,4,2,3,4,13909,3,25,2,6,1,8,3.0,69047.72894688007,12784,55138.72894688007,1,0,1,0,1,0,0,1,0
24,41,2,4,3,2,4,4,6201,1,14,1,1,0,2,3.0,69047.72894688007,12784,62846.72894688007,1,1,0,0,0,0,0,1,0
29,10,4,5,1,1,4,3,3187,3,15,7,8,1,15,2.0,102997.714045,2542,99810.714045,1,0,1,0,0,0,0,1,0
35,6,1,1,2,1,1,4,16833,2,24,1,7,1,8,1.33,69047.72894688007,12784,52214.72894688007,0,1,0,0,1,0,0,1,1
24,9,4,1,3,3,4,3,4401,1,5,3,0,0,3,3.33,89817.88593023256,119,85416.88593023256,0,0,1,0,0,1,0,0,0
30,9,1,5,5,1,4,1,8933,1,29,5,4,1,9,3.33,69047.72894688007,12784,60114.72894688007,0,1,0,1,0,0,0,1,0
56,9,3,1,3,1,2,3,2942,2,5,4,0,0,4,2.0,89817.88593023256,119,86875.88593023256,0,0,1,0,0,1,0,0,0
29,10,4,5,2,3,1,2,15963,2,28,10,6,1,16,2.0,69047.72894688007,12784,53084.72894688007,1,0,0,0,1,0,0,1,0
49,22,2,4,5,1,2,1,5332,1,4,3,4,1,7,2.67,69047.72894688007,12784,63715.72894688007,1,1,0,0,0,1,0,0,1
20,47,4,4,1,1,3,2,4286,2,16,8,2,0,10,1.67,69047.72894688007,12784,64761.72894688007,1,0,0,0,0,0,0,1,0
22,36,1,3,3,3,2,2,14073,3,4,14,6,1,20,2.67,69047.72894688007,12784,54974.72894688007,1,0,0,0,1,1,0,0,0
23,22,3,4,3,1,4,2,18081,2,15,1,2,0,3,2.67,102997.714045,2542,84916.714045,1,0,1,0,1,0,0,1,0
50,3,2,4,2,4,1,4,8077,3,26,14,5,1,19,2.33,69047.72894688007,12784,60970.72894688007,0,0,0,1,0,0,0,1,0
20,29,1,4,5,3,1,1,6976,3,4,6,9,1,15,3.0,69047.72894688007,12784,62071.72894688007,1,0,0,0,0,1,0,0,0
26,14,4,4,3,2,1,4,9758,2,2,13,9,1,22,2.0,69047.72894688007,12784,59289.72894688007,0,0,1,1,0,0,0,0,0
53,23,4,5,2,1,2,2,7744,1,9,2,0,0,2,1.67,102997.714045,2542,95253.714045,1,0,1,1,0,0,1,0,0
54,37,4,4,3,1,2,3,16265,2,6,6,3,1,9,2.0,69047.72894688007,12784,52782.72894688007,1,0,0,0,1,0,1,0,0
58,48,4,1,3,2,2,4,19555,3,4,2,2,0,4,2.33,69047.72894688007,12784,49492.72894688007,0,1,0,0,1,1,0,0,0
22,25,3,4,1,4,2,3,16408,2,11,4,6,1,10,2.33,69047.72894688007,12784,52639.72894688007,1,1,0,0,1,0,0,1,0
20,6,2,2,2,3,4,4,8553,3,3,13,5,1,18,3.0,102997.714045,2542,94444.714045,0,0,1,1,0,1,0,0,0
43,14,3,4,1,1,3,3,3472,4,11,1,2,0,3,1.67,69047.72894688007,12784,65575.72894688007,0,0,0,0,0,0,0,1,0
40,32,4,1,4,2,1,3,12788,2,2,3,4,1,7,2.33,69047.72894688007,12784,56259.72894688007,0,1,0,1,0,0,0,0,0
22,26,2,1,3,2,2,2,2814,1,4,2,1,0,3,2.33,89817.88593023256,119,87003.88593023256,1,0,1,0,0,1,0,0,0
42,13,2,1,1,1,3,2,7906,3,6,8,8,1,16,1.67,69047.72894688007,12784,61141.72894688007,1,0,1,1,0,0,1,0,0
59,37,2,5,5,1,2,4,7416,3,10,4,8,1,12,2.67,69047.72894688007,12784,61631.72894688007,0,0,1,0,0,0,1,0,0
59,12,4,2,4,3,1,1,5252,1,16,4,3,1,7,2.67,69047.72894688007,12784,63795.72894688007,0,1,0,0,0,0,0,1,1
50,16,4,3,1,3,1,1,5926,3,7,9,6,1,15,1.67,102997.714045,2542,97071.714045,1,0,1,0,0,0,1,0,0
24,9,3,1,1,2,3,2,3172,2,0,0,0,0,0,2.0,17372.83423076923,33,14200.83423076923,1,1,0,0,0,0,0,0,1
31,16,2,3,1,1,4,2,7250,3,22,13,0,0,13,2.0,69047.72894688007,12784,61797.72894688007,0,1,0,0,0,0,0,1,0
40,24,2,5,1,2,4,2,14961,4,29,9,8,1,17,2.33,102997.714045,2542,88036.714045,0,1,0,0,1,0,0,1,0
51,3,3,4,2,4,3,3,13734,3,7,7,1,0,8,3.0,69047.72894688007,12784,55313.72894688007,0,1,0,1,0,0,1,0,0
56,12,3,4,4,4,1,4,7771,4,22,1,8,1,9,3.0,69047.72894688007,12784,61276.72894688007,0,1,0,1,0,0,0,1,0
42,7,1,4,1,2,4,2,18398,4,13,5,3,1,8,2.33,102997.714045,2542,84599.714045,0,1,0,0,1,0,0,1,0
32,38,2,1,1,4,1,4,11481,4,13,13,4,1,17,2.0,69047.72894688007,12784,57566.72894688007,0,1,0,1,0,0,0,1,0
54,34,1,3,4,3,3,3,14486,3,22,4,5,1,9,3.33,102997.714045,2542,88511.714045,1,1,0,0,1,0,0,1,0
38,36,2,1,5,1,4,2,15076,4,7,1,7,1,8,3.33,102997.714045,2542,87921.714045,1,1,0,0,1,0,1,0,0
42,33,3,3,5,4,3,4,18624,1,12,14,2,0,16,4.0,69047.72894688007,12784,50423.72894688007,0,1,0,0,1,0,0,1,0
24,9,4,4,5,4,3,4,5147,2,28,11,3,1,14,4.0,102997.714045,2542,97850.714045,0,1,0,0,0,0,0,1,0
52,13,4,5,5,3,2,1,10511,3,14,3,2,0,5,3.33,102997.714045,2542,92486.714045,1,0,1,1,0,0,0,1,0
31,30,1,5,5,2,3,3,16336,4,26,2,7,1,9,3.33,69047.72894688007,12784,52711.72894688007,0,0,1,0,1,0,0,1,0
36,4,1,2,5,2,1,2,9049,1,14,11,8,1,19,2.67,69047.72894688007,12784,59998.72894688007,1,0,0,1,0,0,0,1,0
35,38,4,5,2,1,3,1,18754,2,15,5,1,0,6,2.0,69047.72894688007,12784,50293.72894688007,0,1,0,0,1,0,0,1,1
29,7,1,2,5,4,4,1,18796,3,8,3,2,0,5,4.33,102997.714045,2542,84201.714045,1,0,0,0,1,0,1,0,0
39,36,3,2,5,3,4,2,19867,3,4,14,4,1,18,4.0,102997.714045,2542,83130.714045,0,1,0,0,1,1,0,0,0
28,2,3,4,3,1,2,1,5792,4,18,7,7,1,14,2.0,69047.72894688007,12784,63255.72894688007,0,1,0,0,0,0,0,1,0
23,24,1,4,1,3,1,4,8572,1,17,5,4,1,9,1.67,69047.72894688007,12784,60475.72894688007,0,0,0,1,0,0,0,1,0
32,17,4,3,3,4,2,2,4827,1,4,7,8,1,15,3.0,69047.72894688007,12784,64220.72894688007,0,0,0,0,0,1,0,0,0
28,44,2,4,2,1,2,1,15216,2,27,1,3,1,4,1.67,69047.72894688007,12784,53831.72894688007,1,0,0,0,1,0,0,1,0
24,14,4,1,5,2,1,4,13669,3,2,13,4,1,17,2.67,69047.72894688007,12784,55378.72894688007,1,0,0,1,0,0,0,0,0
30,25,1,2,5,1,2,1,10342,3,1,1,6,1,7,2.67,102997.714045,2542,92655.714045,1,0,1,1,0,0,0,0,0
44,1,4,2,1,2,4,3,5033,2,2,0,2,0,2,2.33,69047.72894688007,12784,64014.72894688007,0,0,1,0,0,0,0,0,0
23,33,3,1,2,1,2,4,9703,4,10,5,0,0,5,1.67,102997.714045,2542,93294.714045,0,0,1,1,0,0,1,0,0
21,19,1,4,5,1,1,1,16519,2,16,1,6,1,7,2.33,69047.72894688007,12784,52528.72894688007,0,0,1,0,1,0,0,1,0
32,13,3,1,5,3,1,4,7192,1,3,3,5,1,8,3.0,69047.72894688007,12784,61855.72894688007,0,0,0,0,0,1,0,0,0
31,28,4,4,4,1,2,3,8989,4,6,9,0,0,9,2.33,69047.72894688007,12784,60058.72894688007,0,0,1,1,0,0,1,0,0
60,7,4,2,4,2,2,3,5220,0,11,7,1,0,8,2.67,91683.75438596492,139,86463.75438596492,1,0,0,0,0,0,0,1,0
35,25,2,2,4,1,4,3,3681,4,3,2,0,0,2,3.0,17372.83423076923,33,13691.83423076923,0,1,0,0,0,1,0,0,0
42,29,3,1,3,3,4,2,15657,1,5,9,1,0,10,3.33,102997.714045,2542,87340.714045,1,0,0,0,1,1,0,0,0
45,2,4,4,3,1,4,3,19526,1,9,9,6,1,15,2.67,69047.72894688007,12784,49521.72894688007,1,0,1,0,1,0,1,0,0
39,47,4,2,3,4,1,2,16293,1,1,14,6,1,20,2.67,69047.72894688007,12784,52754.72894688007,1,1,0,0,1,0,0,0,0
40,40,4,5,3,1,1,1,19633,2,11,10,7,1,17,1.67,69047.72894688007,12784,49414.72894688007,0,0,0,0,1,0,0,1,0
47,2,2,1,4,4,1,2,3294,1,3,2,1,0,3,3.0,69047.72894688007,12784,65753.72894688007,1,1,0,0,0,1,0,0,0
22,35,2,1,2,2,3,4,11624,2,28,5,9,1,14,2.33,69047.72894688007,12784,57423.72894688007,1,0,1,1,0,0,0,1,1
53,36,4,4,4,2,4,4,19284,2,17,3,1,0,4,3.33,69047.72894688007,12784,49763.72894688007,0,1,0,0,1,0,0,1,0
33,29,2,2,3,1,2,3,4508,1,13,7,3,1,10,2.0,89817.88593023256,119,85309.88593023256,0,1,0,0,0,0,0,1,1
20,21,4,1,4,3,4,3,2678,1,2,1,2,0,3,3.67,69047.72894688007,12784,66369.72894688007,0,1,0,0,0,0,0,0,0
32,24,4,5,4,3,3,2,4268,1,1,14,6,1,20,3.33,102997.714045,2542,98729.714045,0,0,0,0,0,0,0,0,0
22,5,2,2,4,4,2,4,7628,3,28,7,3,1,10,3.33,69047.72894688007,12784,61419.72894688007,1,0,0,1,0,0,0,1,1
34,41,3,1,3,3,3,4,17659,2,2,7,4,1,11,3.0,69047.72894688007,12784,51388.72894688007,1,0,0,0,1,0,0,0,0
46,46,3,2,5,4,4,4,17869,3,5,7,0,0,7,4.33,69047.72894688007,12784,51178.72894688007,1,0,0,0,1,1,0,0,0
57,21,1,2,2,1,3,3,3089,4,3,14,5,1,19,2.0,69047.72894688007,12784,65958.72894688007,0,0,1,0,0,1,0,0,0
44,2,1,2,3,2,4,3,5108,2,18,6,3,1,9,3.0,102997.714045,2542,97889.714045,0,0,0,0,0,0,0,1,0
40,3,1,1,2,1,2,4,7294,4,26,13,1,0,14,1.67,69047.72894688007,12784,61753.72894688007,1,0,1,0,0,0,0,1,0
52,22,3,4,3,4,1,1,18229,2,1,13,4,1,17,2.67,69047.72894688007,12784,50818.72894688007,1,0,1,0,1,0,0,0,0
42,31,1,4,5,3,4,1,8334,1,23,8,0,0,8,4.0,69047.72894688007,12784,60713.72894688007,0,0,0,1,0,0,0,1,0
33,44,1,5,4,4,3,3,10717,3,14,8,7,1,15,3.67,69047.72894688007,12784,58330.72894688007,0,0,1,1,0,0,0,1,0
21,48,4,2,1,4,2,4,18786,1,27,7,6,1,13,2.33,69047.72894688007,12784,50261.72894688007,1,1,0,0,1,0,0,1,1
42,1,1,4,5,1,3,4,6192,3,1,5,0,0,5,3.0,69047.72894688007,12784,62855.72894688007,1,0,0,0,0,0,0,0,0
30,18,4,5,1,4,3,4,19816,1,26,14,9,1,23,2.67,69047.72894688007,12784,49231.72894688007,0,0,0,0,1,0,0,1,0
39,6,1,4,5,1,4,3,3969,4,22,3,4,1,7,3.33,69047.72894688007,12784,65078.72894688007,1,0,0,0,0,0,0,1,0
44,27,2,5,2,2,4,1,15915,4,25,9,4,1,13,2.67,69047.72894688007,12784,53132.72894688007,0,0,1,0,1,0,0,1,0
48,7,3,2,1,3,1,3,5486,4,2,2,2,0,4,1.67,91683.75438596492,139,86197.75438596492,0,0,0,0,0,0,0,0,0
29,15,3,2,1,3,1,4,13677,1,27,12,3,1,15,1.67,69047.72894688007,12784,55370.72894688007,0,1,0,1,0,0,0,1,0
32,43,1,1,3,4,4,1,18657,3,16,1,8,1,9,3.67,69047.72894688007,12784,50390.72894688007,0,0,1,0,1,0,0,1,1
44,23,3,1,2,4,1,2,15508,2,23,12,3,1,15,2.33,102997.714045,2542,87489.714045,1,0,1,0,1,0,0,1,1
42,39,3,2,2,2,1,4,6778,1,7,1,0,0,1,1.67,102997.714045,2542,96219.714045,1,0,0,0,0,0,1,0,0
21,1,3,2,2,4,1,4,6283,3,3,10,4,1,14,2.33,69047.72894688007,12784,62764.72894688007,1,0,0,0,0,1,0,0,0
57,34,3,5,3,3,1,2,7161,1,1,12,8,1,20,2.33,69047.72894688007,12784,61886.72894688007,0,0,0,0,0,0,0,0,0
28,39,3,3,3,4,3,3,9214,4,5,3,8,1,11,3.33,69047.72894688007,12784,59833.72894688007,0,1,0,1,0,1,0,0,0
21,7,3,1,2,2,2,3,2679,1,1,0,1,0,1,2.0,69047.72894688007,12784,66368.72894688007,0,1,0,0,0,0,0,0,1
21,4,4,1,1,3,4,3,8085,2,22,2,7,1,9,2.67,69047.72894688007,12784,60962.72894688007,1,0,0,1,0,0,0,1,0
57,35,4,2,5,4,2,4,5037,1,22,10,1,0,11,3.67,69047.72894688007,12784,64010.72894688007,1,0,1,0,0,0,0,1,0
59,40,2,5,4,1,1,3,16018,1,13,1,8,1,9,2.0,102997.714045,2542,86979.714045,1,1,0,0,1,0,0,1,0
53,4,3,2,5,4,3,2,6692,1,12,4,7,1,11,4.0,69047.72894688007,12784,62355.72894688007,0,0,0,0,0,0,0,1,0
48,46,4,2,5,2,4,1,4474,3,23,7,8,1,15,3.67,69047.72894688007,12784,64573.72894688007,0,0,0,0,0,0,0,1,0
43,12,4,4,3,2,4,1,16536,3,4,1,4,1,5,3.0,102997.714045,2542,86461.714045,1,0,1,0,1,1,0,0,1
23,7,3,5,3,4,4,1,3605,1,29,14,6,1,20,3.67,69047.72894688007,12784,65442.72894688007,0,0,0,0,0,0,0,1,0
37,36,1,3,1,3,4,4,17911,3,23,8,7,1,15,2.67,102997.714045,2542,85086.714045,0,0,0,0,1,0,0,1,0
41,24,3,2,1,1,2,2,11049,4,1,13,8,1,21,1.33,69047.72894688007,12784,57998.72894688007,0,0,1,1,0,0,0,0,0
54,5,1,2,1,2,2,4,3396,1,14,12,1,0,13,1.67,69047.72894688007,12784,65651.72894688007,0,0,0,0,0,0,0,1,0
54,36,4,3,2,4,2,4,10091,1,21,11,6,1,17,2.67,69047.72894688007,12784,58956.72894688007,0,0,1,1,0,0,0,1,1
25,28,2,2,3,1,4,3,8639,2,2,2,2,0,4,2.67,91683.75438596492,139,83044.75438596492,0,0,1,1,0,0,0,0,0
34,23,3,3,1,2,3,3,9950,9,3,2,0,0,2,2.0,61845.10984536083,269,51895.10984536083,1,0,0,1,0,1,0,0,1
40,26,3,2,1,3,2,2,8396,1,7,7,7,1,14,2.0,91683.75438596492,139,83287.75438596492,0,0,1,1,0,0,1,0,0
50,23,3,1,1,4,3,4,6499,2,15,6,9,1,15,2.67,102997.714045,2542,96498.714045,1,0,1,0,0,0,0,1,0
52,28,4,4,3,4,2,2,13247,2,5,3,0,0,3,3.0,69047.72894688007,12784,55800.72894688007,1,0,1,1,0,1,0,0,0
27,18,4,3,2,1,1,4,11861,3,18,6,7,1,13,1.33,69047.72894688007,12784,57186.72894688007,1,0,0,1,0,0,0,1,1
35,12,1,3,1,2,3,3,4566,4,4,6,5,1,11,2.0,69047.72894688007,12784,64481.72894688007,0,0,0,0,0,1,0,0,0
32,25,2,3,5,1,4,1,17127,3,19,1,7,1,8,3.33,102997.714045,2542,85870.714045,0,1,0,0,1,0,0,1,0
33,14,3,1,2,4,4,3,2756,1,8,7,1,0,8,3.33,89817.88593023256,119,87061.88593023256,0,0,1,0,0,0,1,0,0
33,21,1,5,2,3,2,4,12886,4,9,10,5,1,15,2.33,102997.714045,2542,90111.714045,1,0,1,1,0,0,1,0,0
52,27,4,2,5,1,4,4,13309,4,6,13,7,1,20,3.33,69047.72894688007,12784,55738.72894688007,0,0,0,1,0,0,1,0,0
38,10,4,3,2,2,2,1,14633,4,3,12,1,0,13,2.0,102997.714045,2542,88364.714045,0,1,0,0,1,1,0,0,0
34,31,1,5,1,4,1,1,11881,3,22,14,5,1,19,2.0,102997.714045,2542,91116.714045,1,1,0,1,0,0,0,1,0
27,47,2,1,4,1,3,1,15081,4,12,6,9,1,15,2.67,69047.72894688007,12784,53966.72894688007,1,0,1,0,1,0,0,1,0
25,32,4,2,5,4,1,3,8342,4,22,4,5,1,9,3.33,69047.72894688007,12784,60705.72894688007,1,0,0,1,0,0,0,1,0
49,1,1,5,1,1,3,4,3493,2,16,14,2,0,16,1.67,69047.72894688007,12784,65554.72894688007,0,1,0,0,0,0,0,1,0
48,11,3,2,4,2,4,4,9183,1,26,5,6,1,11,3.33,69047.72894688007,12784,59864.72894688007,1,0,1,1,0,0,0,1,0
29,25,2,1,2,3,2,4,2546,5,2,2,1,0,3,2.33,89817.88593023256,119,87271.88593023256,0,0,1,0,0,0,0,0,1
37,15,4,5,4,1,3,4,11710,1,17,14,1,0,15,2.67,69047.72894688007,12784,57337.72894688007,1,1,0,1,0,0,0,1,1
27,39,3,2,3,1,3,4,8628,4,7,12,5,1,17,2.33,69047.72894688007,12784,60419.72894688007,1,0,0,1,0,0,1,0,0
40,5,4,5,4,4,1,1,8149,1,24,11,9,1,20,3.0,69047.72894688007,12784,60898.72894688007,1,0,1,1,0,0,0,1,0
36,11,2,3,5,1,3,4,17655,4,4,11,2,0,13,3.0,102997.714045,2542,85342.714045,1,0,0,0,1,1,0,0,0
50,3,4,2,1,1,1,4,17573,1,2,9,2,0,11,1.0,102997.714045,2542,85424.714045,1,1,0,0,1,0,0,0,0
56,48,2,5,1,3,1,3,5073,3,24,8,3,1,11,1.67,69047.72894688007,12784,63974.72894688007,0,0,1,0,0,0,0,1,0
36,15,4,1,5,3,1,4,19766,1,24,2,0,0,2,3.0,69047.72894688007,12784,49281.72894688007,0,0,0,0,1,0,0,1,0
20,15,1,1,2,4,2,2,17015,4,14,11,0,0,11,2.67,102997.714045,2542,85982.714045,1,0,0,0,1,0,0,1,0
43,40,3,5,4,2,4,4,12225,2,7,5,2,0,7,3.33,69047.72894688007,12784,56822.72894688007,0,1,0,1,0,0,1,0,1
35,2,4,1,5,1,2,3,16712,4,23,2,8,1,10,2.67,69047.72894688007,12784,52335.72894688007,0,0,0,0,1,0,0,1,0
35,27,3,3,3,3,3,4,7550,4,20,9,0,0,9,3.0,69047.72894688007,12784,61497.72894688007,0,0,0,0,0,0,0,1,0
58,47,3,3,3,3,1,2,15458,2,3,7,8,1,15,2.33,102997.714045,2542,87539.714045,1,0,1,0,1,1,0,0,0
25,48,4,4,4,3,1,2,4724,2,2,2,7,1,9,2.67,102997.714045,2542,98273.714045,0,1,0,0,0,0,0,0,1
20,21,1,3,1,2,4,2,13303,1,5,9,1,0,10,2.33,102997.714045,2542,89694.714045,1,0,1,1,0,1,0,0,0
56,9,1,5,4,1,3,3,10563,3,17,9,3,1,12,2.67,69047.72894688007,12784,58484.72894688007,1,0,1,1,0,0,0,1,0
23,27,2,4,1,4,2,4,11436,3,26,10,5,1,15,2.33,102997.714045,2542,91561.714045,0,1,0,1,0,0,0,1,1
57,19,2,2,3,1,4,3,17138,4,22,12,1,0,13,2.67,69047.72894688007,12784,51909.72894688007,1,0,1,0,1,0,0,1,0
41,35,2,3,2,4,3,4,8720,1,17,9,7,1,16,3.0,69047.72894688007,12784,60327.72894688007,0,1,0,1,0,0,0,1,1
46,37,4,3,5,1,4,4,18941,2,8,2,4,1,6,3.33,69047.72894688007,12784,50106.72894688007,0,1,0,0,1,0,1,0,0
27,49,1,1,4,2,1,2,9839,4,25,10,2,0,12,2.33,69047.72894688007,12784,59208.72894688007,1,1,0,1,0,0,0,1,0
26,20,2,4,2,3,1,1,19998,3,22,10,4,1,14,2.0,102997.714045,2542,82999.714045,1,1,0,0,1,0,0,1,0
34,34,4,5,5,3,1,1,6437,2,9,5,5,1,10,3.0,102997.714045,2542,96560.714045,1,1,0,0,0,0,1,0,0
33,15,3,3,3,2,4,4,13610,7,7,6,7,1,13,3.0,102997.714045,2542,89387.714045,1,0,1,1,0,0,1,0,1
26,3,3,3,3,2,2,4,19389,3,23,11,0,0,11,2.33,102997.714045,2542,83608.714045,0,1,0,0,1,0,0,1,0
40,6,3,4,4,3,4,3,16437,1,21,7,7,1,14,3.67,102997.714045,2542,86560.714045,1,1,0,0,1,0,0,1,0
22,17,3,5,1,1,2,4,3774,1,17,12,7,1,19,1.33,102997.714045,2542,99223.714045,0,1,0,0,0,0,0,1,1
23,21,1,4,3,4,2,1,13558,2,14,6,5,1,11,3.0,69047.72894688007,12784,55489.72894688007,1,1,0,1,0,0,0,1,0
43,45,4,1,4,4,2,2,15478,1,28,3,9,1,12,3.33,102997.714045,2542,87519.714045,1,1,0,0,1,0,0,1,0
32,10,3,1,3,1,1,2,3433,6,5,2,1,0,3,1.67,89817.88593023256,119,86384.88593023256,0,0,1,0,0,1,0,0,0
42,33,3,1,2,3,2,2,11970,2,20,9,9,1,18,2.33,69047.72894688007,12784,57077.72894688007,1,1,0,1,0,0,0,1,0
46,44,1,3,3,4,4,4,18696,1,1,9,3,1,12,3.67,102997.714045,2542,84301.714045,1,0,0,0,1,0,0,0,0
48,11,3,4,1,4,4,1,16334,1,23,13,9,1,22,3.0,102997.714045,2542,86663.714045,1,0,0,0,1,0,0,1,1
33,21,1,3,2,3,3,3,8010,3,7,14,2,0,16,2.67,69047.72894688007,12784,61037.72894688007,1,1,0,1,0,0,1,0,0
24,44,2,1,2,1,3,3,14877,1,13,7,2,0,9,2.0,102997.714045,2542,88120.714045,0,0,0,0,1,0,0,1,0
29,48,1,2,4,2,2,3,14165,3,4,14,3,1,17,2.67,69047.72894688007,12784,54882.72894688007,0,0,0,0,1,1,0,0,0
41,28,2,4,2,1,3,3,13570,0,20,7,0,0,7,2.0,69047.72894688007,12784,55477.72894688007,0,0,1,1,0,0,0,1,0
23,36,1,1,3,1,3,2,6776,3,13,10,3,1,13,2.33,69047.72894688007,12784,62271.72894688007,0,0,0,0,0,0,0,1,1
36,45,3,2,4,4,1,2,6465,1,17,9,5,1,14,3.0,69047.72894688007,12784,62582.72894688007,1,0,0,0,0,0,0,1,0
42,1,4,2,2,2,1,2,15704,3,22,12,0,0,12,1.67,69047.72894688007,12784,53343.72894688007,0,0,1,0,1,0,0,1,0
22,1,3,2,1,1,3,3,7323,2,14,3,1,0,4,1.67,69047.72894688007,12784,61724.72894688007,0,0,1,0,0,0,0,1,1
24,10,4,3,4,2,2,3,10544,3,7,5,0,0,5,2.67,102997.714045,2542,92453.714045,1,0,1,1,0,0,1,0,0
55,42,4,4,4,1,1,2,3362,4,26,12,4,1,16,2.0,69047.72894688007,12784,65685.72894688007,0,0,1,0,0,0,0,1,0
22,11,3,1,3,3,1,1,18529,4,18,1,4,1,5,2.33,69047.72894688007,12784,50518.72894688007,1,1,0,0,1,0,0,1,0
57,37,3,1,5,4,3,3,18163,2,27,3,6,1,9,4.0,69047.72894688007,12784,50884.72894688007,0,0,0,0,1,0,0,1,0
28,21,2,2,5,1,2,2,11954,3,22,1,6,1,7,2.67,69047.72894688007,12784,57093.72894688007,0,0,1,1,0,0,0,1,0
36,22,1,5,4,3,4,2,10814,3,20,3,2,0,5,3.67,69047.72894688007,12784,58233.72894688007,0,0,1,1,0,0,0,1,0
26,10,4,5,5,4,4,2,3978,3,27,13,0,0,13,4.33,69047.72894688007,12784,65069.72894688007,0,0,0,0,0,0,0,1,1
26,44,3,1,3,2,1,1,3181,1,11,2,5,1,7,2.0,69047.72894688007,12784,65866.72894688007,1,0,1,0,0,0,0,1,0
20,6,2,1,4,4,2,3,2926,1,1,0,1,0,1,3.33,17372.83423076923,33,14446.83423076923,1,1,0,0,0,0,0,0,1
38,29,3,2,4,4,4,3,2406,1,10,3,9,1,12,4.0,17372.83423076923,33,14966.83423076923,0,1,0,0,0,0,1,0,0
29,49,4,4,5,4,4,2,18516,4,26,13,0,0,13,4.33,69047.72894688007,12784,50531.72894688007,1,0,1,0,1,0,0,1,0
39,26,3,4,5,3,4,4,16856,1,20,14,4,1,18,4.0,102997.714045,2542,86141.714045,1,0,0,0,1,0,0,1,0
22,27,3,4,1,2,3,4,17024,1,20,7,2,0,9,2.0,69047.72894688007,12784,52023.72894688007,0,0,0,0,1,0,0,1,1
21,8,4,2,1,1,1,1,17915,3,14,11,2,0,13,1.0,69047.72894688007,12784,51132.72894688007,1,1,0,0,1,0,0,1,1
30,35,1,5,5,1,3,1,3339,4,18,12,2,0,14,3.0,69047.72894688007,12784,65708.72894688007,1,0,1,0,0,0,0,1,0
28,30,3,4,1,3,1,4,8803,3,25,6,3,1,9,1.67,69047.72894688007,12784,60244.72894688007,1,1,0,1,0,0,0,1,0
26,7,1,4,1,3,2,2,4565,4,18,13,6,1,19,2.0,69047.72894688007,12784,64482.72894688007,1,0,0,0,0,0,0,1,0
24,17,4,4,5,2,4,2,6398,4,14,14,7,1,21,3.67,102997.714045,2542,96599.714045,0,0,0,0,0,0,0,1,0
35,26,4,2,1,1,1,4,4590,2,22,2,3,1,5,1.0,69047.72894688007,12784,64457.72894688007,0,0,0,0,0,0,0,1,0
53,17,3,4,2,2,2,2,13388,4,25,11,6,1,17,2.0,102997.714045,2542,89609.714045,0,1,0,1,0,0,0,1,0
28,31,3,5,3,2,3,2,6719,3,7,7,0,0,7,2.67,69047.72894688007,12784,62328.72894688007,1,1,0,0,0,0,1,0,0
23,23,2,3,5,1,3,4,9294,1,4,5,9,1,14,3.0,69047.72894688007,12784,59753.72894688007,1,1,0,1,0,1,0,0,1
56,23,3,5,4,1,4,1,7713,1,20,6,5,1,11,3.0,69047.72894688007,12784,61334.72894688007,0,0,0,1,0,0,0,1,0
21,4,1,1,1,2,3,4,12055,2,29,1,9,1,10,2.0,69047.72894688007,12784,56992.72894688007,0,0,1,1,0,0,0,1,0
32,29,2,1,2,3,3,3,2837,1,6,2,4,1,6,2.67,17372.83423076923,33,14535.83423076923,0,1,0,0,0,0,1,0,0
40,15,2,3,3,1,4,3,10435,1,18,15,14,1,29,2.67,69047.72894688007,12784,58612.72894688007,0,0,1,1,0,0,0,1,0
42,11,2,1,3,3,3,4,13259,3,20,4,4,1,8,3.0,69047.72894688007,12784,55788.72894688007,1,0,1,1,0,0,0,1,1
32,4,1,1,2,4,3,1,19154,2,20,10,4,1,14,3.0,69047.72894688007,12784,49893.72894688007,1,0,0,0,1,0,0,1,0
27,37,4,2,1,1,4,3,6680,2,19,1,8,1,9,2.0,69047.72894688007,12784,62367.72894688007,0,0,0,0,0,0,0,1,1
44,14,4,4,4,2,1,4,17394,4,6,10,0,0,10,2.33,69047.72894688007,12784,51653.72894688007,0,1,0,0,1,0,1,0,0
28,12,1,2,2,2,2,1,16899,4,8,7,5,1,12,2.0,102997.714045,2542,86098.714045,1,0,1,0,1,0,1,0,0
41,18,2,5,2,4,4,4,9076,1,7,7,2,0,9,3.33,102997.714045,2542,93921.714045,1,0,0,1,0,0,1,0,0
42,21,3,5,1,2,1,2,3545,2,14,10,9,1,19,1.33,69047.72894688007,12784,65502.72894688007,1,0,1,0,0,0,0,1,0
53,41,2,2,3,1,2,3,17367,2,25,6,3,1,9,2.0,69047.72894688007,12784,51680.72894688007,1,0,1,0,1,0,0,1,1
26,6,3,1,4,3,3,3,2659,1,3,2,0,0,2,3.33,17372.83423076923,33,14713.83423076923,1,0,1,0,0,1,0,0,0
50,11,3,5,2,3,2,3,19926,3,5,4,4,1,8,2.33,102997.714045,2542,83071.714045,0,1,0,0,1,1,0,0,0
26,30,3,1,1,3,2,1,11370,3,12,5,9,1,14,2.0,69047.72894688007,12784,57677.72894688007,0,0,1,1,0,0,0,1,0
28,17,3,3,3,1,4,1,6750,4,29,10,7,1,17,2.67,69047.72894688007,12784,62297.72894688007,1,1,0,0,0,0,0,1,0
44,34,4,2,4,1,1,2,12925,4,10,8,8,1,16,2.0,102997.714045,2542,90072.714045,0,0,0,1,0,0,1,0,0
36,12,1,2,1,3,2,1,5409,4,22,5,2,0,7,2.0,69047.72894688007,12784,63638.72894688007,1,0,1,0,0,0,0,1,0
54,29,2,4,5,3,2,1,10087,2,4,4,9,1,13,3.33,69047.72894688007,12784,58960.72894688007,1,1,0,1,0,1,0,0,0
29,34,3,1,2,3,3,1,16332,3,11,4,2,0,6,2.67,69047.72894688007,12784,52715.72894688007,1,0,1,0,1,0,0,1,0
22,39,3,4,5,2,4,1,5398,1,12,10,1,0,11,3.67,69047.72894688007,12784,63649.72894688007,1,0,1,0,0,0,0,1,0
29,19,2,4,3,1,3,3,16365,4,23,7,2,0,9,2.33,69047.72894688007,12784,52682.72894688007,0,0,1,0,1,0,0,1,1
47,6,1,3,5,4,3,2,15159,2,14,4,6,1,10,4.0,69047.72894688007,12784,53888.72894688007,0,1,0,0,1,0,0,1,0
42,5,1,3,4,1,2,3,10898,3,11,12,6,1,18,2.33,69047.72894688007,12784,58149.72894688007,0,0,1,1,0,0,0,1,1
20,11,3,4,1,3,1,2,12442,2,12,11,8,1,19,1.67,69047.72894688007,12784,56605.72894688007,0,1,0,1,0,0,0,1,0
40,47,1,1,4,2,3,1,3235,4,18,4,1,0,5,3.0,102997.714045,2542,99762.714045,0,0,1,0,0,0,0,1,0
58,24,3,5,1,4,2,4,12349,4,23,11,6,1,17,2.33,69047.72894688007,12784,56698.72894688007,0,0,0,1,0,0,0,1,0
29,26,2,2,1,4,1,3,12263,4,19,4,2,0,6,2.0,69047.72894688007,12784,56784.72894688007,1,0,1,1,0,0,0,1,0
43,3,4,5,2,2,2,3,15697,3,24,11,2,0,13,2.0,69047.72894688007,12784,53350.72894688007,1,0,1,0,1,0,0,1,0
22,22,1,5,4,2,1,3,18613,4,18,14,4,1,18,2.33,69047.72894688007,12784,50434.72894688007,1,1,0,0,1,0,0,1,1
41,45,4,2,3,3,1,1,18754,1,13,11,7,1,18,2.33,69047.72894688007,12784,50293.72894688007,1,0,0,0,1,0,0,1,0
45,11,2,1,1,3,1,4,11373,1,20,4,9,1,13,1.67,69047.72894688007,12784,57674.72894688007,0,1,0,1,0,0,0,1,0
28,8,3,1,3,2,1,4,10360,3,23,1,4,1,5,2.0,69047.72894688007,12784,58687.72894688007,1,0,0,1,0,0,0,1,0
52,36,3,3,2,4,4,2,19436,4,18,14,6,1,20,3.33,102997.714045,2542,83561.714045,1,0,0,0,1,0,0,1,0
53,32,3,2,4,3,1,4,5233,3,6,8,7,1,15,2.67,69047.72894688007,12784,63814.72894688007,0,0,1,0,0,0,1,0,0
32,23,4,3,2,3,3,1,11408,4,15,6,4,1,10,2.67,102997.714045,2542,91589.714045,0,0,1,1,0,0,0,1,0
57,22,2,2,1,3,4,2,10468,2,25,13,6,1,19,2.67,102997.714045,2542,92529.714045,1,0,0,1,0,0,0,1,0
41,8,1,3,2,1,3,2,17599,3,28,2,2,0,4,2.0,69047.72894688007,12784,51448.72894688007,1,0,0,0,1,0,0,1,1
24,33,1,4,5,1,2,2,10391,3,19,5,5,1,10,2.67,69047.72894688007,12784,58656.72894688007,1,0,1,1,0,0,0,1,1
21,16,1,3,4,2,3,1,15902,1,6,2,6,1,8,3.0,102997.714045,2542,87095.714045,0,1,0,0,1,0,1,0,0
20,22,3,1,5,4,1,1,17673,2,15,12,8,1,20,3.33,102997.714045,2542,85324.714045,0,0,0,0,1,0,0,1,1
40,31,4,1,5,1,3,3,15870,3,14,6,7,1,13,3.0,69047.72894688007,12784,53177.72894688007,0,0,1,0,1,0,0,1,1
39,36,4,4,5,2,4,4,16911,4,1,1,3,1,4,3.67,69047.72894688007,12784,52136.72894688007,0,1,0,0,1,0,0,0,0
45,10,3,1,4,1,4,2,2654,3,2,2,0,0,2,3.0,89817.88593023256,119,87163.88593023256,0,0,1,0,0,0,0,0,0
48,31,2,5,4,2,1,4,6892,2,16,13,5,1,18,2.33,69047.72894688007,12784,62155.72894688007,0,1,0,0,0,0,0,1,0
36,6,4,3,2,4,3,2,3847,3,19,5,4,1,9,3.0,102997.714045,2542,99150.714045,0,1,0,0,0,0,0,1,0
50,1,4,2,2,1,2,3,5984,3,6,13,3,1,16,1.67,69047.72894688007,12784,63063.72894688007,0,0,0,0,0,0,1,0,1
57,23,2,3,1,4,2,3,6159,2,13,4,0,0,4,2.33,69047.72894688007,12784,62888.72894688007,1,0,1,0,0,0,0,1,0
37,7,2,3,4,3,1,1,16690,1,25,1,2,0,3,2.67,102997.714045,2542,86307.714045,0,0,1,0,1,0,0,1,1
43,15,2,4,3,3,1,3,17603,1,14,10,6,1,16,2.33,69047.72894688007,12784,51444.72894688007,0,0,1,0,1,0,0,1,0
27,15,4,4,2,3,4,4,7732,2,8,2,0,0,2,3.0,102997.714045,2542,95265.714045,0,0,0,1,0,0,1,0,0
56,4,3,2,4,1,3,3,17739,3,6,10,6,1,16,2.67,69047.72894688007,12784,51308.72894688007,0,0,1,0,1,0,1,0,0
48,15,1,2,3,1,2,4,16960,4,2,11,4,1,15,2.0,69047.72894688007,12784,52087.72894688007,0,1,0,0,1,0,0,0,0
35,36,1,4,1,1,4,3,9873,2,22,8,3,1,11,2.0,69047.72894688007,12784,59174.72894688007,0,0,1,1,0,0,0,1,1
39,20,4,2,5,2,2,2,13371,1,4,3,3,1,6,3.0,69047.72894688007,12784,55676.72894688007,1,1,0,1,0,1,0,0,0
42,24,2,5,4,4,1,2,3404,1,20,2,0,0,2,3.0,69047.72894688007,12784,65643.72894688007,0,0,1,0,0,0,0,1,0
36,23,1,2,2,3,3,4,4312,4,17,2,1,0,3,2.67,69047.72894688007,12784,64735.72894688007,0,0,1,0,0,0,0,1,0
39,19,2,1,4,2,1,3,5433,3,10,5,0,0,5,2.33,69047.72894688007,12784,63614.72894688007,0,0,1,0,0,0,1,0,1
53,24,3,2,4,4,4,1,9034,2,21,10,1,0,11,4.0,69047.72894688007,12784,60013.72894688007,0,1,0,1,0,0,0,1,0
26,47,2,1,1,4,4,3,8840,1,27,1,0,0,1,3.0,69047.72894688007,12784,60207.72894688007,0,0,0,1,0,0,0,1,0
55,26,4,5,1,3,1,2,11197,1,28,6,1,0,7,1.67,102997.714045,2542,91800.714045,1,0,0,1,0,0,0,1,1
32,14,3,3,3,1,3,2,14769,4,3,7,3,1,10,2.33,69047.72894688007,12784,54278.72894688007,0,1,0,0,1,1,0,0,0
54,8,1,5,5,1,4,3,17061,4,12,4,4,1,8,3.33,69047.72894688007,12784,51986.72894688007,0,0,1,0,1,0,0,1,0
33,16,3,3,1,1,3,2,8564,2,0,0,0,0,0,1.67,91683.75438596492,139,83119.75438596492,1,1,0,1,0,0,0,0,1
50,19,4,2,1,3,4,3,3387,1,15,9,6,1,15,2.67,69047.72894688007,12784,65660.72894688007,1,1,0,0,0,0,0,1,0
23,23,1,3,4,1,4,2,12345,3,17,3,6,1,9,3.0,102997.714045,2542,90652.714045,0,1,0,1,0,0,0,1,0
47,43,2,4,4,4,2,2,17501,3,12,6,0,0,6,3.33,69047.72894688007,12784,51546.72894688007,1,0,1,0,1,0,0,1,1
22,31,2,2,3,3,3,1,15439,3,20,9,3,1,12,3.0,69047.72894688007,12784,53608.72894688007,1,1,0,0,1,0,0,1,0
34,7,3,1,4,2,3,2,18231,2,12,14,7,1,21,3.0,69047.72894688007,12784,50816.72894688007,0,0,1,0,1,0,0,1,0
26,47,3,1,2,1,1,1,15935,4,26,3,5,1,8,1.33,102997.714045,2542,87062.714045,0,1,0,0,1,0,0,1,1
20,18,2,2,5,3,3,4,3972,2,8,11,8,1,19,3.67,102997.714045,2542,99025.714045,0,0,0,0,0,0,1,0,1
32,44,4,3,5,2,1,3,5333,1,6,11,0,0,11,2.67,69047.72894688007,12784,63714.72894688007,0,0,0,0,0,0,1,0,0
57,24,2,3,4,4,4,3,14916,3,24,4,2,0,6,4.0,69047.72894688007,12784,54131.72894688007,1,0,1,0,1,0,0,1,0
37,26,2,4,5,4,4,2,13496,4,29,9,8,1,17,4.33,69047.72894688007,12784,55551.72894688007,0,0,0,1,0,0,0,1,0
28,20,3,4,3,4,4,3,12559,4,16,5,8,1,13,3.67,102997.714045,2542,90438.714045,0,1,0,1,0,0,0,1,1
20,45,3,1,5,3,1,1,16004,1,21,12,3,1,15,3.0,102997.714045,2542,86993.714045,1,0,0,0,1,0,0,1,1
31,14,3,4,3,3,1,4,9734,2,24,12,5,1,17,2.33,69047.72894688007,12784,59313.72894688007,0,1,0,1,0,0,0,1,1
40,45,4,5,2,3,2,1,8664,2,6,7,7,1,14,2.33,69047.72894688007,12784,60383.72894688007,1,0,0,1,0,0,1,0,0
20,9,3,1,4,4,2,3,2323,1,2,2,0,0,2,3.33,69047.72894688007,12784,66724.72894688007,1,1,0,0,0,0,0,0,1
32,5,4,4,3,3,4,4,3328,4,23,10,1,0,11,3.33,69047.72894688007,12784,65719.72894688007,0,1,0,0,0,0,0,1,0
42,37,4,3,5,4,4,4,14569,1,16,1,5,1,6,4.33,69047.72894688007,12784,54478.72894688007,1,0,0,0,1,0,0,1,1
35,42,4,1,4,2,2,4,14705,1,28,6,6,1,12,2.67,69047.72894688007,12784,54342.72894688007,0,0,1,0,1,0,0,1,1
53,48,1,2,2,1,1,4,3909,3,2,8,5,1,13,1.33,69047.72894688007,12784,65138.72894688007,1,0,1,0,0,0,0,0,0
52,34,1,2,3,3,2,4,14606,1,17,5,8,1,13,2.67,102997.714045,2542,88391.714045,0,0,0,0,1,0,0,1,0
27,38,1,3,3,3,1,4,8091,3,5,1,9,1,10,2.33,69047.72894688007,12784,60956.72894688007,1,0,0,1,0,1,0,0,1
56,16,4,4,3,4,1,1,5326,4,11,6,0,0,6,2.67,69047.72894688007,12784,63721.72894688007,1,0,1,0,0,0,0,1,0
54,17,3,3,3,3,3,3,10739,8,10,7,0,0,7,3.0,69047.72894688007,12784,58308.72894688007,0,0,1,1,0,0,1,0,0
51,8,3,3,2,1,2,1,5445,2,7,2,3,1,5,1.67,69047.72894688007,12784,63602.72894688007,0,1,0,0,0,0,1,0,0
46,25,4,1,3,3,1,2,8640,1,7,4,7,1,11,2.33,69047.72894688007,12784,60407.72894688007,0,1,0,1,0,0,1,0,0
35,38,1,3,3,3,3,3,11812,3,10,7,1,0,8,3.0,102997.714045,2542,91185.714045,0,0,0,1,0,0,1,0,1
45,19,2,1,1,4,2,4,16294,2,25,5,4,1,9,2.33,69047.72894688007,12784,52753.72894688007,1,1,0,0,1,0,0,1,0
29,14,4,1,1,1,3,3,15897,3,26,2,6,1,8,1.67,69047.72894688007,12784,53150.72894688007,0,0,1,0,1,0,0,1,0
46,17,1,1,2,4,3,3,13611,2,24,12,1,0,13,3.0,69047.72894688007,12784,55436.72894688007,1,1,0,1,0,0,0,1,0
33,2,1,2,5,3,2,3,7245,3,27,3,7,1,10,3.33,69047.72894688007,12784,61802.72894688007,1,1,0,0,0,0,0,1,0
54,32,2,1,3,3,4,4,9246,3,11,9,2,0,11,3.33,69047.72894688007,12784,59801.72894688007,0,1,0,1,0,0,0,1,1
49,25,2,5,5,2,1,2,4996,2,27,11,9,1,20,2.67,69047.72894688007,12784,64051.72894688007,0,1,0,0,0,0,0,1,0
55,27,2,4,1,4,2,4,12110,3,26,10,5,1,15,2.33,69047.72894688007,12784,56937.72894688007,0,1,0,1,0,0,0,1,0
45,2,2,3,5,4,1,4,13347,2,18,4,5,1,9,3.33,69047.72894688007,12784,55700.72894688007,0,1,0,1,0,0,0,1,0
29,1,3,4,4,4,3,3,11216,4,1,7,5,1,12,3.67,69047.72894688007,12784,57831.72894688007,1,0,0,1,0,0,0,0,0
55,33,1,1,2,2,3,3,9388,1,27,3,9,1,12,2.33,102997.714045,2542,93609.714045,1,0,0,1,0,0,0,1,0
23,14,1,1,1,3,1,1,13352,3,15,1,4,1,5,1.67,69047.72894688007,12784,55695.72894688007,0,0,1,1,0,0,0,1,0
44,2,1,3,4,1,4,2,15197,1,8,5,6,1,11,3.0,69047.72894688007,12784,53850.72894688007,0,0,1,0,1,0,1,0,0
43,17,2,1,3,3,4,3,2437,9,1,0,0,0,0,3.33,89817.88593023256,119,87380.88593023256,1,0,1,0,0,0,0,0,1
34,31,2,2,1,1,4,4,3845,1,28,13,0,0,13,2.0,69047.72894688007,12784,65202.72894688007,1,0,0,0,0,0,0,1,0
55,18,2,3,1,2,1,4,13904,3,17,1,8,1,9,1.33,102997.714045,2542,89093.714045,1,1,0,0,1,0,0,1,0
36,2,2,2,4,2,4,2,3886,1,10,1,0,0,1,3.33,61845.10984536083,269,57959.10984536083,0,1,0,0,0,0,1,0,0
58,25,2,3,5,4,4,4,3953,1,28,7,3,1,10,4.33,102997.714045,2542,99044.714045,0,0,1,0,0,0,0,1,0
52,27,3,4,5,1,1,3,17183,4,9,13,0,0,13,2.33,102997.714045,2542,85814.714045,1,1,0,0,1,0,1,0,1
37,35,2,2,2,2,1,3,10719,3,27,7,2,0,9,1.67,69047.72894688007,12784,58328.72894688007,0,0,1,1,0,0,0,1,0
39,47,2,1,1,4,4,4,5324,1,6,14,7,1,21,3.0,69047.72894688007,12784,63723.72894688007,0,0,1,0,0,0,1,0,0
32,26,3,2,4,3,1,3,4465,0,3,2,2,0,4,2.67,91683.75438596492,139,87218.75438596492,0,0,1,0,0,1,0,0,0
26,12,3,4,3,4,3,2,8010,4,26,14,4,1,18,3.33,102997.714045,2542,94987.714045,0,0,1,1,0,0,0,1,0
20,18,2,2,3,1,2,1,8988,4,4,6,3,1,9,2.0,69047.72894688007,12784,60059.72894688007,0,0,0,1,0,1,0,0,0
24,1,2,2,3,2,2,2,4617,1,4,3,1,0,4,2.33,69047.72894688007,12784,64430.72894688007,0,1,0,0,0,1,0,0,0
52,37,2,3,2,3,3,2,4416,2,14,10,7,1,17,2.67,102997.714045,2542,98581.714045,1,0,1,0,0,0,0,1,0
40,33,2,5,4,3,2,4,16859,1,28,1,8,1,9,3.0,69047.72894688007,12784,52188.72894688007,0,1,0,0,1,0,0,1,1
46,27,4,2,1,2,4,1,15732,4,27,1,5,1,6,2.33,69047.72894688007,12784,53315.72894688007,0,0,1,0,1,0,0,1,0
48,38,2,4,5,2,2,1,16556,4,15,13,1,0,14,3.0,69047.72894688007,12784,52491.72894688007,0,1,0,0,1,0,0,1,0
38,2,1,2,4,2,1,2,5405,2,4,2,0,0,2,2.33,69047.72894688007,12784,63642.72894688007,1,0,1,0,0,1,0,0,0
28,32,1,4,5,2,2,2,6079,4,22,14,5,1,19,3.0,102997.714045,2542,96918.714045,1,1,0,0,0,0,0,1,0
45,19,3,2,4,3,1,1,16313,2,3,11,3,1,14,2.67,69047.72894688007,12784,52734.72894688007,0,0,1,0,1,1,0,0,0
43,17,4,5,1,4,3,4,8228,3,21,5,4,1,9,2.67,69047.72894688007,12784,60819.72894688007,0,0,0,1,0,0,0,1,0
49,5,3,2,3,3,4,2,13314,2,3,14,8,1,22,3.33,69047.72894688007,12784,55733.72894688007,0,0,0,1,0,1,0,0,0
35,16,4,1,2,1,3,3,2426,0,5,4,0,0,4,2.0,17372.83423076923,33,14946.83423076923,0,0,1,0,0,1,0,0,0
51,8,2,4,4,3,1,1,9731,1,19,6,7,1,13,2.67,69047.72894688007,12784,59316.72894688007,1,1,0,1,0,0,0,1,0
57,36,3,2,5,2,2,4,9109,4,8,13,9,1,22,3.0,69047.72894688007,12784,59938.72894688007,0,0,1,1,0,0,1,0,1
59,21,2,2,2,4,4,2,8749,4,27,5,7,1,12,3.33,102997.714045,2542,94248.714045,1,1,0,1,0,0,0,1,0
53,19,1,4,1,3,1,2,9977,4,10,11,3,1,14,1.67,69047.72894688007,12784,59070.72894688007,0,0,0,1,0,0,1,0,1
27,30,1,1,5,2,4,4,7043,4,6,8,1,0,9,3.67,69047.72894688007,12784,62004.72894688007,0,1,0,0,0,0,1,0,0
30,9,3,2,3,3,3,3,4695,7,8,4,1,0,5,3.0,69047.72894688007,12784,64352.72894688007,1,1,0,0,0,0,1,0,0
21,32,4,5,5,1,2,4,3735,1,29,9,6,1,15,2.67,69047.72894688007,12784,65312.72894688007,0,1,0,0,0,0,0,1,0
29,10,3,1,3,3,3,3,2642,1,1,0,0,0,0,3.0,69047.72894688007,12784,66405.72894688007,0,1,0,0,0,0,0,0,0
53,39,3,4,1,2,3,3,8044,3,22,9,2,0,11,2.0,69047.72894688007,12784,61003.72894688007,1,0,1,1,0,0,0,1,0
52,48,1,2,4,2,2,3,7910,2,19,12,8,1,20,2.67,102997.714045,2542,95087.714045,1,0,0,1,0,0,0,1,0
43,42,4,5,4,1,4,4,16817,3,9,4,9,1,13,3.0,102997.714045,2542,86180.714045,0,0,0,0,1,0,1,0,0
27,6,4,2,3,4,1,3,10917,4,28,13,0,0,13,2.67,69047.72894688007,12784,58130.72894688007,1,1,0,1,0,0,0,1,0
50,31,2,1,5,2,2,3,11192,1,3,14,1,0,15,3.0,69047.72894688007,12784,57855.72894688007,0,0,1,1,0,1,0,0,1
31,19,4,2,4,4,1,1,11095,1,28,6,6,1,12,3.0,69047.72894688007,12784,57952.72894688007,1,0,1,1,0,0,0,1,0
33,22,1,3,5,1,1,2,9070,1,10,14,9,1,23,2.33,69047.72894688007,12784,59977.72894688007,1,1,0,1,0,0,1,0,1
27,8,3,1,4,3,3,2,3445,1,6,2,1,0,3,3.33,89817.88593023256,119,86372.88593023256,0,1,0,0,0,0,1,0,0
56,8,2,5,2,4,4,2,6937,3,1,3,5,1,8,3.33,69047.72894688007,12784,62110.72894688007,0,0,0,0,0,0,0,0,0
33,42,2,5,4,4,4,4,5565,1,10,2,3,1,5,4.0,69047.72894688007,12784,63482.72894688007,1,0,1,0,0,0,1,0,1
44,25,2,5,1,1,1,2,14882,1,20,9,4,1,13,1.0,69047.72894688007,12784,54165.72894688007,1,0,0,0,1,0,0,1,0
42,25,1,5,2,4,1,1,19746,1,6,1,1,0,2,2.33,69047.72894688007,12784,49301.72894688007,1,0,1,0,1,0,1,0,0
35,6,4,1,1,1,4,4,9615,1,12,10,7,1,17,2.0,69047.72894688007,12784,59432.72894688007,0,1,0,1,0,0,0,1,0
38,26,4,3,2,3,2,4,7822,2,9,10,1,0,11,2.33,102997.714045,2542,95175.714045,0,0,0,1,0,0,1,0,1
34,20,1,2,2,4,3,1,7796,1,26,10,7,1,17,3.0,102997.714045,2542,95201.714045,0,0,1,1,0,0,0,1,0
25,26,4,1,2,3,2,3,19666,3,15,14,2,0,16,2.33,69047.72894688007,12784,49381.72894688007,0,0,0,0,1,0,0,1,1
51,11,2,3,3,4,2,2,11139,3,13,10,8,1,18,3.0,69047.72894688007,12784,57908.72894688007,0,1,0,1,0,0,0,1,0
25,36,1,1,5,2,3,4,3393,1,28,3,5,1,8,3.33,102997.714045,2542,99604.714045,0,0,0,0,0,0,0,1,0
34,45,3,5,1,3,1,4,11227,2,24,2,7,1,9,1.67,102997.714045,2542,91770.714045,0,0,1,1,0,0,0,1,0
35,36,2,4,1,3,4,1,19770,3,28,6,4,1,10,2.67,69047.72894688007,12784,49277.72894688007,0,1,0,0,1,0,0,1,0
29,32,1,2,1,3,4,3,8440,3,27,9,0,0,9,2.67,69047.72894688007,12784,60607.72894688007,0,1,0,1,0,0,0,1,0
45,33,3,3,5,4,2,2,9486,4,11,7,7,1,14,3.67,69047.72894688007,12784,59561.72894688007,0,0,1,1,0,0,0,1,0
58,24,3,2,1,3,4,2,9204,2,22,8,9,1,17,2.67,69047.72894688007,12784,59843.72894688007,1,0,0,1,0,0,0,1,0
24,23,2,4,5,2,1,3,11945,1,10,11,4,1,15,2.67,69047.72894688007,12784,57102.72894688007,1,0,1,1,0,0,1,0,0
30,1,3,1,3,3,1,4,2064,0,5,3,1,0,4,2.33,61845.10984536083,269,59781.10984536083,0,0,0,0,0,1,0,0,0
22,19,3,1,4,3,1,3,2323,1,2,2,2,0,4,2.67,89817.88593023256,119,87494.88593023256,0,0,1,0,0,0,0,0,0
35,24,4,1,3,2,3,2,12212,2,19,14,0,0,14,2.67,69047.72894688007,12784,56835.72894688007,1,1,0,1,0,0,0,1,0
29,14,2,5,4,3,3,2,12609,4,1,11,8,1,19,3.33,69047.72894688007,12784,56438.72894688007,0,0,0,1,0,0,0,0,0
40,34,1,5,5,3,3,3,5144,1,20,6,1,0,7,3.67,69047.72894688007,12784,63903.72894688007,0,1,0,0,0,0,0,1,0
43,21,3,3,4,2,4,3,13872,4,5,12,6,1,18,3.33,69047.72894688007,12784,55175.72894688007,0,0,1,0,1,1,0,0,0
51,10,1,5,5,1,1,3,10210,2,11,10,4,1,14,2.33,69047.72894688007,12784,58837.72894688007,1,0,0,1,0,0,0,1,1
32,25,2,3,5,3,3,4,3376,4,11,9,6,1,15,3.67,69047.72894688007,12784,65671.72894688007,0,0,0,0,0,0,0,1,0
21,17,1,3,1,2,1,4,4810,4,19,14,5,1,19,1.33,69047.72894688007,12784,64237.72894688007,0,0,0,0,0,0,0,1,0
27,44,2,1,1,4,4,2,11236,2,11,3,0,0,3,3.0,69047.72894688007,12784,57811.72894688007,0,0,1,1,0,0,0,1,0
29,23,1,4,4,3,1,2,19399,2,3,8,0,0,8,2.67,69047.72894688007,12784,49648.72894688007,0,1,0,0,1,1,0,0,1
55,36,1,1,4,2,3,1,6567,1,7,5,5,1,10,3.0,69047.72894688007,12784,62480.72894688007,0,0,1,0,0,0,1,0,0
33,8,4,2,1,4,1,1,7021,4,27,11,0,0,11,2.0,69047.72894688007,12784,62026.72894688007,0,0,1,0,0,0,0,1,0
53,36,4,2,2,3,3,4,14878,3,22,1,6,1,7,2.67,102997.714045,2542,88119.714045,0,1,0,0,1,0,0,1,0
51,7,2,3,4,1,3,3,12576,2,23,11,1,0,12,2.67,102997.714045,2542,90421.714045,1,0,0,1,0,0,0,1,0
54,27,2,1,4,2,1,2,3295,3,1,13,0,0,13,2.33,69047.72894688007,12784,65752.72894688007,1,1,0,0,0,0,0,0,0
40,15,1,2,4,4,2,1,15497,3,25,7,2,0,9,3.33,102997.714045,2542,87500.714045,1,1,0,0,1,0,0,1,0
38,35,3,2,2,1,1,4,11812,3,9,10,6,1,16,1.33,69047.72894688007,12784,57235.72894688007,1,1,0,1,0,0,1,0,0
52,22,3,3,3,2,2,3,13900,3,2,2,9,1,11,2.33,69047.72894688007,12784,55147.72894688007,0,0,0,0,1,0,0,0,0
28,16,2,5,4,1,2,2,8416,4,8,1,0,0,1,2.33,102997.714045,2542,94581.714045,0,0,0,1,0,0,1,0,0
39,47,3,3,2,2,2,2,17768,1,19,1,3,1,4,2.0,69047.72894688007,12784,51279.72894688007,1,0,0,0,1,0,0,1,0
36,14,3,2,4,3,1,2,6586,0,16,8,4,1,12,2.67,69047.72894688007,12784,62461.72894688007,1,0,1,0,0,0,0,1,0
45,23,3,2,3,3,1,3,7820,1,27,4,7,1,11,2.33,69047.72894688007,12784,61227.72894688007,0,0,0,1,0,0,0,1,0
21,43,2,3,2,1,1,4,14866,1,28,10,7,1,17,1.33,69047.72894688007,12784,54181.72894688007,1,0,0,0,1,0,0,1,1
32,48,1,5,4,1,2,1,14734,3,16,8,4,1,12,2.33,69047.72894688007,12784,54313.72894688007,1,0,0,0,1,0,0,1,0
49,33,2,2,4,2,3,1,3974,4,27,3,8,1,11,3.0,69047.72894688007,12784,65073.72894688007,1,0,0,0,0,0,0,1,1
30,10,2,2,3,3,1,3,6578,1,10,3,1,0,4,2.33,91683.75438596492,139,85105.75438596492,0,0,1,0,0,0,1,0,0
46,20,4,2,3,1,1,4,13596,4,9,11,9,1,20,1.67,69047.72894688007,12784,55451.72894688007,1,0,1,1,0,0,1,0,0
24,37,3,2,5,3,4,3,15793,3,17,11,4,1,15,4.0,102997.714045,2542,87204.714045,0,1,0,0,1,0,0,1,0
39,19,2,1,1,4,2,1,8927,4,28,14,9,1,23,2.33,69047.72894688007,12784,60120.72894688007,1,1,0,1,0,0,0,1,0
21,45,1,4,1,1,1,1,19963,1,5,3,7,1,10,1.0,102997.714045,2542,83034.714045,1,0,0,0,1,1,0,0,1
28,46,3,3,1,3,1,1,10630,1,24,8,2,0,10,1.67,69047.72894688007,12784,58417.72894688007,0,1,0,1,0,0,0,1,1
38,25,2,3,2,1,3,3,12061,3,10,8,0,0,8,2.0,69047.72894688007,12784,56986.72894688007,0,0,1,1,0,0,1,0,0
57,35,2,1,1,4,1,4,18508,1,23,3,3,1,6,2.0,69047.72894688007,12784,50539.72894688007,0,0,0,0,1,0,0,1,0
29,46,1,2,5,3,3,3,13321,4,9,5,1,0,6,3.67,102997.714045,2542,89676.714045,1,0,0,1,0,0,1,0,0
36,31,3,1,1,3,2,2,14088,3,19,9,0,0,9,2.0,102997.714045,2542,88909.714045,0,1,0,0,1,0,0,1,0
48,46,4,2,1,2,4,3,3461,2,14,8,8,1,16,2.33,69047.72894688007,12784,65586.72894688007,1,0,0,0,0,0,0,1,0
57,9,2,2,4,4,3,4,4895,4,7,5,6,1,11,3.67,69047.72894688007,12784,64152.72894688007,0,1,0,0,0,0,1,0,0
45,28,2,1,2,3,3,2,13642,3,11,7,5,1,12,2.67,69047.72894688007,12784,55405.72894688007,0,1,0,1,0,0,0,1,0
21,38,3,1,2,4,4,3,9447,3,19,9,4,1,13,3.33,102997.714045,2542,93550.714045,0,1,0,1,0,0,0,1,0
24,7,4,3,1,3,1,3,7822,4,1,2,6,1,8,1.67,102997.714045,2542,95175.714045,1,1,0,1,0,0,0,0,1
21,33,4,1,1,3,4,4,17705,3,2,4,8,1,12,2.67,69047.72894688007,12784,51342.72894688007,0,0,0,0,1,0,0,0,0
52,11,3,5,4,1,1,1,15830,1,3,5,7,1,12,2.0,69047.72894688007,12784,53217.72894688007,0,0,1,0,1,1,0,0,0
22,32,3,1,4,4,1,2,6338,3,24,12,9,1,21,3.0,69047.72894688007,12784,62709.72894688007,0,0,1,0,0,0,0,1,0
53,13,4,2,1,4,3,3,4450,1,4,2,1,0,3,2.67,69047.72894688007,12784,64597.72894688007,0,0,0,0,0,1,0,0,0
29,1,3,1,4,1,1,3,3760,1,3,2,1,0,3,2.0,89817.88593023256,119,86057.88593023256,0,0,0,0,0,1,0,0,0
51,19,4,1,2,3,3,1,13204,3,4,8,6,1,14,2.67,69047.72894688007,12784,55843.72894688007,0,0,0,1,0,1,0,0,0
45,42,3,5,2,2,4,1,5786,1,11,9,4,1,13,2.67,69047.72894688007,12784,63261.72894688007,1,0,0,0,0,0,0,1,0
32,5,3,5,5,4,1,4,9165,1,27,5,5,1,10,3.33,69047.72894688007,12784,59882.72894688007,0,0,0,1,0,0,0,1,0
20,23,2,1,2,3,1,3,4656,2,21,9,1,0,10,2.0,69047.72894688007,12784,64391.72894688007,0,0,1,0,0,0,0,1,0
52,44,3,2,5,4,2,2,3951,2,8,9,5,1,14,3.67,69047.72894688007,12784,65096.72894688007,0,0,0,0,0,0,1,0,0
54,42,1,4,2,1,3,2,3211,1,2,8,7,1,15,2.0,69047.72894688007,12784,65836.72894688007,1,0,1,0,0,0,0,0,0
34,19,3,4,4,2,2,3,6928,1,29,9,5,1,14,2.67,69047.72894688007,12784,62119.72894688007,1,0,1,0,0,0,0,1,1
23,17,4,4,4,4,3,1,14136,1,17,1,2,0,3,3.67,69047.72894688007,12784,54911.72894688007,0,1,0,0,1,0,0,1,0
29,8,1,2,1,3,3,3,9715,3,7,7,0,0,7,2.33,69047.72894688007,12784,59332.72894688007,0,0,1,1,0,0,1,0,0
54,14,3,3,5,2,1,4,17443,3,17,3,4,1,7,2.67,102997.714045,2542,85554.714045,1,1,0,0,1,0,0,1,1
41,9,3,3,3,3,3,3,8189,3,9,7,0,0,7,3.0,91683.75438596492,139,83494.75438596492,1,0,0,1,0,0,1,0,0
34,16,1,1,1,4,2,3,2307,1,5,2,3,1,5,2.33,89817.88593023256,119,87510.88593023256,1,0,1,0,0,1,0,0,1
31,17,1,5,2,3,3,4,13380,3,27,7,0,0,7,2.67,69047.72894688007,12784,55667.72894688007,1,0,1,1,0,0,0,1,0
22,17,2,3,2,4,2,3,7821,4,9,8,2,0,10,2.67,69047.72894688007,12784,61226.72894688007,0,0,1,1,0,0,1,0,1
45,17,3,3,3,3,1,4,15644,3,29,6,1,0,7,2.33,69047.72894688007,12784,53403.72894688007,1,0,0,0,1,0,0,1,0
30,16,1,2,1,4,1,1,14799,4,9,8,1,0,9,2.0,102997.714045,2542,88198.714045,1,0,0,0,1,0,1,0,0
34,1,2,3,3,4,4,3,7083,1,10,9,8,1,17,3.67,91683.75438596492,139,84600.75438596492,1,0,1,0,0,0,1,0,0
36,34,4,3,4,4,1,2,17446,4,11,3,6,1,9,3.0,69047.72894688007,12784,51601.72894688007,0,1,0,0,1,0,0,1,1
32,18,4,1,1,4,4,3,9600,1,21,7,8,1,15,3.0,69047.72894688007,12784,59447.72894688007,0,0,1,1,0,0,0,1,0
22,21,3,3,5,2,1,3,8163,1,27,14,1,0,15,2.67,69047.72894688007,12784,60884.72894688007,1,0,1,1,0,0,0,1,0
33,13,4,2,5,4,4,2,7964,4,20,8,1,0,9,4.33,102997.714045,2542,95033.714045,1,0,1,1,0,0,0,1,0
22,43,2,4,2,4,1,1,7983,3,9,6,2,0,8,2.33,69047.72894688007,12784,61064.72894688007,0,1,0,1,0,0,1,0,1
46,10,4,3,1,4,2,4,12571,3,3,7,4,1,11,2.33,69047.72894688007,12784,56476.72894688007,1,0,0,1,0,1,0,0,0
49,47,2,5,2,3,4,4,5314,4,1,5,3,1,8,3.0,102997.714045,2542,97683.714045,1,1,0,0,0,0,0,0,0
30,29,1,1,3,2,3,1,7052,3,20,6,3,1,9,2.67,102997.714045,2542,95945.714045,0,0,1,0,0,0,0,1,0
53,27,4,2,2,1,3,4,17808,4,19,7,1,0,8,2.0,69047.72894688007,12784,51239.72894688007,1,0,0,0,1,0,0,1,1
24,47,3,4,5,2,1,3,9751,4,19,3,0,0,3,2.67,69047.72894688007,12784,59296.72894688007,1,0,0,1,0,0,0,1,0
31,29,2,1,2,3,2,4,3479,0,5,4,1,0,5,2.33,17372.83423076923,33,13893.83423076923,0,1,0,0,0,1,0,0,1
37,31,2,4,1,3,2,2,11155,1,19,8,5,1,13,2.0,69047.72894688007,12784,57892.72894688007,1,0,0,1,0,0,0,1,0
32,4,3,1,2,3,1,3,3931,2,4,3,1,0,4,2.0,69047.72894688007,12784,65116.72894688007,0,0,1,0,0,1,0,0,0
26,46,3,3,2,1,4,1,6930,1,17,2,3,1,5,2.33,69047.72894688007,12784,62117.72894688007,0,0,0,0,0,0,0,1,0
45,35,3,1,5,2,1,4,5450,2,26,9,2,0,11,2.67,69047.72894688007,12784,63597.72894688007,0,1,0,0,0,0,0,1,0
56,41,1,2,2,1,3,1,9941,1,28,10,1,0,11,2.0,102997.714045,2542,93056.714045,0,0,0,1,0,0,0,1,0
36,12,3,2,1,1,3,1,16316,2,4,9,0,0,9,1.67,69047.72894688007,12784,52731.72894688007,1,1,0,0,1,1,0,0,0
56,34,2,2,3,2,3,2,3307,2,27,1,0,0,1,2.67,69047.72894688007,12784,65740.72894688007,1,1,0,0,0,0,0,1,1
31,1,3,1,2,3,2,3,2501,1,1,1,1,0,2,2.33,89817.88593023256,119,87316.88593023256,0,1,0,0,0,0,0,0,0
26,9,2,2,3,4,2,1,12084,1,29,7,1,0,8,3.0,102997.714045,2542,90913.714045,0,1,0,1,0,0,0,1,0
33,44,1,5,4,2,1,1,8819,1,26,7,3,1,10,2.33,69047.72894688007,12784,60228.72894688007,0,1,0,1,0,0,0,1,0
23,18,4,1,4,1,2,1,9466,3,5,4,5,1,9,2.33,69047.72894688007,12784,59581.72894688007,1,0,1,1,0,1,0,0,0
31,1,3,1,2,4,1,4,2302,1,3,2,2,0,4,2.33,69047.72894688007,12784,66745.72894688007,1,1,0,0,0,1,0,0,1
32,21,1,5,2,4,4,4,14391,3,26,7,9,1,16,3.33,102997.714045,2542,88606.714045,0,1,0,0,1,0,0,1,0
20,49,2,1,4,2,1,4,4946,1,14,6,0,0,6,2.33,102997.714045,2542,98051.714045,0,0,1,0,0,0,0,1,0
25,46,1,5,3,2,2,1,19661,4,2,9,4,1,13,2.33,69047.72894688007,12784,49386.72894688007,1,0,0,0,1,0,0,0,0
29,35,3,5,2,4,1,1,9374,3,29,5,6,1,11,2.33,102997.714045,2542,93623.714045,0,0,1,1,0,0,0,1,0
22,18,2,4,2,1,2,4,15629,4,4,11,6,1,17,1.67,69047.72894688007,12784,53418.72894688007,0,0,0,0,1,1,0,0,0
47,38,3,5,1,1,3,1,12440,2,26,10,7,1,17,1.67,69047.72894688007,12784,56607.72894688007,1,0,1,1,0,0,0,1,0
27,23,2,5,4,3,4,3,19621,1,28,10,7,1,17,3.67,69047.72894688007,12784,49426.72894688007,1,1,0,0,1,0,0,1,0
39,21,2,2,4,1,4,4,13769,3,14,4,3,1,7,3.0,102997.714045,2542,89228.714045,1,1,0,0,1,0,0,1,1
28,20,2,4,3,4,4,1,18258,2,3,9,7,1,16,3.67,69047.72894688007,12784,50789.72894688007,0,1,0,0,1,1,0,0,0
30,2,2,1,1,4,4,3,4968,0,9,7,0,0,7,3.0,89817.88593023256,119,84849.88593023256,0,1,0,0,0,0,1,0,0
25,19,1,5,5,3,3,4,15955,2,3,3,2,0,5,3.67,69047.72894688007,12784,53092.72894688007,0,0,1,0,1,1,0,0,0
42,4,2,4,5,4,3,1,9396,2,20,13,8,1,21,4.0,69047.72894688007,12784,59651.72894688007,0,0,0,1,0,0,0,1,1
45,37,3,4,2,3,4,2,9280,1,11,2,6,1,8,3.0,69047.72894688007,12784,59767.72894688007,0,0,0,1,0,0,0,1,0
48,1,1,1,5,1,3,3,9207,2,11,10,7,1,17,3.0,69047.72894688007,12784,59840.72894688007,0,0,1,1,0,0,0,1,0
42,7,3,1,3,4,1,4,14197,4,22,1,1,0,2,2.67,102997.714045,2542,88800.714045,1,0,1,0,1,0,0,1,0
40,24,3,2,4,1,1,3,3319,1,9,8,4,1,12,2.0,89817.88593023256,119,86498.88593023256,0,0,0,0,0,0,1,0,0
54,34,2,5,3,3,4,2,11039,4,9,13,6,1,19,3.33,69047.72894688007,12784,58008.72894688007,1,0,1,1,0,0,1,0,0
44,10,3,5,1,1,3,1,3420,1,9,1,8,1,9,1.67,69047.72894688007,12784,65627.72894688007,1,0,0,0,0,0,1,0,0
33,47,3,5,5,4,3,3,7668,3,12,11,9,1,20,4.0,69047.72894688007,12784,61379.72894688007,1,0,1,1,0,0,0,1,0
55,45,3,1,5,1,1,4,4013,3,7,4,0,0,4,2.33,69047.72894688007,12784,65034.72894688007,1,1,0,0,0,0,1,0,1
37,11,4,5,2,3,1,1,11970,2,24,9,8,1,17,2.0,69047.72894688007,12784,57077.72894688007,0,0,1,1,0,0,0,1,0
23,39,4,3,4,2,1,4,8653,3,15,7,2,0,9,2.33,69047.72894688007,12784,60394.72894688007,1,1,0,1,0,0,0,1,0
29,41,3,2,4,2,2,3,14032,4,4,14,1,0,15,2.67,69047.72894688007,12784,55015.72894688007,1,0,0,0,1,1,0,0,0
55,14,4,1,5,3,3,3,14013,3,29,11,7,1,18,3.67,69047.72894688007,12784,55034.72894688007,0,1,0,0,1,0,0,1,0
43,23,4,5,1,2,3,1,10280,1,15,14,4,1,18,2.0,102997.714045,2542,92717.714045,0,0,1,1,0,0,0,1,0
37,22,3,5,1,4,4,4,7725,3,5,10,2,0,12,3.0,69047.72894688007,12784,61322.72894688007,0,0,0,1,0,1,0,0,0
30,48,4,2,4,3,4,1,11253,1,9,9,8,1,17,3.67,69047.72894688007,12784,57794.72894688007,1,1,0,1,0,0,1,0,0
23,41,1,5,2,2,1,2,6065,2,23,8,2,0,10,1.67,69047.72894688007,12784,62982.72894688007,0,0,0,0,0,0,0,1,1
34,10,4,4,2,2,4,2,6104,4,9,6,9,1,15,2.67,69047.72894688007,12784,62943.72894688007,0,0,0,0,0,0,1,0,0
41,21,3,4,5,1,1,1,10761,3,5,9,3,1,12,2.33,69047.72894688007,12784,58286.72894688007,1,0,1,1,0,1,0,0,0
35,34,4,2,3,1,1,2,9675,4,4,10,6,1,16,1.67,69047.72894688007,12784,59372.72894688007,1,0,0,1,0,1,0,0,0
40,12,3,2,1,2,2,3,4448,2,7,4,7,1,11,1.67,69047.72894688007,12784,64599.72894688007,0,0,0,0,0,0,1,0,0
32,22,4,2,3,4,2,3,6754,4,7,13,1,0,14,3.0,69047.72894688007,12784,62293.72894688007,0,0,1,0,0,0,1,0,0
21,27,2,5,2,4,2,4,3900,4,19,4,9,1,13,2.67,69047.72894688007,12784,65147.72894688007,0,0,0,0,0,0,0,1,0
53,9,3,1,3,1,2,3,16067,2,28,8,2,0,10,2.0,69047.72894688007,12784,52980.72894688007,1,1,0,0,1,0,0,1,1
23,6,4,1,1,3,3,3,1601,1,0,0,0,0,0,2.33,17372.83423076923,33,15771.83423076923,1,0,1,0,0,0,0,0,1
28,2,1,1,4,1,4,2,3464,5,3,2,2,0,4,3.0,89817.88593023256,119,86353.88593023256,1,0,1,0,0,1,0,0,1
44,44,1,1,5,4,4,2,17601,1,17,1,7,1,8,4.33,102997.714045,2542,85396.714045,1,0,0,0,1,0,0,1,0
24,5,2,1,4,4,1,3,9861,3,24,8,3,1,11,3.0,102997.714045,2542,93136.714045,1,1,0,1,0,0,0,1,0
46,6,4,3,3,4,2,4,19009,2,8,13,1,0,14,3.0,69047.72894688007,12784,50038.72894688007,0,1,0,0,1,0,1,0,0
45,28,1,1,2,4,4,2,12160,1,13,3,8,1,11,3.33,69047.72894688007,12784,56887.72894688007,0,0,1,1,0,0,0,1,0
20,32,3,5,1,1,1,4,5797,1,9,14,9,1,23,1.0,69047.72894688007,12784,63250.72894688007,1,0,1,0,0,0,1,0,1
34,33,1,1,1,1,1,3,16699,3,21,6,2,0,8,1.0,102997.714045,2542,86298.714045,1,0,1,0,1,0,0,1,0
25,45,2,5,2,4,3,1,14517,4,9,6,4,1,10,3.0,102997.714045,2542,88480.714045,1,0,1,0,1,0,1,0,0
54,31,1,2,2,2,2,1,18064,2,20,2,6,1,8,2.0,102997.714045,2542,84933.714045,1,0,0,0,1,0,0,1,0
32,10,3,3,4,3,2,4,11244,2,5,2,0,0,2,3.0,102997.714045,2542,91753.714045,0,1,0,1,0,1,0,0,0
48,46,4,1,3,1,3,1,12256,3,12,14,6,1,20,2.33,102997.714045,2542,90741.714045,1,1,0,1,0,0,0,1,0
36,13,2,2,2,1,2,3,5749,2,12,1,1,0,2,1.67,69047.72894688007,12784,63298.72894688007,0,0,0,0,0,0,0,1,0
47,18,4,4,5,1,3,1,17576,1,4,13,4,1,17,3.0,69047.72894688007,12784,51471.72894688007,1,0,1,0,1,1,0,0,0
26,16,1,5,1,4,1,1,10659,2,17,5,7,1,12,2.0,102997.714045,2542,92338.714045,1,0,1,1,0,0,0,1,0
31,20,1,4,1,2,1,4,9622,2,19,13,1,0,14,1.33,69047.72894688007,12784,59425.72894688007,1,0,1,1,0,0,0,1,0
51,28,1,4,2,4,3,2,7275,1,17,1,0,0,1,3.0,69047.72894688007,12784,61772.72894688007,1,0,0,0,0,0,0,1,0
55,28,3,5,3,3,4,3,16412,3,7,11,4,1,15,3.33,102997.714045,2542,86585.714045,1,1,0,0,1,0,1,0,0
22,19,1,1,5,4,4,4,11173,4,12,9,6,1,15,4.33,69047.72894688007,12784,57874.72894688007,0,0,1,1,0,0,0,1,0
44,45,3,1,3,1,1,1,4164,1,28,3,4,1,7,1.67,102997.714045,2542,98833.714045,0,1,0,0,0,0,0,1,0
57,15,4,4,5,1,2,4,17733,3,22,1,3,1,4,2.67,69047.72894688007,12784,51314.72894688007,0,0,0,0,1,0,0,1,0
26,7,3,1,4,4,3,3,2570,1,7,7,5,1,12,3.67,17372.83423076923,33,14802.83423076923,0,1,0,0,0,0,1,0,0
27,9,4,2,5,4,3,3,5692,4,3,7,2,0,9,4.0,69047.72894688007,12784,63355.72894688007,0,0,1,0,0,1,0,0,0
49,27,2,4,2,3,1,2,19676,4,22,10,0,0,10,2.0,69047.72894688007,12784,49371.72894688007,1,1,0,0,1,0,0,1,1
34,1,3,1,4,2,4,2,2691,1,10,9,8,1,17,3.33,89817.88593023256,119,87126.88593023256,0,0,1,0,0,0,1,0,0
34,15,4,1,5,2,2,3,18892,4,22,3,5,1,8,3.0,69047.72894688007,12784,50155.72894688007,1,0,1,0,1,0,0,1,1
29,32,3,1,4,2,4,2,10179,1,18,9,8,1,17,3.33,69047.72894688007,12784,58868.72894688007,0,0,0,1,0,0,0,1,1
33,37,4,1,3,4,2,3,11212,4,20,14,2,0,16,3.0,69047.72894688007,12784,57835.72894688007,0,0,1,1,0,0,0,1,1
51,28,1,4,5,1,2,1,10280,3,21,14,3,1,17,2.67,69047.72894688007,12784,58767.72894688007,0,0,1,1,0,0,0,1,0
36,3,2,1,5,3,4,2,12946,4,27,8,2,0,10,4.0,69047.72894688007,12784,56101.72894688007,1,0,1,1,0,0,0,1,0
31,8,3,2,4,3,4,3,4424,1,11,7,1,0,8,3.67,69047.72894688007,12784,64623.72894688007,0,1,0,0,0,0,0,1,0
57,36,4,2,3,4,1,1,5987,1,19,7,8,1,15,2.67,69047.72894688007,12784,63060.72894688007,1,0,1,0,0,0,0,1,0
32,37,3,3,4,3,2,2,10626,4,25,13,9,1,22,3.0,69047.72894688007,12784,58421.72894688007,1,0,0,1,0,0,0,1,0
26,40,2,3,5,3,3,3,16762,4,29,8,9,1,17,3.67,69047.72894688007,12784,52285.72894688007,0,0,0,0,1,0,0,1,0
36,43,2,3,1,1,1,2,11902,4,6,1,6,1,7,1.0,69047.72894688007,12784,57145.72894688007,1,0,0,1,0,0,1,0,0
41,29,1,3,4,3,4,4,15686,4,8,8,8,1,16,3.67,69047.72894688007,12784,53361.72894688007,0,1,0,0,1,0,1,0,0
52,34,1,3,1,3,2,3,15817,1,17,10,5,1,15,2.0,69047.72894688007,12784,53230.72894688007,1,0,0,0,1,0,0,1,0
30,36,4,1,5,2,3,2,6962,1,13,12,6,1,18,3.33,69047.72894688007,12784,62085.72894688007,1,0,0,0,0,0,0,1,0
43,4,2,3,4,4,4,4,10231,3,21,7,15,1,22,4.0,91683.75438596492,139,81452.75438596492,0,1,0,1,0,0,0,1,0
26,23,2,4,3,1,4,3,10985,4,29,13,7,1,20,2.67,69047.72894688007,12784,58062.72894688007,1,0,1,1,0,0,0,1,0
39,3,3,4,1,3,1,1,16340,2,29,11,1,0,12,1.67,69047.72894688007,12784,52707.72894688007,1,1,0,0,1,0,0,1,0
36,1,2,2,4,1,2,2,9548,2,28,5,4,1,9,2.33,69047.72894688007,12784,59499.72894688007,1,0,0,1,0,0,0,1,1
32,40,3,2,5,2,3,2,15342,3,21,12,5,1,17,3.33,69047.72894688007,12784,53705.72894688007,0,0,0,0,1,0,0,1,0
34,10,3,4,4,4,4,4,7493,1,21,7,1,0,8,4.0,69047.72894688007,12784,61554.72894688007,1,0,1,0,0,0,0,1,0
29,4,3,2,5,3,3,4,10218,1,21,4,8,1,12,3.67,102997.714045,2542,92779.714045,1,0,0,1,0,0,0,1,0
32,4,4,5,4,2,3,2,17719,1,6,7,6,1,13,3.0,69047.72894688007,12784,51328.72894688007,0,1,0,0,1,0,1,0,1
57,28,3,2,2,2,2,1,9631,4,5,3,7,1,10,2.0,69047.72894688007,12784,59416.72894688007,1,1,0,1,0,1,0,0,1
44,26,4,4,1,1,4,3,12408,4,6,3,1,0,4,2.0,69047.72894688007,12784,56639.72894688007,0,0,0,1,0,0,1,0,0
54,43,2,4,2,3,3,1,18899,1,19,5,2,0,7,2.67,69047.72894688007,12784,50148.72894688007,1,0,0,0,1,0,0,1,1
32,13,3,2,4,2,3,2,4403,2,5,2,0,0,2,3.0,91683.75438596492,139,87280.75438596492,0,0,0,0,0,1,0,0,0
49,4,2,2,3,2,1,4,7588,4,4,2,5,1,7,2.0,69047.72894688007,12784,61459.72894688007,1,1,0,0,0,1,0,0,1
33,9,3,1,3,4,4,2,6000,1,11,2,5,1,7,3.67,69047.72894688007,12784,63047.72894688007,1,0,1,0,0,0,0,1,0
31,16,4,2,2,4,4,4,16320,4,7,4,4,1,8,3.33,69047.72894688007,12784,52727.72894688007,1,1,0,0,1,0,1,0,0
48,29,3,1,4,4,1,1,11055,3,25,4,5,1,9,3.0,69047.72894688007,12784,57992.72894688007,0,0,1,1,0,0,0,1,1
32,41,1,2,1,3,1,2,8772,3,20,12,0,0,12,1.67,69047.72894688007,12784,60275.72894688007,1,0,1,1,0,0,0,1,0
42,29,4,3,4,1,3,1,5010,2,10,11,1,0,12,2.67,69047.72894688007,12784,64037.72894688007,0,1,0,0,0,0,1,0,1
55,23,2,4,2,4,3,1,7203,4,4,5,3,1,8,3.0,102997.714045,2542,95794.714045,1,0,0,0,0,1,0,0,0
59,16,2,3,2,2,3,1,15892,4,12,7,7,1,14,2.33,69047.72894688007,12784,53155.72894688007,0,0,0,0,1,0,0,1,0
54,47,3,1,3,1,4,4,9064,2,25,2,1,0,3,2.67,69047.72894688007,12784,59983.72894688007,1,1,0,1,0,0,0,1,0
38,49,4,2,1,4,1,4,7396,1,23,7,7,1,14,2.0,69047.72894688007,12784,61651.72894688007,0,0,0,0,0,0,0,1,1
50,41,1,2,5,1,1,3,8576,4,3,14,2,0,16,2.33,69047.72894688007,12784,60471.72894688007,1,0,0,1,0,1,0,0,0
52,49,3,1,4,4,2,1,7806,1,26,12,2,0,14,3.33,102997.714045,2542,95191.714045,1,0,0,1,0,0,0,1,0
30,21,3,4,2,1,3,3,7612,2,14,12,4,1,16,2.0,69047.72894688007,12784,61435.72894688007,1,1,0,1,0,0,0,1,0
31,10,1,1,3,1,2,4,7011,1,15,13,9,1,22,2.0,102997.714045,2542,95986.714045,1,0,1,0,0,0,0,1,0
26,36,1,5,5,2,1,1,8487,1,5,13,3,1,16,2.67,69047.72894688007,12784,60560.72894688007,1,1,0,1,0,1,0,0,0
40,27,3,5,1,2,2,2,13767,1,7,13,9,1,22,1.67,69047.72894688007,12784,55280.72894688007,1,0,1,0,1,0,1,0,0
49,1,2,4,3,3,4,3,13964,7,7,1,0,0,1,3.33,69047.72894688007,12784,55083.72894688007,1,1,0,0,1,0,1,0,0
23,43,3,2,2,1,3,4,16141,1,24,4,8,1,12,2.0,69047.72894688007,12784,52906.72894688007,0,0,0,0,1,0,0,1,0
38,35,1,1,2,2,1,2,14743,2,19,4,9,1,13,1.67,69047.72894688007,12784,54304.72894688007,1,0,0,0,1,0,0,1,0
49,4,4,2,5,2,1,1,7908,3,18,6,2,0,8,2.67,102997.714045,2542,95089.714045,1,0,0,1,0,0,0,1,1
30,21,3,4,1,3,2,2,10619,4,12,8,0,0,8,2.0,69047.72894688007,12784,58428.72894688007,1,0,1,1,0,0,0,1,0
45,28,2,4,2,4,3,3,16704,1,21,6,8,1,14,3.0,69047.72894688007,12784,52343.72894688007,0,1,0,0,1,0,0,1,0
57,19,1,1,3,1,2,2,16304,1,13,11,8,1,19,2.0,69047.72894688007,12784,52743.72894688007,1,1,0,0,1,0,0,1,0
22,10,3,1,4,2,1,3,7039,1,7,2,5,1,7,2.33,102997.714045,2542,95958.714045,0,1,0,0,0,0,1,0,0
36,10,2,2,3,2,1,3,5673,1,10,9,1,0,10,2.0,91683.75438596492,139,86010.75438596492,1,0,1,0,0,0,1,0,0
52,5,2,5,5,4,1,2,6053,2,1,2,0,0,2,3.33,69047.72894688007,12784,62994.72894688007,0,0,0,0,0,0,0,0,1
47,2,4,4,2,2,3,3,15972,6,3,2,1,0,3,2.33,102997.714045,2542,87025.714045,0,0,0,0,1,1,0,0,0
57,22,1,4,5,2,3,3,9328,3,4,11,9,1,20,3.33,102997.714045,2542,93669.714045,1,0,0,1,0,1,0,0,1
54,1,3,4,4,4,4,2,17328,6,20,7,12,1,19,4.0,69047.72894688007,12784,51719.72894688007,0,1,0,0,1,0,0,1,0
48,43,2,2,3,1,2,3,8076,4,20,10,0,0,10,2.0,69047.72894688007,12784,60971.72894688007,0,0,1,1,0,0,0,1,0
32,26,4,1,1,1,2,4,10160,3,27,14,4,1,18,1.33,69047.72894688007,12784,58887.72894688007,1,1,0,1,0,0,0,1,0
46,17,1,4,3,4,1,4,15668,3,23,6,5,1,11,2.67,102997.714045,2542,87329.714045,1,0,0,0,1,0,0,1,0
45,36,2,1,3,1,1,2,15891,1,5,13,9,1,22,1.67,69047.72894688007,12784,53156.72894688007,0,0,1,0,1,1,0,0,1
52,44,3,2,3,3,4,1,3795,2,24,13,5,1,18,3.33,69047.72894688007,12784,65252.72894688007,0,0,0,0,0,0,0,1,0
36,5,3,4,5,2,2,1,18621,4,13,9,2,0,11,3.0,69047.72894688007,12784,50426.72894688007,1,1,0,0,1,0,0,1,1
49,7,3,3,2,3,2,3,10466,3,8,7,0,0,7,2.33,69047.72894688007,12784,58581.72894688007,0,0,0,1,0,0,1,0,0
51,26,4,4,4,4,4,1,13168,1,15,9,5,1,14,4.0,69047.72894688007,12784,55879.72894688007,0,0,1,1,0,0,0,1,0
31,45,3,3,4,1,4,4,18197,2,2,10,0,0,10,3.0,69047.72894688007,12784,50850.72894688007,1,0,0,0,1,0,0,0,0
47,2,3,4,3,1,2,4,17169,3,20,17,5,1,22,2.0,69047.72894688007,12784,51878.72894688007,0,0,1,0,1,0,0,1,0
25,28,1,1,5,3,1,3,10672,4,4,9,6,1,15,3.0,69047.72894688007,12784,58375.72894688007,1,0,1,1,0,1,0,0,0
59,12,4,5,1,2,3,1,15499,4,23,1,0,0,1,2.0,69047.72894688007,12784,53548.72894688007,0,1,0,0,1,0,0,1,0
43,18,4,2,1,4,4,2,7921,4,4,1,5,1,6,3.0,102997.714045,2542,95076.714045,1,0,1,1,0,1,0,0,0
34,8,3,2,3,2,4,3,6142,3,5,1,4,1,5,3.0,69047.72894688007,12784,62905.72894688007,0,1,0,0,0,1,0,0,0
47,33,1,2,3,4,2,3,19348,3,26,3,2,0,5,3.0,102997.714045,2542,83649.714045,0,0,0,0,1,0,0,1,0
57,25,3,3,3,4,1,3,3983,2,17,6,2,0,8,2.67,69047.72894688007,12784,65064.72894688007,1,0,0,0,0,0,0,1,0
36,2,3,1,3,4,2,3,2543,4,2,2,2,0,4,3.0,89817.88593023256,119,87274.88593023256,0,0,1,0,0,0,0,0,0
46,25,1,5,2,3,4,3,17556,3,29,1,0,0,1,3.0,69047.72894688007,12784,51491.72894688007,1,0,0,0,1,0,0,1,0
41,1,1,2,1,4,3,2,14558,4,3,9,3,1,12,2.67,102997.714045,2542,88439.714045,1,0,1,0,1,1,0,0,0
49,7,4,1,3,3,1,2,18941,4,28,9,5,1,14,2.33,69047.72894688007,12784,50106.72894688007,0,1,0,0,1,0,0,1,0
26,40,3,1,4,1,3,4,7383,2,16,7,1,0,8,2.67,69047.72894688007,12784,61664.72894688007,0,1,0,0,0,0,0,1,1
46,20,3,1,2,4,2,1,4428,3,22,12,3,1,15,2.67,69047.72894688007,12784,64619.72894688007,1,0,0,0,0,0,0,1,0
30,23,1,1,3,1,3,2,2613,1,10,7,0,0,7,2.33,89817.88593023256,119,87204.88593023256,0,0,0,0,0,0,1,0,0
45,48,1,2,3,3,2,2,4711,2,18,7,7,1,14,2.67,69047.72894688007,12784,64336.72894688007,1,0,1,0,0,0,0,1,0
34,25,2,1,2,3,3,1,18760,1,1,12,1,0,13,2.67,69047.72894688007,12784,50287.72894688007,1,0,0,0,1,0,0,0,0
40,44,2,4,1,4,4,2,5034,4,23,2,9,1,11,3.0,102997.714045,2542,97963.714045,0,0,1,0,0,0,0,1,1
52,36,2,1,4,4,4,2,4307,2,7,12,6,1,18,4.0,69047.72894688007,12784,64740.72894688007,1,0,1,0,0,0,1,0,0
18,5,3,1,2,2,4,3,1878,1,0,0,0,0,0,2.67,69047.72894688007,12784,67169.72894688007,1,1,0,0,0,0,0,0,1
53,49,1,3,4,1,3,4,19119,4,18,8,2,0,10,2.67,69047.72894688007,12784,49928.72894688007,1,1,0,0,1,0,0,1,0
50,42,4,4,1,3,4,3,18089,3,20,2,1,0,3,2.67,69047.72894688007,12784,50958.72894688007,1,1,0,0,1,0,0,1,0
55,43,1,2,2,4,4,2,15413,4,7,4,4,1,8,3.33,102997.714045,2542,87584.714045,1,0,1,0,1,0,1,0,0
44,9,2,4,3,2,1,4,15037,2,20,9,4,1,13,2.0,69047.72894688007,12784,54010.72894688007,1,0,1,0,1,0,0,1,0
26,43,2,1,4,2,3,4,14566,2,26,4,4,1,8,3.0,102997.714045,2542,88431.714045,1,0,0,0,1,0,0,1,0
47,9,2,5,1,1,1,2,5902,1,29,1,0,0,1,1.0,69047.72894688007,12784,63145.72894688007,1,0,0,0,0,0,0,1,0
49,15,3,1,3,2,4,1,9998,3,4,4,1,0,5,3.0,102997.714045,2542,92999.714045,0,0,0,1,0,1,0,0,0
38,47,2,2,2,2,4,2,5554,2,15,7,4,1,11,2.67,102997.714045,2542,97443.714045,0,0,0,0,0,0,0,1,1
56,1,4,1,3,1,4,2,15762,2,12,8,6,1,14,2.67,69047.72894688007,12784,53285.72894688007,1,0,1,0,1,0,0,1,0
49,46,2,2,3,1,2,3,4883,3,26,4,0,0,4,2.0,69047.72894688007,12784,64164.72894688007,1,0,1,0,0,0,0,1,0
28,28,2,5,1,3,3,2,5389,4,13,3,1,0,4,2.33,69047.72894688007,12784,63658.72894688007,0,0,1,0,0,0,0,1,0
52,35,1,3,2,4,3,3,19823,4,15,5,3,1,8,3.0,69047.72894688007,12784,49224.72894688007,1,1,0,0,1,0,0,1,1
46,6,3,2,1,1,2,3,12574,4,17,8,6,1,14,1.33,69047.72894688007,12784,56473.72894688007,0,1,0,1,0,0,0,1,0
33,30,2,2,2,2,4,3,4007,1,23,5,6,1,11,2.67,102997.714045,2542,98990.714045,0,0,1,0,0,0,0,1,0
58,20,3,2,2,1,3,2,19572,2,3,1,3,1,4,2.0,102997.714045,2542,83425.714045,1,0,0,0,1,1,0,0,0
25,27,3,4,5,1,1,1,7096,1,23,3,0,0,3,2.33,102997.714045,2542,95901.714045,1,1,0,0,0,0,0,1,1
45,44,3,4,4,2,3,2,10774,3,10,13,0,0,13,3.0,69047.72894688007,12784,58273.72894688007,0,0,0,1,0,0,1,0,0
27,18,3,5,3,2,4,1,3660,4,10,3,7,1,10,3.0,69047.72894688007,12784,65387.72894688007,0,1,0,0,0,0,1,0,0
40,9,4,2,3,1,1,4,17750,2,27,7,8,1,15,1.67,69047.72894688007,12784,51297.72894688007,0,0,0,0,1,0,0,1,0
36,12,1,1,1,2,2,2,3516,3,17,11,1,0,12,1.67,102997.714045,2542,99481.714045,1,0,1,0,0,0,0,1,1
48,29,3,3,3,1,2,1,12504,3,0,0,0,0,0,2.0,102997.714045,2542,90493.714045,0,0,1,1,0,0,0,0,0
37,47,1,4,1,3,3,4,6201,3,6,1,7,1,8,2.33,69047.72894688007,12784,62846.72894688007,0,0,1,0,0,0,1,0,0
32,2,3,1,1,3,3,3,2827,1,1,0,0,0,0,2.33,69047.72894688007,12784,66220.72894688007,0,0,0,0,0,0,0,0,0
36,1,3,2,2,3,1,3,5228,0,9,7,0,0,7,2.0,69047.72894688007,12784,63819.72894688007,0,0,1,0,0,0,1,0,0
56,26,4,1,3,1,1,2,5155,2,15,5,4,1,9,1.67,69047.72894688007,12784,63892.72894688007,0,0,0,0,0,0,0,1,0
55,21,3,2,4,1,1,3,17136,4,24,12,9,1,21,2.0,69047.72894688007,12784,51911.72894688007,0,1,0,0,1,0,0,1,0
38,31,4,5,4,2,1,1,10522,1,19,9,1,0,10,2.33,102997.714045,2542,92475.714045,1,0,1,1,0,0,0,1,0
36,7,2,5,1,1,1,1,7069,1,26,13,9,1,22,1.0,69047.72894688007,12784,61978.72894688007,1,1,0,0,0,0,0,1,0
43,49,2,1,2,3,1,3,16010,1,4,9,8,1,17,2.0,69047.72894688007,12784,53037.72894688007,0,0,1,0,1,1,0,0,1
50,4,1,3,2,3,3,3,7091,4,13,7,6,1,13,2.67,69047.72894688007,12784,61956.72894688007,0,1,0,0,0,0,0,1,0
34,18,1,4,1,3,1,2,15140,3,15,2,0,0,2,1.67,69047.72894688007,12784,53907.72894688007,1,0,1,0,1,0,0,1,1
55,40,3,4,3,1,2,2,16265,4,25,12,3,1,15,2.0,69047.72894688007,12784,52782.72894688007,1,0,1,0,1,0,0,1,0
54,48,4,1,2,2,2,2,3960,1,12,11,5,1,16,2.0,69047.72894688007,12784,65087.72894688007,1,0,0,0,0,0,0,1,0
44,42,3,2,5,2,2,4,10673,4,19,10,2,0,12,3.0,69047.72894688007,12784,58374.72894688007,1,1,0,1,0,0,0,1,0
20,31,1,3,5,3,3,3,11298,3,21,5,8,1,13,3.67,102997.714045,2542,91699.714045,0,1,0,1,0,0,0,1,0
37,4,2,4,3,2,4,2,3727,1,9,13,2,0,15,3.0,69047.72894688007,12784,65320.72894688007,0,0,1,0,0,0,1,0,0
34,5,2,5,4,4,4,3,6006,3,24,10,3,1,13,4.0,69047.72894688007,12784,63041.72894688007,1,1,0,0,0,0,0,1,0
43,35,4,1,3,3,2,1,7133,2,15,5,8,1,13,2.67,69047.72894688007,12784,61914.72894688007,0,1,0,0,0,0,0,1,1
56,18,3,3,5,4,3,3,5260,4,9,7,8,1,15,4.0,69047.72894688007,12784,63787.72894688007,1,0,1,0,0,0,1,0,0
38,24,2,5,2,2,3,1,12850,2,12,6,1,0,7,2.33,69047.72894688007,12784,56197.72894688007,1,1,0,1,0,0,0,1,0
42,24,3,4,5,1,3,1,3842,4,27,3,9,1,12,3.0,69047.72894688007,12784,65205.72894688007,0,1,0,0,0,0,0,1,1
29,9,2,1,4,2,3,3,3983,0,3,2,2,0,4,3.0,17372.83423076923,33,13389.83423076923,0,1,0,0,0,1,0,0,0
40,41,1,5,1,3,4,3,9320,3,14,9,8,1,17,2.67,69047.72894688007,12784,59727.72894688007,1,0,0,1,0,0,0,1,0
29,21,2,2,3,1,3,3,11124,1,19,12,8,1,20,2.33,69047.72894688007,12784,57923.72894688007,1,0,1,1,0,0,0,1,0
33,46,1,3,1,1,2,3,13802,3,7,4,0,0,4,1.33,69047.72894688007,12784,55245.72894688007,0,0,1,0,1,0,1,0,0
36,34,4,1,4,2,4,3,8925,3,8,14,4,1,18,3.33,69047.72894688007,12784,60122.72894688007,1,0,0,1,0,0,1,0,0
24,44,1,5,5,1,3,4,19013,4,25,12,0,0,12,3.0,102997.714045,2542,83984.714045,1,0,1,0,1,0,0,1,0
48,39,2,1,2,4,1,1,8410,1,22,2,7,1,9,2.33,69047.72894688007,12784,60637.72894688007,1,0,1,1,0,0,0,1,0
21,46,4,4,3,4,1,3,9216,1,22,3,7,1,10,2.67,69047.72894688007,12784,59831.72894688007,0,1,0,1,0,0,0,1,0
50,32,4,3,3,3,4,1,19961,3,18,3,0,0,3,3.33,69047.72894688007,12784,49086.72894688007,1,1,0,0,1,0,0,1,1
45,30,4,3,1,1,3,4,3597,2,10,10,4,1,14,1.67,69047.72894688007,12784,65450.72894688007,1,0,0,0,0,0,1,0,0
20,6,2,5,5,3,3,3,9356,4,22,6,0,0,6,3.67,69047.72894688007,12784,59691.72894688007,1,0,0,1,0,0,0,1,0
55,7,2,2,1,1,4,3,18162,1,10,9,8,1,17,2.0,102997.714045,2542,84835.714045,0,1,0,0,1,0,1,0,0
48,7,4,4,3,3,3,3,16540,2,8,6,8,1,14,3.0,69047.72894688007,12784,52507.72894688007,1,0,1,0,1,0,1,0,0
32,9,3,2,4,1,4,2,6322,1,6,4,0,0,4,3.0,89817.88593023256,119,83495.88593023256,1,0,1,0,0,0,1,0,0
55,25,2,5,5,4,2,2,18191,3,3,10,9,1,19,3.67,69047.72894688007,12784,50856.72894688007,0,0,0,0,1,1,0,0,0
32,11,4,2,3,4,4,3,4707,8,4,2,1,0,3,3.67,91683.75438596492,139,86976.75438596492,0,0,1,0,0,1,0,0,1
35,31,3,5,4,1,1,4,7296,1,6,14,4,1,18,2.0,69047.72894688007,12784,61751.72894688007,0,1,0,0,0,0,1,0,1
30,25,1,2,1,3,4,1,6518,3,26,3,7,1,10,2.67,102997.714045,2542,96479.714045,1,0,1,0,0,0,0,1,0
43,3,4,4,4,4,3,2,8932,1,22,1,9,1,10,3.67,69047.72894688007,12784,60115.72894688007,1,0,1,1,0,0,0,1,0
47,2,4,1,4,1,2,1,15483,1,26,5,0,0,5,2.33,102997.714045,2542,87514.714045,0,0,1,0,1,0,0,1,0
26,27,3,2,3,4,4,3,7699,2,27,10,1,0,11,3.67,102997.714045,2542,95298.714045,0,0,1,1,0,0,0,1,0
51,14,2,4,2,3,1,1,10598,3,14,10,4,1,14,2.0,69047.72894688007,12784,58449.72894688007,0,1,0,1,0,0,0,1,0
49,45,1,1,5,3,2,1,14184,1,14,12,9,1,21,3.33,69047.72894688007,12784,54863.72894688007,1,0,0,0,1,0,0,1,0
31,49,3,2,1,1,4,3,10412,3,1,8,0,0,8,2.0,69047.72894688007,12784,58635.72894688007,1,1,0,1,0,0,0,0,0
39,20,3,4,4,3,4,3,9869,4,11,14,4,1,18,3.67,69047.72894688007,12784,59178.72894688007,1,1,0,1,0,0,0,1,1
38,37,2,2,3,2,4,2,15496,4,6,3,8,1,11,3.0,69047.72894688007,12784,53551.72894688007,0,0,0,0,1,0,1,0,1
37,38,1,1,2,2,4,3,4308,2,5,8,6,1,14,2.67,69047.72894688007,12784,64739.72894688007,0,0,1,0,0,1,0,0,0
24,7,4,5,3,4,4,1,12037,2,24,11,8,1,19,3.67,69047.72894688007,12784,57010.72894688007,1,0,1,1,0,0,0,1,0
35,29,2,2,4,2,3,4,19720,1,23,8,8,1,16,3.0,102997.714045,2542,83277.714045,1,0,1,0,1,0,0,1,0
24,1,2,1,2,3,4,1,8412,4,19,12,9,1,21,3.0,69047.72894688007,12784,60635.72894688007,0,1,0,1,0,0,0,1,0
46,34,3,4,2,1,3,3,17627,3,17,6,8,1,14,2.0,69047.72894688007,12784,51420.72894688007,0,0,1,0,1,0,0,1,0
48,47,4,4,2,3,3,1,17797,2,6,6,0,0,6,2.67,69047.72894688007,12784,51250.72894688007,1,1,0,0,1,0,1,0,0
34,15,3,2,1,3,4,4,6125,1,10,8,9,1,17,2.67,91683.75438596492,139,85558.75438596492,0,1,0,0,0,0,1,0,0
51,43,4,2,5,1,1,1,17339,3,24,4,1,0,5,2.33,69047.72894688007,12784,51708.72894688007,0,1,0,0,1,0,0,1,0
49,38,3,4,5,3,1,3,7783,1,4,3,0,0,3,3.0,69047.72894688007,12784,61264.72894688007,1,1,0,1,0,1,0,0,0
35,1,2,2,4,1,4,1,18999,1,17,6,7,1,13,3.0,69047.72894688007,12784,50048.72894688007,1,0,1,0,1,0,0,1,0
44,3,3,1,1,1,3,4,2362,4,3,2,1,0,3,1.67,17372.83423076923,33,15010.83423076923,0,0,1,0,0,1,0,0,1
28,15,1,2,2,4,3,4,9243,4,6,4,1,0,5,3.0,102997.714045,2542,93754.714045,0,0,0,1,0,0,1,0,0
23,48,3,5,4,1,4,1,9418,1,25,6,4,1,10,3.0,69047.72894688007,12784,59629.72894688007,1,0,0,1,0,0,0,1,1
52,2,2,3,3,2,3,2,11061,4,1,2,6,1,8,2.67,102997.714045,2542,91936.714045,1,0,0,1,0,0,0,0,1
29,32,1,2,5,1,2,2,13931,1,1,12,3,1,15,2.67,69047.72894688007,12784,55116.72894688007,0,0,0,0,1,0,0,0,1
33,48,3,5,3,2,2,1,3321,4,17,2,3,1,5,2.33,102997.714045,2542,99676.714045,1,1,0,0,0,0,0,1,0
35,5,4,2,5,3,2,1,10138,3,1,6,1,0,7,3.33,69047.72894688007,12784,58909.72894688007,0,0,0,1,0,0,0,0,1
55,22,1,4,1,1,1,3,17990,4,22,7,7,1,14,1.0,69047.72894688007,12784,51057.72894688007,1,0,0,0,1,0,0,1,0
25,7,2,5,1,2,2,1,12907,4,20,8,6,1,14,1.67,102997.714045,2542,90090.714045,1,0,1,1,0,0,0,1,0
22,42,4,5,5,2,4,3,3745,3,9,10,7,1,17,3.67,69047.72894688007,12784,65302.72894688007,1,1,0,0,0,0,1,0,0
32,8,3,3,4,2,4,3,8998,1,9,8,3,1,11,3.33,91683.75438596492,139,82685.75438596492,0,1,0,1,0,0,1,0,0
21,16,3,2,1,1,4,2,12417,2,2,14,7,1,21,2.0,69047.72894688007,12784,56630.72894688007,1,0,0,1,0,0,0,0,0
21,48,2,1,4,4,3,4,12020,3,4,8,8,1,16,3.67,69047.72894688007,12784,57027.72894688007,0,0,0,1,0,1,0,0,0
30,2,1,2,4,3,3,3,6091,2,5,4,0,0,4,3.33,69047.72894688007,12784,62956.72894688007,0,1,0,0,0,1,0,0,0
48,33,3,2,5,3,2,3,13892,2,28,11,8,1,19,3.33,69047.72894688007,12784,55155.72894688007,0,1,0,0,1,0,0,1,0
25,11,3,1,2,3,2,3,15641,3,13,1,7,1,8,2.33,102997.714045,2542,87356.714045,0,0,1,0,1,0,0,1,0
55,26,2,5,4,3,3,3,19586,1,36,6,2,0,8,3.33,102997.714045,2542,83411.714045,0,0,1,0,1,0,0,1,0
21,10,2,5,3,4,3,2,12207,1,26,14,8,1,22,3.33,69047.72894688007,12784,56840.72894688007,0,0,1,1,0,0,0,1,0
34,11,3,1,3,3,3,4,7674,3,16,11,1,0,12,3.0,69047.72894688007,12784,61373.72894688007,0,0,0,1,0,0,0,1,0
25,46,3,2,4,2,1,2,14402,3,4,1,7,1,8,2.33,69047.72894688007,12784,54645.72894688007,1,1,0,0,1,1,0,0,0
24,32,4,4,2,2,2,4,14094,4,18,7,7,1,14,2.0,69047.72894688007,12784,54953.72894688007,1,0,1,0,1,0,0,1,0
47,8,4,5,4,2,2,1,12855,2,16,11,4,1,15,2.67,69047.72894688007,12784,56192.72894688007,0,1,0,1,0,0,0,1,0
48,49,1,2,2,3,1,1,7917,1,26,14,0,0,14,2.0,102997.714045,2542,95080.714045,1,0,1,1,0,0,0,1,0
47,3,4,5,3,3,4,3,11897,2,24,8,6,1,14,3.33,102997.714045,2542,91100.714045,0,0,1,1,0,0,0,1,0
47,9,1,3,1,1,4,2,14649,1,28,10,2,0,12,2.0,102997.714045,2542,88348.714045,1,0,1,0,1,0,0,1,0
43,15,4,5,5,2,3,1,18827,2,28,1,1,0,2,3.33,69047.72894688007,12784,50220.72894688007,0,0,0,0,1,0,0,1,0
25,49,3,5,2,1,3,3,12696,4,8,3,6,1,9,2.0,69047.72894688007,12784,56351.72894688007,1,1,0,1,0,0,1,0,0
24,1,1,3,3,2,1,4,18973,3,22,6,9,1,15,2.0,69047.72894688007,12784,50074.72894688007,0,0,0,0,1,0,0,1,0
43,46,2,4,2,4,3,2,4469,2,11,8,6,1,14,3.0,69047.72894688007,12784,64578.72894688007,0,0,1,0,0,0,0,1,0
35,19,4,1,1,3,1,2,12552,4,6,13,7,1,20,1.67,69047.72894688007,12784,56495.72894688007,0,1,0,1,0,0,1,0,0
54,31,4,4,2,3,2,2,7887,2,3,5,9,1,14,2.33,69047.72894688007,12784,61160.72894688007,1,0,0,1,0,1,0,0,0
51,16,3,5,4,3,2,3,17299,1,27,7,2,0,9,3.0,69047.72894688007,12784,51748.72894688007,0,0,1,0,1,0,0,1,0
45,15,4,1,3,4,1,2,12790,1,20,10,8,1,18,2.67,69047.72894688007,12784,56257.72894688007,1,0,1,1,0,0,0,1,0
26,49,1,2,3,1,1,1,14777,3,6,1,1,0,2,1.67,69047.72894688007,12784,54270.72894688007,1,0,0,0,1,0,1,0,1
27,46,1,4,1,3,4,1,18707,2,12,9,1,0,10,2.67,102997.714045,2542,84290.714045,0,0,0,0,1,0,0,1,0
39,19,3,2,4,4,2,3,3902,8,2,2,2,0,4,3.33,89817.88593023256,119,85915.88593023256,0,0,0,0,0,0,0,0,0
25,8,4,2,2,4,3,3,4851,0,3,2,1,0,3,3.0,91683.75438596492,139,86832.75438596492,0,0,1,0,0,1,0,0,0
23,29,2,1,5,3,4,2,14437,1,7,8,0,0,8,4.0,69047.72894688007,12784,54610.72894688007,1,0,0,0,1,0,1,0,0
27,49,2,1,2,3,3,3,10309,1,2,2,8,1,10,2.67,69047.72894688007,12784,58738.72894688007,1,0,0,1,0,0,0,0,0
34,23,1,1,4,3,4,3,3612,3,17,6,2,0,8,3.67,102997.714045,2542,99385.714045,1,0,1,0,0,0,0,1,0
21,27,3,5,4,2,4,1,15027,4,23,9,4,1,13,3.33,69047.72894688007,12784,54020.72894688007,1,0,0,0,1,0,0,1,0
58,4,2,2,5,2,3,2,16407,3,29,4,9,1,13,3.33,69047.72894688007,12784,52640.72894688007,0,0,1,0,1,0,0,1,0
29,1,2,1,4,4,3,4,9093,1,9,3,5,1,8,3.67,102997.714045,2542,93904.714045,0,1,0,1,0,0,1,0,0
32,8,1,1,5,4,2,4,17823,1,15,12,7,1,19,3.67,102997.714045,2542,85174.714045,0,0,0,0,1,0,0,1,0
57,1,4,3,1,3,4,2,10643,3,27,9,2,0,11,2.67,102997.714045,2542,92354.714045,0,0,0,1,0,0,0,1,1
37,43,1,3,1,3,4,1,6111,1,20,11,1,0,12,2.67,102997.714045,2542,96886.714045,0,0,1,0,0,0,0,1,0
40,2,4,5,1,3,2,3,13935,4,29,10,6,1,16,2.0,102997.714045,2542,89062.714045,0,0,0,0,1,0,0,1,0
45,11,1,4,3,4,4,4,5580,2,6,9,5,1,14,3.67,69047.72894688007,12784,63467.72894688007,1,0,0,0,0,0,1,0,1
25,30,4,2,3,3,3,4,16632,4,16,9,9,1,18,3.0,69047.72894688007,12784,52415.72894688007,0,0,0,0,1,0,0,1,0
40,23,3,5,5,1,2,2,12588,4,9,3,0,0,3,2.67,102997.714045,2542,90409.714045,1,1,0,1,0,0,1,0,0
48,24,2,5,3,1,1,4,6234,3,4,12,9,1,21,1.67,69047.72894688007,12784,62813.72894688007,0,1,0,0,0,1,0,0,1
55,35,3,2,2,4,1,1,8255,2,8,13,5,1,18,2.33,102997.714045,2542,94742.714045,0,0,1,1,0,0,1,0,0
25,15,2,4,4,4,4,1,14544,2,16,7,9,1,16,4.0,69047.72894688007,12784,54503.72894688007,0,0,1,0,1,0,0,1,0
24,37,1,1,1,2,2,2,14948,4,2,5,7,1,12,1.67,102997.714045,2542,88049.714045,0,1,0,0,1,0,0,0,0
42,7,4,5,4,3,3,4,10500,3,23,11,8,1,19,3.33,69047.72894688007,12784,58547.72894688007,0,0,0,1,0,0,0,1,1
42,17,4,2,1,4,3,3,6545,3,3,2,0,0,2,2.67,89817.88593023256,119,83272.88593023256,1,1,0,0,0,1,0,0,0
57,32,3,1,4,3,3,2,11863,1,25,10,6,1,16,3.33,102997.714045,2542,91134.714045,1,1,0,1,0,0,0,1,1
55,13,4,4,3,1,1,2,4829,2,8,12,1,0,13,1.67,102997.714045,2542,98168.714045,0,0,1,0,0,0,1,0,0
41,36,4,1,4,3,1,2,8808,1,13,2,4,1,6,2.67,69047.72894688007,12784,60239.72894688007,0,0,1,1,0,0,0,1,0
41,45,3,1,1,2,4,3,4563,3,12,1,6,1,7,2.33,69047.72894688007,12784,64484.72894688007,1,0,0,0,0,0,0,1,0
24,24,1,3,5,2,1,1,9878,1,18,10,1,0,11,2.67,69047.72894688007,12784,59169.72894688007,1,0,1,1,0,0,0,1,0
23,26,2,1,4,2,4,4,11784,4,22,6,6,1,12,3.33,69047.72894688007,12784,57263.72894688007,1,0,0,1,0,0,0,1,0
37,39,3,5,1,3,1,1,7651,4,19,13,8,1,21,1.67,69047.72894688007,12784,61396.72894688007,0,0,1,1,0,0,0,1,0
21,4,3,5,2,3,2,2,14298,1,27,8,0,0,8,2.33,69047.72894688007,12784,54749.72894688007,1,1,0,0,1,0,0,1,0
31,43,1,5,2,3,1,1,9547,4,8,11,6,1,17,2.0,102997.714045,2542,93450.714045,1,0,1,1,0,0,1,0,0
29,7,4,5,5,3,1,3,14984,4,5,1,9,1,10,3.0,69047.72894688007,12784,54063.72894688007,0,0,0,0,1,1,0,0,0
45,24,4,5,1,3,1,2,18248,1,13,10,8,1,18,1.67,69047.72894688007,12784,50799.72894688007,1,0,1,0,1,0,0,1,0
52,18,3,2,5,1,4,4,16627,2,1,5,0,0,5,3.33,69047.72894688007,12784,52420.72894688007,0,0,0,0,1,0,0,0,0
36,40,4,2,1,1,1,4,19541,3,28,12,7,1,19,1.0,69047.72894688007,12784,49506.72894688007,1,0,0,0,1,0,0,1,1
43,22,1,5,5,2,2,4,12800,1,7,9,7,1,16,3.0,69047.72894688007,12784,56247.72894688007,1,0,0,1,0,0,1,0,0
31,34,4,3,4,3,3,2,13814,2,8,12,6,1,18,3.33,102997.714045,2542,89183.714045,0,1,0,0,1,0,1,0,0
57,3,2,1,3,1,1,3,13018,2,2,12,6,1,18,1.67,69047.72894688007,12784,56029.72894688007,1,0,0,1,0,0,0,0,1
26,44,1,4,2,1,2,2,4791,3,19,10,9,1,19,1.67,69047.72894688007,12784,64256.72894688007,1,0,0,0,0,0,0,1,0
58,46,4,1,5,2,3,2,16360,1,24,13,4,1,17,3.33,69047.72894688007,12784,52687.72894688007,0,1,0,0,1,0,0,1,0
23,42,4,3,4,2,1,3,14431,4,12,7,7,1,14,2.33,102997.714045,2542,88566.714045,0,0,0,0,1,0,0,1,1
53,19,2,3,3,2,4,3,10800,4,16,10,9,1,19,3.0,69047.72894688007,12784,58247.72894688007,1,1,0,1,0,0,0,1,0
39,15,1,5,4,3,2,4,6564,3,4,14,7,1,21,3.0,69047.72894688007,12784,62483.72894688007,0,0,0,0,0,1,0,0,0
33,47,3,3,3,1,3,4,7982,4,16,11,7,1,18,2.33,69047.72894688007,12784,61065.72894688007,0,1,0,1,0,0,0,1,0
48,8,1,3,4,2,2,1,13963,2,12,5,1,0,6,2.67,69047.72894688007,12784,55084.72894688007,1,0,1,0,1,0,0,1,0
36,30,3,1,2,3,3,2,12378,3,7,5,4,1,9,2.67,69047.72894688007,12784,56669.72894688007,1,0,1,1,0,0,1,0,0
27,22,1,1,5,3,4,1,18527,2,2,2,4,1,6,4.0,69047.72894688007,12784,50520.72894688007,0,1,0,0,1,0,0,0,1
33,31,4,4,4,1,2,4,10567,4,5,2,1,0,3,2.33,102997.714045,2542,92430.714045,0,0,1,1,0,1,0,0,0
56,40,3,4,1,4,3,2,16667,2,2,11,2,0,13,2.67,69047.72894688007,12784,52380.72894688007,0,0,0,0,1,0,0,0,0
20,25,1,3,2,3,3,2,8770,3,3,7,1,0,8,2.67,102997.714045,2542,94227.714045,0,0,1,1,0,1,0,0,0
31,9,2,1,2,3,4,3,2657,0,2,2,2,0,4,3.0,89817.88593023256,119,87160.88593023256,1,1,0,0,0,0,0,0,0
25,6,1,3,5,3,1,3,18889,3,22,6,2,0,8,3.0,69047.72894688007,12784,50158.72894688007,0,1,0,0,1,0,0,1,0
22,19,2,2,1,4,3,3,7302,3,19,9,3,1,12,2.67,69047.72894688007,12784,61745.72894688007,0,1,0,0,0,0,0,1,0
35,45,4,2,5,3,4,1,12016,3,23,4,8,1,12,4.0,69047.72894688007,12784,57031.72894688007,0,0,1,1,0,0,0,1,1
57,47,1,5,3,4,3,2,13116,1,7,12,4,1,16,3.33,69047.72894688007,12784,55931.72894688007,1,0,0,1,0,0,1,0,1
31,23,2,1,1,2,4,1,5796,4,12,9,9,1,18,2.33,69047.72894688007,12784,63251.72894688007,0,1,0,0,0,0,0,1,0
24,21,2,3,4,1,1,1,19591,2,28,8,3,1,11,2.0,102997.714045,2542,83406.714045,1,0,0,0,1,0,0,1,0
43,9,2,5,3,1,4,1,6833,3,9,8,1,0,9,2.67,69047.72894688007,12784,62214.72894688007,1,0,1,0,0,0,1,0,0
40,26,3,2,2,2,1,3,5605,1,20,7,2,0,9,1.67,89817.88593023256,119,84212.88593023256,0,0,0,0,0,0,0,1,0
24,19,1,5,4,1,3,3,16463,2,16,6,3,1,9,2.67,69047.72894688007,12784,52584.72894688007,0,0,1,0,1,0,0,1,0
56,28,4,5,5,4,3,3,3406,2,25,13,4,1,17,4.0,69047.72894688007,12784,65641.72894688007,1,0,0,0,0,0,0,1,0
55,24,1,1,1,3,2,4,17421,2,21,7,0,0,7,2.0,69047.72894688007,12784,51626.72894688007,0,0,1,0,1,0,0,1,0
36,36,2,1,5,1,3,4,11264,2,3,7,7,1,14,3.0,69047.72894688007,12784,57783.72894688007,1,0,0,1,0,1,0,0,0
59,39,1,1,4,1,2,4,8997,1,25,9,2,0,11,2.33,69047.72894688007,12784,60050.72894688007,1,1,0,1,0,0,0,1,1
38,43,4,5,1,2,2,2,15084,4,9,14,2,0,16,1.67,69047.72894688007,12784,53963.72894688007,1,0,1,0,1,0,1,0,0
45,29,3,3,4,2,4,4,9380,4,3,1,1,0,2,3.33,69047.72894688007,12784,59667.72894688007,1,0,1,1,0,1,0,0,0
32,28,1,3,3,4,2,1,4074,4,20,7,8,1,15,3.0,69047.72894688007,12784,64973.72894688007,0,0,1,0,0,0,0,1,1
44,27,2,2,2,1,1,4,4986,2,13,5,0,0,5,1.33,69047.72894688007,12784,64061.72894688007,0,0,0,0,0,0,0,1,1
42,25,1,1,3,1,4,1,11785,3,29,2,5,1,7,2.67,69047.72894688007,12784,57262.72894688007,0,0,1,1,0,0,0,1,0
58,10,1,2,1,4,2,2,16922,3,3,14,0,0,14,2.33,102997.714045,2542,86075.714045,0,0,0,0,1,1,0,0,0
25,42,4,1,3,3,4,3,11424,4,27,9,7,1,16,3.33,69047.72894688007,12784,57623.72894688007,1,1,0,1,0,0,0,1,0
42,2,2,1,2,3,2,3,4841,4,1,0,0,0,0,2.33,17372.83423076923,33,12531.83423076923,0,0,1,0,0,0,0,0,0
56,14,2,5,4,4,4,1,7320,4,27,1,4,1,5,4.0,69047.72894688007,12784,61727.72894688007,0,0,1,0,0,0,0,1,0
55,2,2,1,4,2,2,4,2662,8,5,2,0,0,2,2.67,89817.88593023256,119,87155.88593023256,0,0,1,0,0,1,0,0,0
54,18,4,4,2,3,4,1,15474,3,19,3,5,1,8,3.0,69047.72894688007,12784,53573.72894688007,1,1,0,0,1,0,0,1,0
48,47,4,1,2,4,3,4,13907,3,21,11,1,0,12,3.0,69047.72894688007,12784,55140.72894688007,1,0,1,0,1,0,0,1,0
28,3,2,5,1,3,3,2,11357,1,16,7,1,0,8,2.33,69047.72894688007,12784,57690.72894688007,0,1,0,1,0,0,0,1,0
56,31,2,2,5,4,3,1,10668,3,26,1,3,1,4,4.0,69047.72894688007,12784,58379.72894688007,0,1,0,1,0,0,0,1,0
27,15,2,4,2,3,4,2,11859,1,10,11,0,0,11,3.0,69047.72894688007,12784,57188.72894688007,0,1,0,1,0,0,1,0,0
31,41,1,3,1,4,1,2,12654,4,27,12,6,1,18,2.0,69047.72894688007,12784,56393.72894688007,1,1,0,1,0,0,0,1,0
58,46,2,4,2,2,4,1,17895,2,9,11,4,1,15,2.67,69047.72894688007,12784,51152.72894688007,0,0,1,0,1,0,1,0,0
41,7,1,5,3,2,2,3,19973,1,21,16,5,1,21,2.33,69047.72894688007,12784,49074.72894688007,0,0,0,0,1,0,0,1,0
41,42,1,5,3,2,1,3,16972,4,9,9,9,1,18,2.0,69047.72894688007,12784,52075.72894688007,1,0,0,0,1,0,1,0,0
37,42,1,2,3,3,4,2,16864,1,13,14,3,1,17,3.33,69047.72894688007,12784,52183.72894688007,1,0,1,0,1,0,0,1,0
44,36,1,2,5,1,3,3,7769,4,12,5,0,0,5,3.0,102997.714045,2542,95228.714045,0,0,0,1,0,0,0,1,0
50,10,3,3,1,3,2,3,19300,4,4,13,1,0,14,2.0,69047.72894688007,12784,49747.72894688007,0,0,0,0,1,1,0,0,0
42,27,4,4,5,1,4,3,12794,2,5,3,6,1,9,3.33,69047.72894688007,12784,56253.72894688007,0,1,0,1,0,1,0,0,0
30,17,4,1,1,3,1,2,4925,4,26,13,9,1,22,1.67,69047.72894688007,12784,64122.72894688007,0,1,0,0,0,0,0,1,0
33,2,2,4,2,2,2,2,4222,1,5,8,3,1,11,2.0,69047.72894688007,12784,64825.72894688007,1,1,0,0,0,1,0,0,0
47,45,4,4,2,4,3,4,11863,1,1,7,4,1,11,3.0,69047.72894688007,12784,57184.72894688007,0,1,0,1,0,0,0,0,0
52,28,3,2,4,3,2,3,4329,1,26,4,2,0,6,3.0,69047.72894688007,12784,64718.72894688007,1,0,1,0,0,0,0,1,1
55,20,3,3,1,4,3,4,16660,3,6,10,3,1,13,2.67,69047.72894688007,12784,52387.72894688007,1,1,0,0,1,0,1,0,1
47,2,4,4,5,4,2,4,7666,1,9,3,9,1,12,3.67,69047.72894688007,12784,61381.72894688007,0,0,1,1,0,0,1,0,1
27,11,4,2,3,4,3,4,19478,2,6,1,8,1,9,3.33,69047.72894688007,12784,49569.72894688007,0,0,0,0,1,0,1,0,0
33,31,3,1,2,3,2,3,16461,1,5,1,5,1,6,2.33,102997.714045,2542,86536.714045,1,1,0,0,1,1,0,0,0
38,41,1,1,2,3,3,1,10202,1,9,3,9,1,12,2.67,69047.72894688007,12784,58845.72894688007,0,1,0,1,0,0,1,0,0
29,6,3,1,4,2,1,3,3131,1,10,8,0,0,8,2.33,17372.83423076923,33,14241.83423076923,0,0,1,0,0,0,1,0,0
21,36,4,1,4,4,3,3,13962,2,4,12,6,1,18,3.67,69047.72894688007,12784,55085.72894688007,1,0,0,0,1,1,0,0,0
47,19,4,5,1,3,4,1,14543,3,12,12,6,1,18,2.67,102997.714045,2542,88454.714045,0,0,1,0,1,0,0,1,0
57,49,4,5,1,2,1,4,19356,1,9,3,7,1,10,1.33,69047.72894688007,12784,49691.72894688007,0,0,1,0,1,0,1,0,0
46,14,1,4,2,2,2,1,15225,3,7,13,7,1,20,2.0,102997.714045,2542,87772.714045,1,0,0,0,1,0,1,0,0
20,33,1,3,4,2,2,4,9190,3,26,2,1,0,3,2.67,69047.72894688007,12784,59857.72894688007,1,0,0,1,0,0,0,1,0
59,23,4,3,1,2,3,2,12693,3,19,13,5,1,18,2.0,69047.72894688007,12784,56354.72894688007,1,0,0,1,0,0,0,1,1
58,14,1,1,1,1,2,3,4678,2,25,14,5,1,19,1.33,69047.72894688007,12784,64369.72894688007,1,0,1,0,0,0,0,1,0
26,37,3,2,5,2,4,3,17233,2,16,12,6,1,18,3.67,69047.72894688007,12784,51814.72894688007,0,0,0,0,1,0,0,1,0
53,15,3,2,3,4,1,4,19584,3,29,5,5,1,10,2.67,69047.72894688007,12784,49463.72894688007,0,0,0,0,1,0,0,1,0
22,6,3,1,3,1,4,3,2773,0,2,2,2,0,4,2.67,89817.88593023256,119,87044.88593023256,0,0,1,0,0,0,0,0,0
30,48,2,5,3,2,2,2,15790,1,16,2,4,1,6,2.33,69047.72894688007,12784,53257.72894688007,0,0,0,0,1,0,0,1,0
23,13,4,4,5,1,4,1,4559,1,6,4,2,0,6,3.33,69047.72894688007,12784,64488.72894688007,1,0,0,0,0,0,1,0,0
47,38,2,3,3,3,4,3,17530,3,1,8,4,1,12,3.33,102997.714045,2542,85467.714045,0,0,1,0,1,0,0,0,0
22,23,2,3,3,1,3,1,5807,1,12,12,4,1,16,2.33,69047.72894688007,12784,63240.72894688007,0,1,0,0,0,0,0,1,1
45,24,4,3,1,2,3,3,11720,4,20,6,1,0,7,2.0,102997.714045,2542,91277.714045,0,1,0,1,0,0,0,1,0
39,28,2,2,2,1,3,4,7183,2,17,6,2,0,8,2.0,69047.72894688007,12784,61864.72894688007,0,0,0,0,0,0,0,1,1
36,35,4,1,1,3,4,4,12468,4,25,6,9,1,15,2.67,69047.72894688007,12784,56579.72894688007,0,0,0,1,0,0,0,1,0
36,1,3,2,4,4,2,3,6653,4,1,0,0,0,0,3.33,91683.75438596492,139,85030.75438596492,0,1,0,0,0,0,0,0,0
52,31,2,3,3,2,4,1,19326,3,18,11,3,1,14,3.0,69047.72894688007,12784,49721.72894688007,1,1,0,0,1,0,0,1,0
35,1,1,3,3,2,3,1,5667,4,9,5,1,0,6,2.67,69047.72894688007,12784,63380.72894688007,1,0,1,0,0,0,1,0,0
58,14,4,1,3,4,2,4,17006,4,24,7,4,1,11,3.0,69047.72894688007,12784,52041.72894688007,1,0,1,0,1,0,0,1,1
30,47,1,5,2,4,1,3,5680,4,9,11,3,1,14,2.33,69047.72894688007,12784,63367.72894688007,0,1,0,0,0,0,1,0,0
35,20,2,3,1,3,4,1,7532,3,6,7,8,1,15,2.67,102997.714045,2542,95465.714045,1,0,1,0,0,0,1,0,0
38,10,3,2,3,3,3,3,9824,3,1,0,0,0,0,3.0,69047.72894688007,12784,59223.72894688007,0,0,1,1,0,0,0,0,0
37,1,2,5,5,2,3,1,7884,2,13,9,6,1,15,3.33,69047.72894688007,12784,61163.72894688007,0,0,0,1,0,0,0,1,0
44,43,1,3,3,4,3,4,6070,2,9,9,1,0,10,3.33,69047.72894688007,12784,62977.72894688007,1,1,0,0,0,0,1,0,1
32,18,2,5,5,4,3,2,14124,2,22,1,5,1,6,4.0,69047.72894688007,12784,54923.72894688007,0,0,0,0,1,0,0,1,0
40,21,2,5,4,1,2,2,16585,3,12,14,5,1,19,2.33,69047.72894688007,12784,52462.72894688007,1,0,1,0,1,0,0,1,0
30,38,1,4,2,3,4,4,17199,3,14,2,5,1,7,3.0,102997.714045,2542,85798.714045,0,0,0,0,1,0,0,1,0
28,8,2,1,4,2,4,3,4936,1,5,1,0,0,1,3.33,61845.10984536083,269,56909.10984536083,0,0,0,0,0,1,0,0,0
34,41,3,4,3,1,3,4,12436,4,18,2,4,1,6,2.33,69047.72894688007,12784,56611.72894688007,0,0,0,1,0,0,0,1,1
20,13,4,1,5,1,4,4,12767,1,6,4,6,1,10,3.33,69047.72894688007,12784,56280.72894688007,1,0,1,1,0,0,1,0,0
41,37,3,4,2,4,3,3,10986,2,8,1,1,0,2,3.0,102997.714045,2542,92011.714045,0,0,1,1,0,0,1,0,0
42,26,3,4,2,3,4,4,13525,5,20,4,4,1,8,3.0,91683.75438596492,139,78158.75438596492,0,0,1,1,0,0,0,1,0
47,23,2,1,1,4,3,4,12379,2,5,9,6,1,15,2.67,102997.714045,2542,90618.714045,0,0,0,1,0,1,0,0,0
52,11,4,2,1,1,4,1,8004,3,12,6,1,0,7,2.0,69047.72894688007,12784,61043.72894688007,0,1,0,1,0,0,0,1,1
35,2,2,3,2,3,2,4,10274,2,7,7,6,1,13,2.33,69047.72894688007,12784,58773.72894688007,0,0,0,1,0,0,1,0,0
52,13,4,2,2,4,3,3,12457,1,5,10,4,1,14,3.0,69047.72894688007,12784,56590.72894688007,0,0,1,1,0,1,0,0,0
21,5,1,4,4,1,1,4,11453,1,11,7,8,1,15,2.0,69047.72894688007,12784,57594.72894688007,0,1,0,1,0,0,0,1,0
23,31,1,1,5,4,3,1,11523,2,11,8,1,0,9,4.0,69047.72894688007,12784,57524.72894688007,1,0,0,1,0,0,0,1,1
46,18,4,4,1,2,2,2,12059,2,3,3,7,1,10,1.67,69047.72894688007,12784,56988.72894688007,1,1,0,1,0,1,0,0,0
43,39,4,5,1,3,1,3,19751,4,10,3,2,0,5,1.67,69047.72894688007,12784,49296.72894688007,1,1,0,0,1,0,1,0,0
41,43,2,4,3,3,1,3,10790,4,26,1,9,1,10,2.33,69047.72894688007,12784,58257.72894688007,0,1,0,1,0,0,0,1,0
25,32,1,1,4,4,1,2,3558,2,2,2,3,1,5,3.0,102997.714045,2542,99439.714045,0,0,0,0,0,0,0,0,1
46,30,4,2,5,1,1,2,13461,1,16,14,5,1,19,2.33,69047.72894688007,12784,55586.72894688007,1,0,1,1,0,0,0,1,0
34,25,4,2,4,2,4,4,19740,1,5,3,4,1,7,3.33,69047.72894688007,12784,49307.72894688007,0,1,0,0,1,1,0,0,0
29,7,1,5,2,4,1,4,5266,4,15,6,3,1,9,2.33,69047.72894688007,12784,63781.72894688007,1,1,0,0,0,0,0,1,0
57,11,4,4,4,4,3,1,7752,4,25,12,9,1,21,3.67,102997.714045,2542,95245.714045,1,0,0,1,0,0,0,1,0
47,47,3,5,4,2,3,3,5711,4,25,12,8,1,20,3.0,102997.714045,2542,97286.714045,1,0,0,0,0,0,0,1,0
46,42,4,2,2,2,4,2,19930,4,21,12,4,1,16,2.67,69047.72894688007,12784,49117.72894688007,0,0,0,0,1,0,0,1,0
29,1,2,4,4,4,2,2,16124,3,7,7,1,0,8,3.33,69047.72894688007,12784,52923.72894688007,0,0,0,0,1,0,1,0,0
40,2,3,5,3,1,4,3,19436,0,21,7,3,1,10,2.67,69047.72894688007,12784,49611.72894688007,0,0,0,0,1,0,0,1,0
47,12,2,1,2,3,2,4,4083,4,7,4,9,1,13,2.33,69047.72894688007,12784,64964.72894688007,0,1,0,0,0,0,1,0,1
47,32,1,5,1,3,4,3,4760,2,15,5,8,1,13,2.67,69047.72894688007,12784,64287.72894688007,1,0,1,0,0,0,0,1,0
44,43,2,5,3,4,2,1,11023,4,16,9,0,0,9,3.0,102997.714045,2542,91974.714045,1,1,0,1,0,0,0,1,0
24,21,1,4,2,2,3,1,8788,4,21,14,7,1,21,2.33,69047.72894688007,12784,60259.72894688007,1,1,0,1,0,0,0,1,1
58,42,3,4,4,2,2,1,10254,2,21,3,8,1,11,2.67,102997.714045,2542,92743.714045,0,0,1,1,0,0,0,1,0
59,48,1,1,3,4,3,1,18491,2,25,5,3,1,8,3.33,69047.72894688007,12784,50556.72894688007,0,0,0,0,1,0,0,1,1
26,5,4,4,1,1,4,1,19282,3,20,5,9,1,14,2.0,102997.714045,2542,83715.714045,1,1,0,0,1,0,0,1,0
32,10,3,2,4,4,3,4,4648,8,0,0,0,0,0,3.67,91683.75438596492,139,87035.75438596492,0,1,0,0,0,0,0,0,0
37,9,4,2,2,1,4,2,12362,1,9,2,2,0,4,2.33,69047.72894688007,12784,56685.72894688007,0,0,0,1,0,0,1,0,1
50,49,4,4,4,2,4,3,8236,3,9,7,3,1,10,3.33,69047.72894688007,12784,60811.72894688007,1,0,0,1,0,0,1,0,1
51,48,2,5,2,4,4,3,13760,4,2,14,8,1,22,3.33,69047.72894688007,12784,55287.72894688007,1,1,0,0,1,0,0,0,0
52,37,2,3,3,3,1,3,5312,1,21,4,3,1,7,2.33,69047.72894688007,12784,63735.72894688007,0,0,1,0,0,0,0,1,0
22,42,1,5,1,4,3,1,10719,1,8,4,3,1,7,2.67,69047.72894688007,12784,58328.72894688007,0,0,1,1,0,0,1,0,0
47,44,3,3,4,4,3,2,16072,3,15,2,5,1,7,3.67,69047.72894688007,12784,52975.72894688007,1,1,0,0,1,0,0,1,0
57,46,2,5,1,1,4,1,18452,1,3,5,4,1,9,2.0,102997.714045,2542,84545.714045,0,0,0,0,1,1,0,0,0
54,3,1,1,1,3,2,3,11495,3,5,2,9,1,11,2.0,102997.714045,2542,91502.714045,1,0,1,1,0,1,0,0,0
26,33,2,5,3,4,4,1,10274,4,26,7,6,1,13,3.67,69047.72894688007,12784,58773.72894688007,1,0,1,1,0,0,0,1,0
58,9,2,1,1,3,3,3,9588,4,25,3,2,0,5,2.33,69047.72894688007,12784,59459.72894688007,1,0,1,1,0,0,0,1,0
42,47,3,4,4,2,2,2,4091,3,28,6,5,1,11,2.67,69047.72894688007,12784,64956.72894688007,0,0,0,0,0,0,0,1,0
38,20,1,5,5,1,3,3,3918,2,17,5,5,1,10,3.0,102997.714045,2542,99079.714045,0,0,0,0,0,0,0,1,1
20,49,4,1,2,1,1,2,14564,4,2,10,6,1,16,1.33,69047.72894688007,12784,54483.72894688007,1,0,0,0,1,0,0,0,0
59,5,2,4,5,1,3,2,9365,1,8,9,2,0,11,3.0,69047.72894688007,12784,59682.72894688007,1,0,0,1,0,0,1,0,0
29,9,1,1,2,2,3,3,2760,1,2,2,2,0,4,2.33,69047.72894688007,12784,66287.72894688007,0,1,0,0,0,0,0,0,1
43,28,3,3,5,4,3,2,3585,1,11,13,1,0,14,4.0,102997.714045,2542,99412.714045,0,1,0,0,0,0,0,1,0
45,26,2,1,4,2,1,2,11840,3,27,10,8,1,18,2.33,69047.72894688007,12784,57207.72894688007,0,1,0,1,0,0,0,1,0
22,33,4,1,3,1,2,1,4585,4,6,14,0,0,14,2.0,69047.72894688007,12784,64462.72894688007,0,0,0,0,0,0,1,0,0
54,29,3,5,5,2,4,3,14671,1,21,11,5,1,16,3.67,102997.714045,2542,88326.714045,1,0,1,0,1,0,0,1,0
52,1,1,3,4,3,2,3,9276,1,8,8,0,0,8,3.0,69047.72894688007,12784,59771.72894688007,1,1,0,1,0,0,1,0,0
45,20,1,3,5,2,4,1,13502,4,21,10,1,0,11,3.67,102997.714045,2542,89495.714045,0,0,0,1,0,0,0,1,0
28,31,4,4,2,1,1,3,8506,3,5,8,6,1,14,1.33,102997.714045,2542,94491.714045,1,0,0,1,0,1,0,0,0
29,26,2,3,3,4,1,4,4121,3,7,11,1,0,12,2.67,102997.714045,2542,98876.714045,1,0,1,0,0,0,1,0,0
57,14,4,5,3,1,1,3,4719,1,14,3,0,0,3,1.67,69047.72894688007,12784,64328.72894688007,1,0,1,0,0,0,0,1,0
49,39,2,1,2,2,1,2,4936,3,2,13,1,0,14,1.67,69047.72894688007,12784,64111.72894688007,1,0,0,0,0,0,0,0,0
29,9,2,3,3,1,4,1,6439,3,16,13,8,1,21,2.67,102997.714045,2542,96558.714045,1,1,0,0,0,0,0,1,0
41,7,3,2,3,4,2,3,5003,6,2,2,2,0,4,3.0,69047.72894688007,12784,64044.72894688007,0,1,0,0,0,0,0,0,0
48,43,3,2,4,2,2,4,7521,2,18,13,0,0,13,2.67,102997.714045,2542,95476.714045,0,1,0,0,0,0,0,1,0
46,18,3,2,3,3,3,2,4810,2,10,7,0,0,7,3.0,69047.72894688007,12784,64237.72894688007,0,0,0,0,0,0,1,0,0
20,21,3,2,5,3,2,4,8542,2,23,8,6,1,14,3.33,69047.72894688007,12784,60505.72894688007,0,0,0,1,0,0,0,1,0
24,44,3,1,4,3,4,4,14576,3,14,1,1,0,2,3.67,69047.72894688007,12784,54471.72894688007,1,0,0,0,1,0,0,1,0
52,34,4,2,1,2,1,3,5898,4,11,3,7,1,10,1.33,69047.72894688007,12784,63149.72894688007,0,0,0,0,0,0,0,1,0
51,32,1,1,2,1,4,4,4323,2,6,3,0,0,3,2.33,69047.72894688007,12784,64724.72894688007,0,0,0,0,0,0,1,0,1
21,33,4,5,4,1,3,2,12954,4,26,3,6,1,9,2.67,102997.714045,2542,90043.714045,0,0,0,1,0,0,0,1,1
55,47,2,2,5,4,4,4,18771,1,15,10,8,1,18,4.33,102997.714045,2542,84226.714045,1,1,0,0,1,0,0,1,0
52,33,4,4,4,2,3,3,10248,3,3,13,3,1,16,3.0,69047.72894688007,12784,58799.72894688007,1,0,0,1,0,1,0,0,1
53,12,3,2,1,4,4,1,15144,4,20,10,4,1,14,3.0,69047.72894688007,12784,53903.72894688007,0,0,1,0,1,0,0,1,0
21,25,2,3,3,1,1,4,5466,1,28,7,7,1,14,1.67,69047.72894688007,12784,63581.72894688007,1,0,1,0,0,0,0,1,0
35,23,3,2,1,1,2,3,13886,2,25,11,6,1,17,1.33,69047.72894688007,12784,55161.72894688007,0,0,1,0,1,0,0,1,0
25,44,4,5,1,4,2,3,16413,1,10,12,7,1,19,2.33,69047.72894688007,12784,52634.72894688007,1,1,0,0,1,0,1,0,1
22,15,3,1,4,2,3,3,2871,1,0,0,0,0,0,3.0,17372.83423076923,33,14501.83423076923,0,1,0,0,0,0,0,0,0
29,5,1,2,3,1,3,2,18125,3,10,13,9,1,22,2.33,69047.72894688007,12784,50922.72894688007,0,1,0,0,1,0,1,0,0
50,43,1,4,2,3,3,1,17846,4,5,3,1,0,4,2.67,69047.72894688007,12784,51201.72894688007,1,0,0,0,1,1,0,0,1
44,38,2,2,2,3,4,4,6416,1,11,5,7,1,12,3.0,102997.714045,2542,96581.714045,0,0,1,0,0,0,0,1,0
53,8,3,4,4,1,3,3,11836,5,2,0,2,0,2,2.67,91683.75438596492,139,79847.75438596492,0,0,1,1,0,0,0,0,0
38,6,1,2,4,2,4,3,5329,7,13,11,1,0,12,3.33,89817.88593023256,119,84488.88593023256,1,0,0,0,0,0,0,1,0
45,44,2,2,2,1,4,4,8238,1,10,8,1,0,9,2.33,69047.72894688007,12784,60809.72894688007,0,0,1,1,0,0,1,0,0
35,30,2,3,2,1,1,3,10036,3,18,9,8,1,17,1.33,102997.714045,2542,92961.714045,1,0,0,1,0,0,0,1,0
21,1,2,4,3,1,1,1,8051,4,18,10,1,0,11,1.67,102997.714045,2542,94946.714045,0,1,0,1,0,0,0,1,0
52,29,4,2,4,1,3,2,11377,3,4,11,9,1,20,2.67,69047.72894688007,12784,57670.72894688007,1,0,1,1,0,1,0,0,0
30,18,3,3,5,2,1,4,14368,4,21,10,1,0,11,2.67,69047.72894688007,12784,54679.72894688007,0,1,0,0,1,0,0,1,0
54,43,1,3,3,2,4,2,14205,2,12,13,6,1,19,3.0,69047.72894688007,12784,54842.72894688007,1,1,0,0,1,0,0,1,0
50,16,1,1,1,4,2,2,3440,4,16,6,6,1,12,2.33,69047.72894688007,12784,65607.72894688007,0,1,0,0,0,0,0,1,0
30,46,2,1,3,3,2,4,3654,4,26,6,8,1,14,2.67,69047.72894688007,12784,65393.72894688007,1,1,0,0,0,0,0,1,1
47,32,2,3,3,3,3,3,13293,4,17,11,4,1,15,3.0,69047.72894688007,12784,55754.72894688007,0,0,1,1,0,0,0,1,0
40,11,4,4,3,3,4,4,6552,4,23,4,8,1,12,3.33,69047.72894688007,12784,62495.72894688007,0,0,1,0,0,0,0,1,0
29,20,3,4,3,4,2,3,7041,4,13,1,5,1,6,3.0,69047.72894688007,12784,62006.72894688007,1,0,0,0,0,0,0,1,0
41,22,1,1,3,3,4,2,16402,1,9,14,8,1,22,3.33,102997.714045,2542,86595.714045,0,1,0,0,1,0,1,0,0
52,39,2,2,4,4,1,1,11649,1,20,5,2,0,7,3.0,102997.714045,2542,91348.714045,0,0,0,1,0,0,0,1,0
44,40,3,1,5,3,1,2,16389,3,21,5,9,1,14,3.0,69047.72894688007,12784,52658.72894688007,0,0,0,0,1,0,0,1,1
24,19,3,2,2,3,4,4,4095,4,12,8,5,1,13,3.0,102997.714045,2542,98902.714045,0,0,0,0,0,0,0,1,0
47,45,3,5,3,4,4,3,7823,2,21,13,6,1,19,3.67,69047.72894688007,12784,61224.72894688007,1,1,0,1,0,0,0,1,0
47,3,1,2,4,4,3,3,13485,4,4,5,6,1,11,3.67,69047.72894688007,12784,55562.72894688007,0,0,1,1,0,1,0,0,0
52,6,2,3,5,3,2,3,5030,2,3,6,9,1,15,3.33,69047.72894688007,12784,64017.72894688007,1,1,0,0,0,1,0,0,0
45,32,3,3,4,3,4,2,13786,4,17,4,6,1,10,3.67,69047.72894688007,12784,55261.72894688007,0,1,0,0,1,0,0,1,0
38,16,2,3,2,2,3,1,18629,4,17,13,5,1,18,2.33,69047.72894688007,12784,50418.72894688007,1,1,0,0,1,0,0,1,1
53,49,4,2,2,3,3,3,7905,4,9,4,6,1,10,2.67,69047.72894688007,12784,61142.72894688007,0,0,1,1,0,0,1,0,0
39,30,3,3,3,1,4,2,10418,2,11,11,0,0,11,2.67,69047.72894688007,12784,58629.72894688007,1,0,1,1,0,0,0,1,1
41,12,3,5,3,2,4,3,19545,1,22,15,15,1,30,3.0,69047.72894688007,12784,49502.72894688007,0,0,1,0,1,0,0,1,1
59,2,2,4,5,3,1,1,18418,3,16,2,8,1,10,3.0,69047.72894688007,12784,50629.72894688007,1,0,1,0,1,0,0,1,0
37,8,4,2,1,3,3,4,13640,4,22,6,0,0,6,2.33,69047.72894688007,12784,55407.72894688007,0,0,1,1,0,0,0,1,0
43,17,2,4,1,1,3,2,3463,2,13,1,7,1,8,1.67,69047.72894688007,12784,65584.72894688007,0,0,0,0,0,0,0,1,0
24,46,1,1,5,4,2,2,17446,3,27,10,9,1,19,3.67,69047.72894688007,12784,51601.72894688007,0,1,0,0,1,0,0,1,0
51,49,3,5,3,2,2,3,18249,2,17,11,7,1,18,2.33,102997.714045,2542,84748.714045,1,0,1,0,1,0,0,1,0
28,16,1,2,4,2,2,4,9563,3,5,10,7,1,17,2.67,69047.72894688007,12784,59484.72894688007,0,1,0,1,0,1,0,0,0
35,9,2,4,3,1,1,4,6763,2,13,6,5,1,11,1.67,102997.714045,2542,96234.714045,0,0,0,0,0,0,0,1,0
57,45,2,1,4,1,4,3,16211,2,10,12,3,1,15,3.0,69047.72894688007,12784,52836.72894688007,0,1,0,0,1,0,1,0,0
39,48,1,3,1,3,3,3,6791,3,6,13,4,1,17,2.33,69047.72894688007,12784,62256.72894688007,1,0,0,0,0,0,1,0,0
56,45,1,4,2,1,4,2,15354,3,1,13,5,1,18,2.33,69047.72894688007,12784,53693.72894688007,1,1,0,0,1,0,0,0,0
48,24,1,1,5,2,2,1,7044,2,2,5,7,1,12,3.0,102997.714045,2542,95953.714045,0,0,0,0,0,0,0,0,0
46,10,3,5,4,4,3,2,19950,4,6,6,1,0,7,3.67,69047.72894688007,12784,49097.72894688007,1,1,0,0,1,0,1,0,0
52,41,1,3,5,2,1,1,14912,2,23,4,7,1,11,2.67,69047.72894688007,12784,54135.72894688007,1,0,0,0,1,0,0,1,0
58,11,3,4,4,3,1,3,9546,1,27,8,4,1,12,2.67,69047.72894688007,12784,59501.72894688007,1,0,0,1,0,0,0,1,1
42,35,3,1,1,2,4,4,14860,4,10,6,7,1,13,2.33,69047.72894688007,12784,54187.72894688007,1,0,0,0,1,0,1,0,1
24,24,3,1,4,4,3,3,2400,0,2,2,2,0,4,3.67,69047.72894688007,12784,66647.72894688007,0,0,1,0,0,0,0,0,0
55,3,4,4,1,2,2,3,5693,4,2,12,3,1,15,1.67,102997.714045,2542,97304.714045,0,0,0,0,0,0,0,0,0
55,37,1,3,4,2,3,3,18092,4,6,6,7,1,13,3.0,102997.714045,2542,84905.714045,0,0,1,0,1,0,1,0,1
34,19,1,3,3,4,2,4,14022,2,4,12,9,1,21,3.0,69047.72894688007,12784,55025.72894688007,0,1,0,0,1,1,0,0,0
39,49,4,3,5,1,2,4,4849,3,18,8,3,1,11,2.67,69047.72894688007,12784,64198.72894688007,0,0,0,0,0,0,0,1,0
39,40,2,5,5,1,2,2,13327,3,16,8,2,0,10,2.67,69047.72894688007,12784,55720.72894688007,1,1,0,1,0,0,0,1,0
35,4,3,5,2,3,2,2,9818,4,12,2,6,1,8,2.33,69047.72894688007,12784,59229.72894688007,0,0,0,1,0,0,0,1,1
48,46,4,4,3,4,3,4,9502,4,12,6,6,1,12,3.33,102997.714045,2542,93495.714045,1,0,0,1,0,0,0,1,0
41,43,4,5,5,1,1,4,12814,4,9,2,2,0,4,2.33,69047.72894688007,12784,56233.72894688007,0,0,0,1,0,0,1,0,0
23,27,4,1,1,1,2,3,8791,2,16,7,8,1,15,1.33,69047.72894688007,12784,60256.72894688007,1,1,0,1,0,0,0,1,0
39,44,3,4,5,2,2,3,17262,3,8,6,8,1,14,3.0,69047.72894688007,12784,51785.72894688007,1,0,1,0,1,0,1,0,0
46,4,1,3,2,1,1,2,5360,4,28,2,4,1,6,1.33,69047.72894688007,12784,63687.72894688007,1,0,1,0,0,0,0,1,0
47,31,2,5,1,3,1,2,12458,3,2,14,6,1,20,1.67,102997.714045,2542,90539.714045,0,0,1,1,0,0,0,0,0
36,2,4,3,3,1,4,1,16427,3,7,13,8,1,21,2.67,69047.72894688007,12784,52620.72894688007,1,0,0,0,1,0,1,0,0
41,28,4,4,3,1,3,4,17071,4,6,11,4,1,15,2.33,69047.72894688007,12784,51976.72894688007,1,0,0,0,1,0,1,0,0
50,34,4,5,2,4,4,3,4658,2,5,12,9,1,21,3.33,69047.72894688007,12784,64389.72894688007,1,1,0,0,0,1,0,0,0
22,5,3,3,5,4,2,2,11657,4,8,7,2,0,9,3.67,102997.714045,2542,91340.714045,0,0,0,1,0,0,1,0,0
50,11,2,3,1,2,2,1,7856,2,23,4,4,1,8,1.67,69047.72894688007,12784,61191.72894688007,1,0,1,1,0,0,0,1,1
36,42,2,2,1,2,2,1,7953,3,8,9,0,0,9,1.67,69047.72894688007,12784,61094.72894688007,1,0,0,1,0,0,1,0,0
32,24,3,2,4,1,4,3,5309,1,10,8,4,1,12,3.0,17372.83423076923,33,12063.83423076923,0,0,1,0,0,0,1,0,0
48,30,3,2,3,4,2,3,15370,2,11,12,8,1,20,3.0,69047.72894688007,12784,53677.72894688007,1,1,0,0,1,0,0,1,0
20,15,4,2,1,4,1,1,17145,3,22,7,4,1,11,2.0,69047.72894688007,12784,51902.72894688007,0,0,1,0,1,0,0,1,0
21,29,3,3,1,4,2,1,14779,2,1,2,6,1,8,2.33,69047.72894688007,12784,54268.72894688007,1,0,0,0,1,0,0,0,0
52,15,2,5,5,3,4,2,4098,1,23,14,3,1,17,4.0,69047.72894688007,12784,64949.72894688007,0,0,1,0,0,0,0,1,1
29,21,4,4,5,1,2,3,17537,1,25,6,7,1,13,2.67,69047.72894688007,12784,51510.72894688007,1,1,0,0,1,0,0,1,0
53,47,4,1,3,1,1,2,12594,4,10,6,0,0,6,1.67,69047.72894688007,12784,56453.72894688007,1,0,0,1,0,0,1,0,1
24,20,2,2,3,3,2,4,14639,3,27,12,3,1,15,2.67,69047.72894688007,12784,54408.72894688007,1,1,0,0,1,0,0,1,0
40,40,4,3,2,4,2,1,11662,4,15,10,7,1,17,2.67,69047.72894688007,12784,57385.72894688007,0,0,1,1,0,0,0,1,0
47,10,1,5,1,3,2,3,11045,3,1,10,8,1,18,2.0,69047.72894688007,12784,58002.72894688007,0,1,0,1,0,0,0,0,0
36,1,3,2,3,2,1,3,6815,6,1,0,0,0,0,2.0,91683.75438596492,139,84868.75438596492,0,1,0,0,0,0,0,0,0
37,32,4,2,5,2,4,3,12857,1,26,13,7,1,20,3.67,102997.714045,2542,90140.714045,0,0,1,1,0,0,0,1,1
45,43,3,4,2,4,1,3,3847,1,28,5,3,1,8,2.33,69047.72894688007,12784,65200.72894688007,1,1,0,0,0,0,0,1,0
52,37,1,3,5,1,1,1,13754,4,13,7,8,1,15,2.33,69047.72894688007,12784,55293.72894688007,1,0,1,0,1,0,0,1,0
56,9,2,2,3,4,2,2,7577,1,12,8,1,0,9,3.0,69047.72894688007,12784,61470.72894688007,0,0,0,0,0,0,0,1,0
28,21,3,5,2,3,3,2,3926,2,28,1,0,0,1,2.67,102997.714045,2542,99071.714045,0,0,0,0,0,0,0,1,0
54,31,2,1,5,1,3,4,5254,2,21,8,7,1,15,3.0,69047.72894688007,12784,63793.72894688007,1,1,0,0,0,0,0,1,1
29,1,3,2,1,1,1,2,5373,0,5,3,0,0,3,1.0,69047.72894688007,12784,63674.72894688007,0,0,1,0,0,1,0,0,0
44,49,4,3,5,3,1,2,8514,2,19,11,8,1,19,3.0,69047.72894688007,12784,60533.72894688007,1,0,1,1,0,0,0,1,0
53,38,3,4,3,4,1,3,16248,2,9,9,1,0,10,2.67,69047.72894688007,12784,52799.72894688007,0,0,1,0,1,0,1,0,1
29,30,4,4,4,2,1,3,4360,1,26,14,2,0,16,2.33,69047.72894688007,12784,64687.72894688007,0,1,0,0,0,0,0,1,0
53,17,1,4,5,4,4,3,3070,1,14,3,3,1,6,4.33,69047.72894688007,12784,65977.72894688007,1,0,0,0,0,0,0,1,0
38,2,3,2,2,3,1,3,4855,4,5,2,1,0,3,2.0,69047.72894688007,12784,64192.72894688007,0,0,1,0,0,1,0,0,1
28,33,3,1,2,2,4,3,6636,2,13,1,5,1,6,2.67,69047.72894688007,12784,62411.72894688007,0,0,1,0,0,0,0,1,0
49,28,1,3,2,4,2,3,14507,1,1,8,0,0,8,2.67,69047.72894688007,12784,54540.72894688007,1,0,1,0,1,0,0,0,0
45,12,2,2,4,3,3,1,15826,2,4,6,3,1,9,3.33,69047.72894688007,12784,53221.72894688007,1,0,0,0,1,1,0,0,0
52,14,4,4,1,3,4,2,10809,2,4,14,3,1,17,2.67,102997.714045,2542,92188.714045,0,0,0,1,0,1,0,0,1
53,2,3,4,3,4,2,4,7958,3,26,8,7,1,15,3.0,69047.72894688007,12784,61089.72894688007,1,0,0,1,0,0,0,1,0
38,4,3,1,3,4,4,2,3306,7,0,0,0,0,0,3.67,17372.83423076923,33,14066.83423076923,0,0,1,0,0,0,0,0,0
31,44,1,2,1,2,4,3,6180,1,6,3,5,1,8,2.33,69047.72894688007,12784,62867.72894688007,1,0,1,0,0,0,1,0,0
43,7,3,2,3,4,2,2,19911,1,24,3,3,1,6,3.0,69047.72894688007,12784,49136.72894688007,0,1,0,0,1,0,0,1,0
27,28,3,1,1,2,3,1,13348,1,7,7,4,1,11,2.0,69047.72894688007,12784,55699.72894688007,1,0,1,1,0,0,1,0,0
31,7,1,3,4,4,2,1,18492,4,22,11,1,0,12,3.33,69047.72894688007,12784,50555.72894688007,0,0,0,0,1,0,0,1,0
53,3,3,2,3,1,1,2,4940,4,8,13,6,1,19,1.67,102997.714045,2542,98057.714045,0,0,0,0,0,0,1,0,0
48,7,1,3,3,4,3,4,3492,3,5,11,8,1,19,3.33,102997.714045,2542,99505.714045,0,1,0,0,0,1,0,0,0
43,41,2,3,5,2,3,2,19737,4,16,5,6,1,11,3.33,69047.72894688007,12784,49310.72894688007,1,0,1,0,1,0,0,1,0
28,30,2,1,5,1,3,3,18025,3,2,2,7,1,9,3.0,69047.72894688007,12784,51022.72894688007,1,1,0,0,1,0,0,0,0
42,45,3,4,3,2,1,1,18568,3,9,2,7,1,9,2.0,102997.714045,2542,84429.714045,1,0,1,0,1,0,1,0,0
36,29,1,2,3,2,4,2,4210,2,23,1,8,1,9,3.0,69047.72894688007,12784,64837.72894688007,1,0,0,0,0,0,0,1,0
32,3,2,3,4,2,3,1,4276,3,17,1,5,1,6,3.0,69047.72894688007,12784,64771.72894688007,0,1,0,0,0,0,0,1,1
56,26,1,5,5,3,3,3,14715,4,13,1,5,1,6,3.67,69047.72894688007,12784,54332.72894688007,1,0,0,0,1,0,0,1,0
53,10,1,3,1,2,1,3,18301,4,9,10,3,1,13,1.33,69047.72894688007,12784,50746.72894688007,0,0,0,0,1,0,1,0,0
50,6,2,3,5,2,2,1,10966,1,1,9,0,0,9,3.0,69047.72894688007,12784,58081.72894688007,0,0,0,1,0,0,0,0,0
27,10,4,1,1,3,4,3,12232,1,19,6,5,1,11,2.67,69047.72894688007,12784,56815.72894688007,1,0,1,1,0,0,0,1,0
32,41,1,2,2,3,3,2,17016,1,10,8,3,1,11,2.67,69047.72894688007,12784,52031.72894688007,1,0,0,0,1,0,1,0,0
49,3,1,1,2,3,2,4,17933,4,17,7,4,1,11,2.33,102997.714045,2542,85064.714045,1,0,1,0,1,0,0,1,0
28,3,3,3,2,4,2,2,7655,0,9,7,1,0,8,2.67,69047.72894688007,12784,61392.72894688007,0,0,0,1,0,0,1,0,0
26,7,1,3,3,1,4,1,16753,1,18,4,8,1,12,2.67,69047.72894688007,12784,52294.72894688007,1,0,1,0,1,0,0,1,0
43,2,3,2,2,1,4,3,5687,2,26,4,8,1,12,2.33,69047.72894688007,12784,63360.72894688007,1,0,1,0,0,0,0,1,0
45,46,1,1,3,1,1,4,8174,2,20,5,4,1,9,1.67,102997.714045,2542,94823.714045,0,0,1,1,0,0,0,1,1
37,24,3,5,5,4,2,3,3269,2,15,13,2,0,15,3.67,102997.714045,2542,99728.714045,0,0,0,0,0,0,0,1,0
49,24,3,4,4,2,1,4,3959,4,16,3,7,1,10,2.33,69047.72894688007,12784,65088.72894688007,0,0,0,0,0,0,0,1,1
26,31,2,2,5,4,4,1,3409,2,1,14,5,1,19,4.33,69047.72894688007,12784,65638.72894688007,1,0,0,0,0,0,0,0,0
53,33,1,2,5,3,1,4,12045,2,20,2,8,1,10,3.0,69047.72894688007,12784,57002.72894688007,1,0,0,1,0,0,0,1,0
26,24,1,1,4,3,2,1,2340,1,1,0,0,0,0,3.0,17372.83423076923,33,15032.83423076923,1,1,0,0,0,0,0,0,1
51,8,2,3,2,3,1,2,15830,2,10,1,9,1,10,2.0,69047.72894688007,12784,53217.72894688007,1,0,0,0,1,0,1,0,0
54,24,4,2,2,3,3,2,10568,3,15,8,0,0,8,2.67,69047.72894688007,12784,58479.72894688007,1,0,0,1,0,0,0,1,1
52,31,2,1,4,4,4,2,9616,3,15,3,4,1,7,4.0,102997.714045,2542,93381.714045,1,0,0,1,0,0,0,1,0
51,21,4,5,1,4,3,2,6331,3,3,3,1,0,4,2.67,69047.72894688007,12784,62716.72894688007,1,0,0,0,0,1,0,0,0
42,34,2,4,3,4,2,1,11124,4,20,6,9,1,15,3.0,69047.72894688007,12784,57923.72894688007,0,0,0,1,0,0,0,1,0
59,45,2,2,2,4,3,4,14340,4,5,14,2,0,16,3.0,69047.72894688007,12784,54707.72894688007,0,0,1,0,1,1,0,0,1
49,11,3,3,4,3,1,4,7654,1,9,8,7,1,15,2.67,91683.75438596492,139,84029.75438596492,0,0,1,1,0,0,1,0,1
34,2,3,2,4,3,4,4,6687,1,14,11,4,1,15,3.67,69047.72894688007,12784,62360.72894688007,0,1,0,0,0,0,0,1,0
50,49,2,3,2,1,3,3,13668,3,28,4,8,1,12,2.0,102997.714045,2542,89329.714045,1,1,0,1,0,0,0,1,0
27,1,4,1,2,1,3,3,5395,1,24,3,9,1,12,2.0,102997.714045,2542,97602.714045,1,1,0,0,0,0,0,1,0
30,21,4,2,5,2,3,4,4913,4,12,12,0,0,12,3.33,102997.714045,2542,98084.714045,1,0,1,0,0,0,0,1,0
47,49,2,4,5,3,4,3,16561,2,7,11,9,1,20,4.0,69047.72894688007,12784,52486.72894688007,0,1,0,0,1,0,1,0,0
53,33,4,4,2,3,3,2,5810,4,1,12,6,1,18,2.67,69047.72894688007,12784,63237.72894688007,0,0,0,0,0,0,0,0,0
49,2,2,1,4,4,3,3,18710,4,19,5,8,1,13,3.67,69047.72894688007,12784,50337.72894688007,0,1,0,0,1,0,0,1,0
53,43,4,1,1,3,2,1,9442,3,25,11,9,1,20,2.0,69047.72894688007,12784,59605.72894688007,1,1,0,1,0,0,0,1,1
39,41,1,3,3,3,1,3,15507,1,14,10,6,1,16,2.33,69047.72894688007,12784,53540.72894688007,1,0,1,0,1,0,0,1,0
51,43,4,2,3,1,2,4,3175,3,12,8,1,0,9,2.0,69047.72894688007,12784,65872.72894688007,1,0,0,0,0,0,0,1,0
55,11,4,1,3,1,2,1,3119,3,14,13,8,1,21,2.0,69047.72894688007,12784,65928.72894688007,0,0,0,0,0,0,0,1,0
31,20,4,1,4,3,1,3,2791,0,2,2,2,0,4,2.67,69047.72894688007,12784,66256.72894688007,0,0,1,0,0,0,0,0,0
26,49,2,4,5,4,1,2,15049,1,28,2,7,1,9,3.33,69047.72894688007,12784,53998.72894688007,1,0,1,0,1,0,0,1,0
43,43,1,2,5,4,2,2,3578,3,19,9,1,0,10,3.67,69047.72894688007,12784,65469.72894688007,1,0,1,0,0,0,0,1,0
42,49,4,2,1,4,3,3,3546,4,1,6,6,1,12,2.67,69047.72894688007,12784,65501.72894688007,1,0,1,0,0,0,0,0,0
40,26,3,5,3,2,1,2,7020,3,13,7,9,1,16,2.0,102997.714045,2542,95977.714045,1,0,1,0,0,0,0,1,0
45,38,1,3,5,4,2,1,6723,2,1,14,2,0,16,3.67,102997.714045,2542,96274.714045,0,0,1,0,0,0,0,0,0
54,31,4,2,4,3,4,3,16605,4,14,7,7,1,14,3.67,69047.72894688007,12784,52442.72894688007,0,0,1,0,1,0,0,1,0
47,12,3,4,3,1,4,2,18558,4,2,3,3,1,6,2.67,69047.72894688007,12784,50489.72894688007,1,0,1,0,1,0,0,0,0
30,29,2,1,1,1,3,1,12152,3,17,12,8,1,20,1.67,69047.72894688007,12784,56895.72894688007,0,0,1,1,0,0,0,1,0
41,5,4,1,3,2,1,2,2127,2,4,2,0,0,2,2.0,89817.88593023256,119,87690.88593023256,1,0,1,0,0,1,0,0,0
51,37,4,4,1,1,4,4,10219,3,8,8,9,1,17,2.0,69047.72894688007,12784,58828.72894688007,0,0,1,1,0,0,1,0,1
22,32,3,4,1,3,2,3,13957,4,6,2,7,1,9,2.0,69047.72894688007,12784,55090.72894688007,0,1,0,0,1,0,1,0,0
36,32,2,4,4,2,3,3,15735,3,4,12,2,0,14,3.0,69047.72894688007,12784,53312.72894688007,0,1,0,0,1,1,0,0,0
44,20,1,5,5,1,4,1,7323,1,6,11,9,1,20,3.33,102997.714045,2542,95674.714045,1,0,1,0,0,0,1,0,0
32,49,2,4,2,3,2,2,12548,1,12,8,6,1,14,2.33,102997.714045,2542,90449.714045,1,0,0,1,0,0,0,1,0
51,42,4,4,4,1,2,2,8392,4,11,4,6,1,10,2.33,69047.72894688007,12784,60655.72894688007,0,0,0,1,0,0,0,1,0
20,25,4,2,5,2,2,3,13849,4,9,14,0,0,14,3.0,69047.72894688007,12784,55198.72894688007,1,0,0,0,1,0,1,0,0
59,26,2,4,2,4,4,3,18711,4,29,11,8,1,19,3.33,102997.714045,2542,84286.714045,1,0,0,0,1,0,0,1,0
32,19,4,5,4,4,4,2,17993,2,13,13,0,0,13,4.0,69047.72894688007,12784,51054.72894688007,0,1,0,0,1,0,0,1,1
49,44,4,2,2,2,4,4,3556,3,20,7,9,1,16,2.67,69047.72894688007,12784,65491.72894688007,1,1,0,0,0,0,0,1,0
36,17,1,1,3,2,4,4,6805,4,14,10,9,1,19,3.0,69047.72894688007,12784,62242.72894688007,0,0,0,0,0,0,0,1,0
30,15,3,5,4,2,3,2,15063,4,10,2,0,0,2,3.0,69047.72894688007,12784,53984.72894688007,1,0,0,0,1,0,1,0,1
23,25,4,1,2,2,2,3,8724,3,18,1,3,1,4,2.0,69047.72894688007,12784,60323.72894688007,0,1,0,1,0,0,0,1,0
38,2,2,2,4,4,4,3,5249,3,8,7,7,1,14,4.0,91683.75438596492,139,86434.75438596492,0,0,1,0,0,0,1,0,0
41,30,2,4,1,2,3,3,16611,1,13,5,7,1,12,2.0,69047.72894688007,12784,52436.72894688007,1,0,1,0,1,0,0,1,0
50,2,3,4,1,1,4,3,17924,1,31,6,14,1,20,2.0,102997.714045,2542,85073.714045,0,0,0,0,1,0,0,1,0
23,14,3,4,5,2,1,2,17895,1,5,11,2,0,13,2.67,69047.72894688007,12784,51152.72894688007,1,1,0,0,1,1,0,0,0
25,24,2,4,5,2,3,3,4296,2,5,12,5,1,17,3.33,69047.72894688007,12784,64751.72894688007,1,0,1,0,0,1,0,0,0
37,44,3,4,3,2,1,3,3969,1,14,1,7,1,8,2.0,102997.714045,2542,99028.714045,1,1,0,0,0,0,0,1,1
53,7,3,4,1,3,3,2,12515,1,8,1,8,1,9,2.33,69047.72894688007,12784,56532.72894688007,0,0,1,1,0,0,1,0,0
36,23,4,2,4,3,3,3,2571,4,5,2,0,0,2,3.33,17372.83423076923,33,14801.83423076923,0,0,1,0,0,1,0,0,0
32,41,1,5,5,1,3,2,17045,1,22,11,9,1,20,3.0,69047.72894688007,12784,52002.72894688007,1,1,0,0,1,0,0,1,1
52,17,2,3,2,3,1,2,8530,2,17,14,4,1,18,2.0,69047.72894688007,12784,60517.72894688007,0,1,0,1,0,0,0,1,1
24,32,4,3,4,3,2,2,17306,4,19,5,9,1,14,3.0,102997.714045,2542,85691.714045,0,0,1,0,1,0,0,1,0
58,2,1,1,2,1,1,3,9477,4,1,8,4,1,12,1.33,69047.72894688007,12784,59570.72894688007,0,0,0,1,0,0,0,0,0
51,48,3,2,1,1,1,3,6739,3,2,6,9,1,15,1.0,102997.714045,2542,96258.714045,0,0,0,0,0,0,0,0,0
28,32,2,2,2,4,1,2,16041,1,12,14,3,1,17,2.33,69047.72894688007,12784,53006.72894688007,1,1,0,0,1,0,0,1,1
20,42,3,2,1,1,1,1,17196,3,4,11,9,1,20,1.0,69047.72894688007,12784,51851.72894688007,0,1,0,0,1,1,0,0,0
36,40,4,2,2,2,3,2,3810,4,5,5,3,1,8,2.33,69047.72894688007,12784,65237.72894688007,1,1,0,0,0,1,0,0,1
58,39,1,4,5,3,3,4,6822,2,12,7,0,0,7,3.67,69047.72894688007,12784,62225.72894688007,1,1,0,0,0,0,0,1,0
56,32,2,4,1,2,3,2,5404,2,1,2,9,1,11,2.0,69047.72894688007,12784,63643.72894688007,1,0,0,0,0,0,0,0,1
49,12,1,4,1,4,1,4,5322,1,20,7,9,1,16,2.0,102997.714045,2542,97675.714045,0,0,0,0,0,0,0,1,0
51,14,4,2,5,1,1,2,5984,3,21,1,7,1,8,2.33,102997.714045,2542,97013.714045,1,0,0,0,0,0,0,1,0
55,28,4,3,4,3,3,3,13977,2,23,9,3,1,12,3.33,102997.714045,2542,89020.714045,1,0,0,0,1,0,0,1,0
29,13,1,2,3,3,1,2,6661,1,18,2,5,1,7,2.33,69047.72894688007,12784,62386.72894688007,0,0,0,0,0,0,0,1,0
33,25,2,1,2,1,2,3,2313,4,2,2,2,0,4,1.67,89817.88593023256,119,87504.88593023256,1,1,0,0,0,0,0,0,1
40,12,1,4,4,4,1,1,10488,2,25,5,1,0,6,3.0,69047.72894688007,12784,58559.72894688007,0,0,1,1,0,0,0,1,0
47,27,4,2,3,2,4,3,6397,4,5,4,1,0,5,3.0,91683.75438596492,139,85286.75438596492,1,1,0,0,0,1,0,0,1
31,39,1,1,3,2,2,3,14907,3,21,4,4,1,8,2.33,69047.72894688007,12784,54140.72894688007,0,0,1,0,1,0,0,1,0
33,27,3,2,2,4,3,4,18269,1,7,10,4,1,14,3.0,69047.72894688007,12784,50778.72894688007,1,0,0,0,1,0,1,0,1
59,10,3,2,4,3,1,4,9983,4,27,7,0,0,7,2.67,69047.72894688007,12784,59064.72894688007,0,0,1,1,0,0,0,1,1
42,44,2,2,5,2,3,3,15574,4,7,3,2,0,5,3.33,102997.714045,2542,87423.714045,1,0,0,0,1,0,1,0,0
46,27,2,2,4,4,3,1,18540,2,16,13,3,1,16,3.67,69047.72894688007,12784,50507.72894688007,1,1,0,0,1,0,0,1,1
36,8,3,3,3,3,2,3,10096,1,17,14,12,1,26,2.67,69047.72894688007,12784,58951.72894688007,0,0,0,1,0,0,0,1,0
24,44,4,4,1,1,3,1,17240,3,26,9,1,0,10,1.67,69047.72894688007,12784,51807.72894688007,0,0,0,0,1,0,0,1,0
45,49,4,5,4,1,1,1,13931,4,6,4,4,1,8,2.0,102997.714045,2542,89066.714045,1,0,0,0,1,0,1,0,0
50,11,1,4,2,3,4,2,8801,2,22,4,9,1,13,3.0,69047.72894688007,12784,60246.72894688007,0,1,0,1,0,0,0,1,1
32,28,1,1,2,3,2,3,8323,3,8,13,4,1,17,2.33,69047.72894688007,12784,60724.72894688007,1,0,1,1,0,0,1,0,0
49,48,1,4,2,2,2,4,12834,4,14,5,3,1,8,2.0,69047.72894688007,12784,56213.72894688007,0,0,0,1,0,0,0,1,0
33,8,3,2,3,3,4,3,7104,0,5,0,1,0,1,3.33,91683.75438596492,139,84579.75438596492,0,0,0,0,0,1,0,0,0
43,6,2,5,3,1,4,3,19392,7,16,12,6,1,18,2.67,102997.714045,2542,83605.714045,0,0,1,0,1,0,0,1,0
57,19,1,5,1,3,1,3,3287,3,29,4,8,1,12,1.67,69047.72894688007,12784,65760.72894688007,1,1,0,0,0,0,0,1,0
46,32,3,2,5,2,1,4,9934,4,3,8,3,1,11,2.67,69047.72894688007,12784,59113.72894688007,0,1,0,1,0,1,0,0,0
30,20,4,3,5,4,1,4,8004,4,19,13,3,1,16,3.33,102997.714045,2542,94993.714045,0,0,0,1,0,0,0,1,0
25,25,4,3,5,3,1,3,6921,1,10,1,0,0,1,3.0,69047.72894688007,12784,62126.72894688007,0,0,1,0,0,0,1,0,0
26,20,3,1,2,4,3,3,2148,0,5,1,1,0,2,3.0,61845.10984536083,269,59697.10984536083,1,0,1,0,0,1,0,0,1
54,37,2,1,5,3,2,1,10459,4,26,9,2,0,11,3.33,69047.72894688007,12784,58588.72894688007,1,0,0,1,0,0,0,1,0
36,28,4,2,3,4,4,2,13386,3,2,11,2,0,13,3.67,102997.714045,2542,89611.714045,0,1,0,1,0,0,0,0,1
24,16,3,5,5,4,4,3,15160,1,8,10,1,0,11,4.33,69047.72894688007,12784,53887.72894688007,0,1,0,0,1,0,1,0,0
21,5,1,2,1,4,4,1,16716,4,7,7,1,0,8,3.0,69047.72894688007,12784,52331.72894688007,0,0,1,0,1,0,1,0,1
47,26,1,4,2,1,2,1,3008,2,23,2,1,0,3,1.67,69047.72894688007,12784,66039.72894688007,1,0,1,0,0,0,0,1,1
40,3,4,2,3,2,1,1,14322,4,16,7,5,1,12,2.0,102997.714045,2542,88675.714045,0,0,1,0,1,0,0,1,0
47,12,2,3,3,4,3,3,17124,1,6,2,7,1,9,3.33,102997.714045,2542,85873.714045,1,0,0,0,1,0,1,0,0
26,42,1,1,4,2,1,4,16766,1,10,5,7,1,12,2.33,69047.72894688007,12784,52281.72894688007,0,0,1,0,1,0,1,0,0
50,8,1,4,3,2,1,4,12139,3,1,10,0,0,10,2.0,69047.72894688007,12784,56908.72894688007,1,0,0,1,0,0,0,0,0
47,48,1,3,4,4,2,2,17639,3,20,2,3,1,5,3.33,69047.72894688007,12784,51408.72894688007,0,0,0,0,1,0,0,1,0
34,33,4,5,5,1,2,3,16759,3,21,13,0,0,13,2.67,102997.714045,2542,86238.714045,1,1,0,0,1,0,0,1,0
41,43,4,3,5,3,2,3,19016,3,14,2,0,0,2,3.33,69047.72894688007,12784,50031.72894688007,1,0,1,0,1,0,0,1,0
43,8,3,2,2,1,3,4,4765,4,1,0,0,0,0,2.0,69047.72894688007,12784,64282.72894688007,0,0,0,0,0,0,0,0,0
22,19,4,5,2,2,2,2,19487,3,12,1,1,0,2,2.0,69047.72894688007,12784,49560.72894688007,0,0,0,0,1,0,0,1,0
54,21,4,3,4,3,4,4,4724,3,25,14,1,0,15,3.67,102997.714045,2542,98273.714045,0,0,1,0,0,0,0,1,1
36,25,2,4,4,1,4,4,7153,3,19,7,9,1,16,3.0,69047.72894688007,12784,61894.72894688007,0,1,0,0,0,0,0,1,0
50,37,1,4,2,1,2,2,10966,2,6,13,9,1,22,1.67,69047.72894688007,12784,58081.72894688007,1,1,0,1,0,0,1,0,1
21,32,1,3,4,2,1,4,8328,3,4,5,2,0,7,2.33,102997.714045,2542,94669.714045,0,0,1,1,0,1,0,0,0
32,5,4,1,2,1,4,2,3298,0,6,2,0,0,2,2.33,89817.88593023256,119,86519.88593023256,1,0,0,0,0,0,1,0,0
30,24,4,5,3,3,2,3,8568,1,27,8,4,1,12,2.67,69047.72894688007,12784,60479.72894688007,1,0,1,1,0,0,0,1,1
41,30,3,1,5,1,2,2,11050,3,24,9,7,1,16,2.67,69047.72894688007,12784,57997.72894688007,1,1,0,1,0,0,0,1,0
20,30,2,4,2,2,1,4,11209,1,14,7,7,1,14,1.67,69047.72894688007,12784,57838.72894688007,1,1,0,1,0,0,0,1,0
32,26,2,2,1,2,1,4,15926,1,17,10,5,1,15,1.33,69047.72894688007,12784,53121.72894688007,0,1,0,0,1,0,0,1,0
47,22,3,5,3,1,3,1,12081,1,26,10,1,0,11,2.33,102997.714045,2542,90916.714045,0,0,1,1,0,0,0,1,0
33,7,2,3,1,2,2,4,6526,2,26,1,5,1,6,1.67,102997.714045,2542,96471.714045,1,0,1,0,0,0,0,1,0
58,49,3,5,5,3,2,3,11616,2,4,12,8,1,20,3.33,69047.72894688007,12784,57431.72894688007,0,0,0,1,0,1,0,0,0
37,19,4,4,5,2,3,4,10659,2,26,10,1,0,11,3.33,69047.72894688007,12784,58388.72894688007,1,1,0,1,0,0,0,1,1
40,18,1,2,4,2,2,4,4095,1,16,10,7,1,17,2.67,69047.72894688007,12784,64952.72894688007,0,1,0,0,0,0,0,1,0
33,2,3,1,5,4,2,4,19422,1,4,5,5,1,10,3.67,69047.72894688007,12784,49625.72894688007,0,0,0,0,1,1,0,0,0
20,32,1,5,4,1,3,2,18705,2,21,9,5,1,14,2.67,69047.72894688007,12784,50342.72894688007,0,0,0,0,1,0,0,1,0
31,49,2,4,3,3,1,2,16215,2,13,14,9,1,23,2.33,69047.72894688007,12784,52832.72894688007,0,0,0,0,1,0,0,1,1
20,48,2,4,5,1,2,1,13175,3,5,7,3,1,10,2.67,69047.72894688007,12784,55872.72894688007,1,0,0,1,0,1,0,0,0
49,30,3,1,1,1,1,3,5312,3,18,11,8,1,19,1.0,69047.72894688007,12784,63735.72894688007,1,0,0,0,0,0,0,1,0
29,17,2,3,1,2,1,2,7988,1,10,9,0,0,9,1.33,61845.10984536083,269,53857.10984536083,0,1,0,1,0,0,1,0,0
46,37,3,5,5,2,4,1,10304,2,8,13,5,1,18,3.67,69047.72894688007,12784,58743.72894688007,0,0,1,1,0,0,1,0,0
41,34,1,2,3,1,4,3,10817,3,6,6,1,0,7,2.67,69047.72894688007,12784,58230.72894688007,0,0,0,1,0,0,1,0,0
27,5,4,1,2,4,3,1,17728,1,14,6,9,1,15,3.0,102997.714045,2542,85269.714045,1,1,0,0,1,0,0,1,0
57,11,4,3,1,3,4,1,10133,2,19,3,5,1,8,2.67,102997.714045,2542,92864.714045,1,0,1,1,0,0,0,1,0
35,7,3,1,3,4,1,3,2404,1,1,0,0,0,0,2.67,69047.72894688007,12784,66643.72894688007,0,0,1,0,0,0,0,0,0
42,28,2,1,3,2,1,3,3584,4,10,4,6,1,10,2.0,102997.714045,2542,99413.714045,1,1,0,0,0,0,1,0,0
42,20,2,1,1,1,1,2,13348,4,20,3,9,1,12,1.0,69047.72894688007,12784,55699.72894688007,1,0,1,1,0,0,0,1,0
25,42,1,1,2,3,1,4,3587,3,5,13,6,1,19,2.0,69047.72894688007,12784,65460.72894688007,1,0,0,0,0,1,0,0,0
58,34,2,4,3,1,2,2,16954,3,20,11,9,1,20,2.0,102997.714045,2542,86043.714045,0,1,0,0,1,0,0,1,0
29,2,3,1,2,4,3,3,3180,0,3,2,0,0,2,3.0,17372.83423076923,33,14192.83423076923,0,0,1,0,0,1,0,0,0
38,28,2,1,3,4,4,3,4575,1,24,1,8,1,9,3.67,69047.72894688007,12784,64472.72894688007,0,1,0,0,0,0,0,1,0
51,5,3,4,2,3,2,3,14026,1,33,9,0,0,9,2.33,102997.714045,2542,88971.714045,1,0,0,0,1,0,0,1,0
49,46,4,5,3,2,2,1,7212,3,29,11,5,1,16,2.33,69047.72894688007,12784,61835.72894688007,1,1,0,0,0,0,0,1,0
44,47,1,1,5,1,2,4,15147,4,17,10,7,1,17,2.67,69047.72894688007,12784,53900.72894688007,0,0,0,0,1,0,0,1,0
34,12,1,4,5,2,1,3,9395,1,25,8,0,0,8,2.67,69047.72894688007,12784,59652.72894688007,1,0,0,1,0,0,0,1,0
30,2,3,2,2,1,1,1,12180,1,29,4,5,1,9,1.33,69047.72894688007,12784,56867.72894688007,1,1,0,1,0,0,0,1,0
35,16,2,5,4,2,1,3,17738,1,3,5,7,1,12,2.33,69047.72894688007,12784,51309.72894688007,0,1,0,0,1,1,0,0,0
23,43,4,5,2,2,4,3,14735,4,8,9,0,0,9,2.67,69047.72894688007,12784,54312.72894688007,0,0,0,0,1,0,1,0,0
32,4,2,1,3,4,1,2,14269,4,3,1,5,1,6,2.67,102997.714045,2542,88728.714045,1,0,1,0,1,1,0,0,0
25,3,3,1,1,1,3,3,4031,5,2,2,0,0,2,1.67,17372.83423076923,33,13341.83423076923,0,0,1,0,0,0,0,0,1
59,21,4,5,2,4,3,1,16653,2,22,8,2,0,10,3.0,69047.72894688007,12784,52394.72894688007,0,0,0,0,1,0,0,1,0
21,5,1,1,2,2,1,4,15447,2,7,5,7,1,12,1.67,69047.72894688007,12784,53600.72894688007,1,0,0,0,1,0,1,0,1
56,33,2,4,3,2,2,3,19728,2,10,10,2,0,12,2.33,69047.72894688007,12784,49319.72894688007,1,0,0,0,1,0,1,0,0
24,28,4,1,5,1,3,4,5112,4,26,4,8,1,12,3.0,69047.72894688007,12784,63935.72894688007,1,0,0,0,0,0,0,1,0
36,19,4,3,1,3,1,3,17252,4,1,7,3,1,10,1.67,69047.72894688007,12784,51795.72894688007,1,1,0,0,1,0,0,0,0
38,11,1,2,3,3,3,4,3766,2,12,12,4,1,16,3.0,102997.714045,2542,99231.714045,1,1,0,0,0,0,0,1,0
45,14,2,2,2,3,3,1,5915,2,13,13,8,1,21,2.67,69047.72894688007,12784,63132.72894688007,0,0,1,0,0,0,0,1,0
59,2,2,5,4,3,4,3,18844,9,3,2,2,0,4,3.67,102997.714045,2542,84153.714045,0,0,1,0,1,1,0,0,0
48,44,4,2,1,4,1,4,19360,1,26,6,2,0,8,2.0,69047.72894688007,12784,49687.72894688007,0,0,1,0,1,0,0,1,0
54,9,4,4,3,3,1,2,7289,4,24,3,1,0,4,2.33,69047.72894688007,12784,61758.72894688007,1,1,0,0,0,0,0,1,0
31,7,3,5,3,4,3,2,17295,2,20,6,8,1,14,3.33,69047.72894688007,12784,51752.72894688007,1,0,0,0,1,0,0,1,0
36,45,3,3,4,4,3,3,13763,4,9,8,7,1,15,3.67,69047.72894688007,12784,55284.72894688007,0,1,0,0,1,0,1,0,1
36,30,1,1,1,4,2,3,4743,4,6,2,7,1,9,2.33,69047.72894688007,12784,64304.72894688007,1,0,1,0,0,0,1,0,0
25,5,1,1,1,3,1,2,15048,1,5,2,0,0,2,1.67,102997.714045,2542,87949.714045,0,0,1,0,1,1,0,0,0
38,45,2,4,3,3,4,4,6553,4,6,4,6,1,10,3.33,69047.72894688007,12784,62494.72894688007,0,0,0,0,0,0,1,0,0
47,47,3,3,1,4,2,3,4080,1,14,14,3,1,17,2.33,69047.72894688007,12784,64967.72894688007,1,0,0,0,0,0,0,1,0
59,18,1,1,4,4,1,3,19889,2,4,11,2,0,13,3.0,69047.72894688007,12784,49158.72894688007,0,1,0,0,1,1,0,0,0
41,37,3,4,4,1,3,4,12612,2,24,3,2,0,5,2.67,102997.714045,2542,90385.714045,1,1,0,1,0,0,0,1,1
31,1,1,2,1,4,2,3,5003,1,10,8,8,1,16,2.33,89817.88593023256,119,84814.88593023256,0,0,1,0,0,0,1,0,0
30,27,1,5,5,1,2,2,4817,3,16,12,3,1,15,2.67,69047.72894688007,12784,64230.72894688007,1,1,0,0,0,0,0,1,0
56,38,3,1,4,1,2,2,3589,1,15,11,6,1,17,2.33,69047.72894688007,12784,65458.72894688007,0,0,1,0,0,0,0,1,1
39,14,4,5,2,3,1,4,5139,3,27,10,3,1,13,2.0,69047.72894688007,12784,63908.72894688007,1,0,0,0,0,0,0,1,1
41,49,4,3,1,4,1,3,10014,1,20,10,5,1,15,2.0,69047.72894688007,12784,59033.72894688007,0,0,1,1,0,0,0,1,1
28,30,1,3,1,4,1,1,15858,4,12,4,7,1,11,2.0,69047.72894688007,12784,53189.72894688007,0,1,0,0,1,0,0,1,0
41,4,4,5,5,2,2,1,18391,4,16,12,4,1,16,3.0,69047.72894688007,12784,50656.72894688007,0,0,1,0,1,0,0,1,0
20,39,4,2,5,3,3,1,19964,4,13,6,7,1,13,3.67,69047.72894688007,12784,49083.72894688007,0,1,0,0,1,0,0,1,0
57,22,3,3,3,4,2,1,18714,3,21,3,9,1,12,3.0,69047.72894688007,12784,50333.72894688007,0,1,0,0,1,0,0,1,0
58,23,4,3,4,1,3,2,18993,2,8,8,1,0,9,2.67,102997.714045,2542,84004.714045,0,1,0,0,1,0,1,0,0
47,26,3,4,1,2,1,4,12789,3,8,7,0,0,7,1.33,69047.72894688007,12784,56258.72894688007,0,1,0,1,0,0,1,0,0
47,22,1,2,5,1,1,2,14641,4,24,2,2,0,4,2.33,102997.714045,2542,88356.714045,1,1,0,0,1,0,0,1,1
46,35,1,4,3,1,2,2,10793,4,14,13,5,1,18,2.0,69047.72894688007,12784,58254.72894688007,1,0,1,1,0,0,0,1,1
48,26,1,3,1,2,1,1,9355,2,5,7,0,0,7,1.33,69047.72894688007,12784,59692.72894688007,0,0,1,1,0,1,0,0,0
53,48,3,1,4,1,4,4,14642,4,22,2,7,1,9,3.0,69047.72894688007,12784,54405.72894688007,1,0,0,0,1,0,0,1,0
50,28,3,4,1,4,2,3,16880,4,3,2,1,0,3,2.33,69047.72894688007,12784,52167.72894688007,1,0,1,0,1,1,0,0,0
52,49,4,1,5,4,3,1,9020,1,7,9,5,1,14,4.0,69047.72894688007,12784,60027.72894688007,0,1,0,1,0,0,1,0,0
32,32,1,5,4,4,2,4,4234,4,2,10,2,0,12,3.33,102997.714045,2542,98763.714045,0,1,0,0,0,0,0,0,0
50,14,3,1,1,2,4,3,9883,4,5,1,6,1,7,2.33,69047.72894688007,12784,59164.72894688007,1,0,0,1,0,1,0,0,0
38,16,2,3,1,3,2,2,15260,4,15,13,1,0,14,2.0,69047.72894688007,12784,53787.72894688007,1,0,0,0,1,0,0,1,0
32,3,3,3,4,3,4,3,11159,3,7,7,7,1,14,3.67,69047.72894688007,12784,57888.72894688007,0,1,0,1,0,0,1,0,0
26,33,1,5,3,3,4,3,16659,3,11,12,4,1,16,3.33,69047.72894688007,12784,52388.72894688007,0,0,0,0,1,0,0,1,0
39,10,3,3,3,3,3,3,13464,7,4,3,2,0,5,3.0,69047.72894688007,12784,55583.72894688007,0,1,0,1,0,1,0,0,0
56,10,1,5,2,2,2,1,9360,2,24,5,8,1,13,2.0,69047.72894688007,12784,59687.72894688007,0,0,1,1,0,0,0,1,0
29,48,3,3,5,3,2,4,11989,4,18,7,7,1,14,3.33,102997.714045,2542,91008.714045,1,0,1,1,0,0,0,1,0
26,45,4,4,3,2,2,4,9223,2,5,9,8,1,17,2.33,102997.714045,2542,93774.714045,0,0,0,1,0,1,0,0,1
23,5,3,2,2,2,1,4,13613,1,25,2,2,0,4,1.67,69047.72894688007,12784,55434.72894688007,0,0,1,1,0,0,0,1,0
52,33,1,1,5,2,2,1,9302,4,8,7,4,1,11,3.0,69047.72894688007,12784,59745.72894688007,0,0,0,1,0,0,1,0,1
41,6,3,3,3,4,2,3,9241,1,10,8,8,1,16,3.0,91683.75438596492,139,82442.75438596492,0,1,0,1,0,0,1,0,0
44,5,4,3,1,1,1,3,8439,3,9,2,3,1,5,1.0,69047.72894688007,12784,60608.72894688007,1,0,1,1,0,0,1,0,1
53,25,3,4,4,1,3,2,12062,4,11,2,7,1,9,2.67,69047.72894688007,12784,56985.72894688007,1,0,0,1,0,0,0,1,0
32,28,2,2,4,2,4,4,4007,4,4,13,2,0,15,3.33,102997.714045,2542,98990.714045,1,0,1,0,0,1,0,0,0
51,5,3,3,3,4,4,3,19713,3,23,13,9,1,22,3.67,69047.72894688007,12784,49334.72894688007,1,1,0,0,1,0,0,1,1
31,8,2,1,2,1,3,4,1261,1,1,0,0,0,0,2.0,89817.88593023256,119,88556.88593023256,0,1,0,0,0,0,0,0,1
47,4,2,2,5,3,4,1,3178,4,18,1,4,1,5,4.0,69047.72894688007,12784,65869.72894688007,1,0,0,0,0,0,0,1,0
35,12,3,5,2,2,1,1,9620,4,23,10,2,0,12,1.67,69047.72894688007,12784,59427.72894688007,0,0,0,1,0,0,0,1,0
24,4,3,2,2,3,4,3,9058,4,2,7,4,1,11,3.0,69047.72894688007,12784,59989.72894688007,1,0,1,1,0,0,0,0,0
32,45,1,1,2,4,1,3,7256,3,26,12,3,1,15,2.33,69047.72894688007,12784,61791.72894688007,0,0,0,0,0,0,0,1,1
59,30,1,4,3,1,1,2,19639,3,15,7,5,1,12,1.67,102997.714045,2542,83358.714045,0,1,0,0,1,0,0,1,0
27,10,2,3,3,2,3,1,15244,2,16,14,5,1,19,2.67,69047.72894688007,12784,53803.72894688007,1,1,0,0,1,0,0,1,0
36,3,4,2,1,4,1,3,6842,6,5,4,0,0,4,2.0,69047.72894688007,12784,62205.72894688007,0,0,0,0,0,1,0,0,0
49,19,3,3,3,4,1,3,15304,2,6,5,7,1,12,2.67,69047.72894688007,12784,53743.72894688007,1,0,0,0,1,0,1,0,0
55,41,2,4,4,4,1,3,15164,3,9,5,6,1,11,3.0,69047.72894688007,12784,53883.72894688007,0,0,0,0,1,0,1,0,0
55,46,1,3,5,1,1,2,4527,4,24,11,4,1,15,2.33,69047.72894688007,12784,64520.72894688007,0,0,1,0,0,0,0,1,0
29,29,3,2,1,4,4,2,4212,2,2,11,7,1,18,3.0,102997.714045,2542,98785.714045,1,0,0,0,0,0,0,0,0
55,29,3,4,2,3,2,4,17794,4,23,13,2,0,15,2.33,102997.714045,2542,85203.714045,0,0,1,0,1,0,0,1,0
24,42,4,1,5,3,4,1,4950,1,12,7,1,0,8,4.0,69047.72894688007,12784,64097.72894688007,0,0,0,0,0,0,0,1,0
35,16,2,1,4,1,1,1,16523,3,5,11,1,0,12,2.0,102997.714045,2542,86474.714045,0,1,0,0,1,1,0,0,0
24,14,1,4,4,2,2,2,14051,3,10,1,9,1,10,2.67,69047.72894688007,12784,54996.72894688007,1,0,1,0,1,0,1,0,0
55,37,2,3,4,3,3,3,14645,2,26,5,5,1,10,3.33,69047.72894688007,12784,54402.72894688007,1,0,0,0,1,0,0,1,0
42,7,1,3,3,3,2,1,6929,3,19,1,4,1,5,2.67,102997.714045,2542,96068.714045,1,0,0,0,0,0,0,1,1
40,2,3,1,1,3,4,2,3377,4,4,3,0,0,3,2.67,17372.83423076923,33,13995.83423076923,0,0,1,0,0,1,0,0,0
31,26,2,3,4,3,4,1,6623,4,6,12,5,1,17,3.67,69047.72894688007,12784,62424.72894688007,0,1,0,0,0,0,1,0,0
21,2,2,1,3,4,1,1,18128,2,2,2,7,1,9,2.67,69047.72894688007,12784,50919.72894688007,1,0,0,0,1,0,0,0,1
32,5,3,1,2,2,2,3,2718,2,7,7,0,0,7,2.0,89817.88593023256,119,87099.88593023256,0,1,0,0,0,0,1,0,0
50,37,2,3,1,3,1,4,9843,1,11,10,4,1,14,1.67,69047.72894688007,12784,59204.72894688007,1,1,0,1,0,0,0,1,0
38,19,1,5,5,3,1,4,11135,4,19,3,1,0,4,3.0,102997.714045,2542,91862.714045,0,1,0,1,0,0,0,1,0
34,49,3,1,1,3,1,3,11589,3,3,14,4,1,18,1.67,69047.72894688007,12784,57458.72894688007,0,0,0,1,0,1,0,0,0
22,24,1,4,5,1,1,2,17269,4,14,9,4,1,13,2.33,69047.72894688007,12784,51778.72894688007,1,0,0,0,1,0,0,1,0
51,29,3,2,3,1,4,4,15630,2,22,5,3,1,8,2.67,69047.72894688007,12784,53417.72894688007,1,0,1,0,1,0,0,1,0
28,2,1,5,5,1,3,4,7533,3,7,9,7,1,16,3.0,69047.72894688007,12784,61514.72894688007,0,0,0,0,0,0,1,0,0
40,1,1,5,1,1,3,3,16225,1,13,13,7,1,20,1.67,69047.72894688007,12784,52822.72894688007,0,0,1,0,1,0,0,1,0
43,13,3,4,5,2,1,1,5892,4,5,1,5,1,6,2.67,102997.714045,2542,97105.714045,0,0,1,0,0,1,0,0,0
43,36,3,3,1,1,3,1,19488,3,24,4,2,0,6,1.67,69047.72894688007,12784,49559.72894688007,1,1,0,0,1,0,0,1,0
21,6,4,2,3,2,2,3,14933,2,12,8,4,1,12,2.33,69047.72894688007,12784,54114.72894688007,1,0,0,0,1,0,0,1,0
48,7,2,4,5,3,2,4,10317,3,26,4,4,1,8,3.33,69047.72894688007,12784,58730.72894688007,0,0,0,1,0,0,0,1,0
58,34,1,5,5,4,3,1,11908,2,4,7,8,1,15,4.0,69047.72894688007,12784,57139.72894688007,0,0,1,1,0,1,0,0,0
29,9,3,1,3,4,3,3,2974,9,5,3,1,0,4,3.33,17372.83423076923,33,14398.83423076923,0,0,1,0,0,1,0,0,0
51,21,1,2,2,2,4,3,3986,2,7,12,4,1,16,2.67,102997.714045,2542,99011.714045,1,1,0,0,0,0,1,0,1
39,4,3,1,1,1,4,3,11322,4,15,10,2,0,12,2.0,69047.72894688007,12784,57725.72894688007,0,1,0,1,0,0,0,1,0
42,28,4,5,3,1,3,4,3918,1,11,1,3,1,4,2.33,69047.72894688007,12784,65129.72894688007,1,0,0,0,0,0,0,1,0
29,38,4,5,3,1,4,4,9565,3,25,9,2,0,11,2.67,69047.72894688007,12784,59482.72894688007,0,0,1,1,0,0,0,1,0
32,9,2,4,1,4,2,2,4488,1,29,7,3,1,10,2.33,69047.72894688007,12784,64559.72894688007,1,0,1,0,0,0,0,1,0
25,24,4,4,1,1,3,2,8071,3,3,6,3,1,9,1.67,69047.72894688007,12784,60976.72894688007,1,1,0,1,0,1,0,0,0
46,37,2,1,5,4,1,1,3745,3,3,12,1,0,13,3.33,69047.72894688007,12784,65302.72894688007,1,1,0,0,0,1,0,0,0
21,34,2,1,1,3,2,1,11232,2,24,12,0,0,12,2.0,69047.72894688007,12784,57815.72894688007,1,0,0,1,0,0,0,1,0
37,22,4,5,4,3,1,4,8172,3,9,3,5,1,8,2.67,102997.714045,2542,94825.714045,1,0,0,1,0,0,1,0,0
52,46,3,3,3,2,3,2,14517,3,17,13,7,1,20,2.67,69047.72894688007,12784,54530.72894688007,1,0,0,0,1,0,0,1,1
50,2,3,4,3,3,4,3,17639,5,4,3,0,0,3,3.33,69047.72894688007,12784,51408.72894688007,0,0,1,0,1,1,0,0,0
26,2,2,4,4,3,2,1,6261,2,13,11,1,0,12,3.0,69047.72894688007,12784,62786.72894688007,0,1,0,0,0,0,0,1,0
24,22,3,3,1,2,3,3,7289,3,21,6,1,0,7,2.0,69047.72894688007,12784,61758.72894688007,1,0,1,0,0,0,0,1,0
52,32,1,1,4,4,4,3,4234,3,17,12,5,1,17,4.0,69047.72894688007,12784,64813.72894688007,1,0,0,0,0,0,0,1,0
46,14,4,3,3,3,2,3,11666,1,13,13,7,1,20,2.67,69047.72894688007,12784,57381.72894688007,1,0,1,1,0,0,0,1,0
40,9,3,1,2,4,4,3,3617,8,1,1,0,0,1,3.33,89817.88593023256,119,86200.88593023256,1,0,0,0,0,0,0,0,0
45,44,2,1,4,2,2,1,7389,4,5,14,0,0,14,2.67,69047.72894688007,12784,61658.72894688007,0,0,1,0,0,1,0,0,0
38,44,2,4,5,3,3,3,6915,1,11,9,7,1,16,3.67,69047.72894688007,12784,62132.72894688007,1,0,1,0,0,0,0,1,1
30,25,1,5,3,1,3,3,17432,4,7,10,9,1,19,2.33,102997.714045,2542,85565.714045,1,0,1,0,1,0,1,0,0
41,38,4,5,2,3,4,4,6383,2,11,5,5,1,10,3.0,69047.72894688007,12784,62664.72894688007,1,0,0,0,0,0,0,1,0
48,6,2,2,3,1,4,3,4240,2,2,2,2,0,4,2.67,69047.72894688007,12784,64807.72894688007,0,1,0,0,0,0,0,0,0
38,13,1,3,3,2,3,2,17525,4,23,7,2,0,9,2.67,69047.72894688007,12784,51522.72894688007,1,0,0,0,1,0,0,1,0
53,12,3,1,3,2,1,2,11338,1,6,10,8,1,18,2.0,69047.72894688007,12784,57709.72894688007,0,0,0,1,0,0,1,0,0
59,42,1,5,2,3,3,4,7904,2,24,12,8,1,20,2.67,69047.72894688007,12784,61143.72894688007,0,0,1,1,0,0,0,1,0
37,38,3,5,5,4,3,2,18344,3,14,2,4,1,6,4.0,69047.72894688007,12784,50703.72894688007,0,0,0,0,1,0,0,1,1
45,28,3,1,4,4,4,3,2132,4,5,4,0,0,4,4.0,89817.88593023256,119,87685.88593023256,0,0,1,0,0,1,0,0,0
37,15,1,1,5,3,2,1,4439,2,3,7,5,1,12,3.33,69047.72894688007,12784,64608.72894688007,0,0,0,0,0,1,0,0,1
27,37,1,4,1,1,3,1,14399,1,6,13,3,1,16,1.67,69047.72894688007,12784,54648.72894688007,0,0,1,0,1,0,1,0,1
58,22,3,4,4,3,2,4,11271,2,11,6,5,1,11,3.0,69047.72894688007,12784,57776.72894688007,0,1,0,1,0,0,0,1,0
38,6,2,1,4,2,1,4,16860,4,28,7,2,0,9,2.33,69047.72894688007,12784,52187.72894688007,1,1,0,0,1,0,0,1,0
35,2,3,1,1,1,4,3,2074,1,1,0,0,0,0,2.0,17372.83423076923,33,15298.83423076923,1,0,0,0,0,0,0,0,1
20,20,4,3,3,4,1,1,12294,2,20,6,0,0,6,2.67,102997.714045,2542,90703.714045,1,1,0,1,0,0,0,1,0
45,42,2,2,1,3,1,3,11531,4,24,6,9,1,15,1.67,69047.72894688007,12784,57516.72894688007,1,1,0,1,0,0,0,1,0
21,10,2,1,1,3,1,2,1416,1,1,0,1,0,1,1.67,17372.83423076923,33,15956.83423076923,0,1,0,0,0,0,0,0,1
46,4,4,5,1,4,1,1,6423,4,13,12,4,1,16,2.0,69047.72894688007,12784,62624.72894688007,0,0,0,0,0,0,0,1,0
21,38,2,5,5,3,1,1,19641,4,5,11,6,1,17,3.0,69047.72894688007,12784,49406.72894688007,0,1,0,0,1,1,0,0,1
38,2,4,2,1,1,4,3,5980,6,15,7,4,1,11,2.0,69047.72894688007,12784,63067.72894688007,1,1,0,0,0,0,0,1,0
22,33,3,1,5,4,1,2,11536,2,21,6,5,1,11,3.33,69047.72894688007,12784,57511.72894688007,0,1,0,1,0,0,0,1,0
32,44,3,2,4,4,2,3,4533,4,3,13,1,0,14,3.33,69047.72894688007,12784,64514.72894688007,0,0,1,0,0,1,0,0,0
48,36,3,5,1,1,2,3,5004,3,5,3,7,1,10,1.33,69047.72894688007,12784,64043.72894688007,0,1,0,0,0,1,0,0,0
37,16,1,3,3,1,2,2,3335,4,18,1,3,1,4,2.0,69047.72894688007,12784,65712.72894688007,1,0,0,0,0,0,0,1,0
26,39,3,4,5,2,4,3,9447,3,14,12,6,1,18,3.67,69047.72894688007,12784,59600.72894688007,1,0,1,1,0,0,0,1,0
47,37,2,5,5,1,1,1,12389,4,27,5,4,1,9,2.33,69047.72894688007,12784,56658.72894688007,0,0,1,1,0,0,0,1,1
52,15,3,3,2,3,2,3,10315,4,1,4,4,1,8,2.33,69047.72894688007,12784,58732.72894688007,1,0,1,1,0,0,0,0,0
50,45,3,2,5,4,3,2,12575,2,25,1,0,0,1,4.0,102997.714045,2542,90422.714045,1,0,1,1,0,0,0,1,0
21,36,4,2,5,1,4,4,18028,4,15,7,1,0,8,3.33,69047.72894688007,12784,51019.72894688007,1,0,0,0,1,0,0,1,0
24,9,1,5,4,1,3,3,3740,1,28,6,0,0,6,2.67,69047.72894688007,12784,65307.72894688007,1,0,1,0,0,0,0,1,1
25,38,2,4,5,2,4,2,14247,1,7,12,2,0,14,3.67,69047.72894688007,12784,54800.72894688007,1,1,0,0,1,0,1,0,1
28,48,2,4,5,4,1,4,4749,1,21,13,5,1,18,3.33,69047.72894688007,12784,64298.72894688007,1,0,1,0,0,0,0,1,0
42,15,3,2,1,3,2,4,19656,4,2,13,3,1,16,2.0,69047.72894688007,12784,49391.72894688007,0,0,0,0,1,0,0,0,1
58,15,2,5,1,2,2,3,3896,2,27,11,5,1,16,1.67,102997.714045,2542,99101.714045,0,0,0,0,0,0,0,1,0
33,9,2,4,2,3,4,1,12780,3,15,7,8,1,15,3.0,69047.72894688007,12784,56267.72894688007,1,1,0,1,0,0,0,1,0
36,39,2,5,2,4,2,4,3733,1,20,12,7,1,19,2.67,69047.72894688007,12784,65314.72894688007,0,1,0,0,0,0,0,1,0
25,6,4,4,1,2,2,3,5759,4,18,11,8,1,19,1.67,69047.72894688007,12784,63288.72894688007,0,0,0,0,0,0,0,1,0
29,7,2,2,5,1,1,1,4304,3,23,3,4,1,7,2.33,102997.714045,2542,98693.714045,0,1,0,0,0,0,0,1,0
37,22,1,5,1,1,4,3,4414,4,14,14,8,1,22,2.0,69047.72894688007,12784,64633.72894688007,1,0,0,0,0,0,0,1,0
22,16,1,3,4,2,3,3,14607,1,26,7,1,0,8,3.0,69047.72894688007,12784,54440.72894688007,1,0,1,0,1,0,0,1,0
40,2,3,5,4,4,2,1,7208,1,22,12,5,1,17,3.33,102997.714045,2542,95789.714045,1,1,0,0,0,0,0,1,0
41,15,1,2,2,1,3,3,9800,3,5,8,1,0,9,2.0,69047.72894688007,12784,59247.72894688007,0,0,1,1,0,1,0,0,0
50,25,2,2,4,3,3,2,3717,3,15,8,4,1,12,3.33,69047.72894688007,12784,65330.72894688007,0,0,1,0,0,0,0,1,0
26,13,4,3,1,4,1,1,19216,2,2,12,6,1,18,2.0,69047.72894688007,12784,49831.72894688007,0,1,0,0,1,0,0,0,0
55,24,4,4,3,3,4,2,7441,1,22,3,6,1,9,3.33,102997.714045,2542,95556.714045,0,1,0,0,0,0,0,1,0
36,31,3,4,3,2,3,2,14478,4,16,1,8,1,9,2.67,69047.72894688007,12784,54569.72894688007,1,0,0,0,1,0,0,1,0
41,26,3,5,5,2,3,3,15057,1,7,12,5,1,17,3.33,69047.72894688007,12784,53990.72894688007,1,0,1,0,1,0,1,0,0
51,10,1,5,5,3,1,2,11766,4,19,5,7,1,12,3.0,69047.72894688007,12784,57281.72894688007,0,0,1,1,0,0,0,1,0
40,35,3,5,4,3,1,4,8019,2,9,5,0,0,5,2.67,69047.72894688007,12784,61028.72894688007,1,1,0,1,0,0,1,0,0
44,45,1,1,1,1,2,4,14359,4,11,7,2,0,9,1.33,69047.72894688007,12784,54688.72894688007,1,1,0,0,1,0,0,1,0
49,37,1,5,3,2,3,2,7966,4,10,14,3,1,17,2.67,69047.72894688007,12784,61081.72894688007,1,1,0,1,0,0,1,0,0
42,9,3,4,3,4,2,1,15302,4,3,11,5,1,16,3.0,69047.72894688007,12784,53745.72894688007,0,0,1,0,1,1,0,0,1
24,19,3,4,5,1,1,3,10896,1,2,7,9,1,16,2.33,69047.72894688007,12784,58151.72894688007,0,0,0,1,0,0,0,0,1
44,10,3,2,4,4,4,4,6465,2,4,2,1,0,3,4.0,69047.72894688007,12784,62582.72894688007,1,0,1,0,0,1,0,0,0
22,49,4,1,2,3,1,2,18443,3,11,4,8,1,12,2.0,69047.72894688007,12784,50604.72894688007,1,0,0,0,1,0,0,1,0
25,47,4,5,1,4,1,4,3234,4,9,2,1,0,3,2.0,69047.72894688007,12784,65813.72894688007,0,1,0,0,0,0,1,0,0
47,40,2,2,3,1,3,3,17235,2,9,8,5,1,13,2.33,69047.72894688007,12784,51812.72894688007,0,0,0,0,1,0,1,0,0
29,32,3,3,2,2,4,3,17482,4,19,14,7,1,21,2.67,102997.714045,2542,85515.714045,1,0,0,0,1,0,0,1,0
51,19,1,4,5,2,2,2,7109,4,4,2,4,1,6,3.0,69047.72894688007,12784,61938.72894688007,1,0,0,0,0,1,0,0,0
33,30,4,4,2,4,1,4,18377,3,20,3,8,1,11,2.33,69047.72894688007,12784,50670.72894688007,1,1,0,0,1,0,0,1,0
21,5,2,2,3,3,1,1,3314,3,1,2,6,1,8,2.33,69047.72894688007,12784,65733.72894688007,1,0,1,0,0,0,0,0,0
50,24,2,2,2,1,2,3,13681,1,17,2,2,0,4,1.67,69047.72894688007,12784,55366.72894688007,1,0,1,1,0,0,0,1,1
50,33,2,2,4,4,1,1,13387,4,9,6,4,1,10,3.0,69047.72894688007,12784,55660.72894688007,1,1,0,1,0,0,1,0,0
54,26,1,4,3,2,1,2,19733,2,10,11,9,1,20,2.0,69047.72894688007,12784,49314.72894688007,1,1,0,0,1,0,1,0,1
23,2,1,3,3,1,3,1,6459,2,5,6,2,0,8,2.33,69047.72894688007,12784,62588.72894688007,1,1,0,0,0,1,0,0,0
35,38,4,3,4,3,1,4,11049,1,2,1,3,1,4,2.67,102997.714045,2542,91948.714045,1,1,0,1,0,0,0,0,0
29,47,4,2,5,4,2,1,8239,2,14,2,9,1,11,3.67,69047.72894688007,12784,60808.72894688007,1,0,0,1,0,0,0,1,0
40,30,3,4,5,3,1,2,9551,3,7,10,4,1,14,3.0,102997.714045,2542,93446.714045,0,0,0,1,0,0,1,0,0
40,34,2,1,1,4,3,2,17648,3,28,11,0,0,11,2.67,69047.72894688007,12784,51399.72894688007,1,0,1,0,1,0,0,1,0
43,14,1,5,4,3,4,3,4975,2,20,1,4,1,5,3.67,69047.72894688007,12784,64072.72894688007,1,0,1,0,0,0,0,1,0
49,3,4,3,5,4,1,4,16252,1,11,10,0,0,10,3.33,69047.72894688007,12784,52795.72894688007,1,0,1,0,1,0,0,1,0
38,36,4,5,1,3,4,4,17977,2,6,8,0,0,8,2.67,69047.72894688007,12784,51070.72894688007,0,0,1,0,1,0,1,0,0
47,16,3,5,1,2,4,2,7502,1,25,2,2,0,4,2.33,102997.714045,2542,95495.714045,0,1,0,0,0,0,0,1,1
24,7,3,1,4,3,1,1,12024,1,11,11,3,1,14,2.67,69047.72894688007,12784,57023.72894688007,1,0,1,1,0,0,0,1,1
51,29,2,1,4,1,4,4,9872,4,2,7,6,1,13,3.0,69047.72894688007,12784,59175.72894688007,0,0,0,1,0,0,0,0,0
32,5,3,2,2,2,4,3,6524,1,10,8,5,1,13,2.67,91683.75438596492,139,85159.75438596492,0,0,1,0,0,0,1,0,0
46,21,1,3,1,3,1,4,19975,1,16,9,1,0,10,1.67,69047.72894688007,12784,49072.72894688007,1,0,0,0,1,0,0,1,0
34,5,3,2,1,4,4,2,9684,1,11,4,7,1,11,3.0,69047.72894688007,12784,59363.72894688007,0,1,0,1,0,0,0,1,0
28,24,3,1,5,3,1,3,14656,4,16,4,4,1,8,3.0,69047.72894688007,12784,54391.72894688007,0,1,0,0,1,0,0,1,1
48,28,2,5,1,1,2,4,7686,2,10,10,1,0,11,1.33,69047.72894688007,12784,61361.72894688007,0,0,1,1,0,0,1,0,1
49,2,2,1,5,2,4,2,11480,3,1,6,9,1,15,3.67,69047.72894688007,12784,57567.72894688007,1,0,1,1,0,0,0,0,0
33,1,4,2,1,3,1,3,5376,2,5,3,1,0,4,1.67,91683.75438596492,139,86307.75438596492,0,0,1,0,0,1,0,0,0
23,41,4,2,5,2,1,3,10424,4,14,13,1,0,14,2.67,102997.714045,2542,92573.714045,1,0,0,1,0,0,0,1,0
44,45,1,5,4,2,4,4,4000,3,1,4,4,1,8,3.33,69047.72894688007,12784,65047.72894688007,0,1,0,0,0,0,0,0,1
56,37,4,2,4,2,2,1,10236,1,16,3,6,1,9,2.67,69047.72894688007,12784,58811.72894688007,1,1,0,1,0,0,0,1,0
54,23,4,1,2,2,1,3,6776,4,24,14,5,1,19,1.67,69047.72894688007,12784,62271.72894688007,0,0,1,0,0,0,0,1,0
32,27,2,4,5,3,2,4,18846,4,2,3,7,1,10,3.33,102997.714045,2542,84151.714045,0,0,0,0,1,0,0,0,0
42,12,3,4,1,3,2,2,13758,0,21,9,13,1,22,2.0,91683.75438596492,139,77925.75438596492,1,1,0,0,1,0,0,1,1
43,1,1,5,1,2,1,3,14131,4,16,10,5,1,15,1.33,69047.72894688007,12784,54916.72894688007,0,0,1,0,1,0,0,1,1
45,6,2,2,1,1,1,2,9317,4,15,3,6,1,9,1.0,102997.714045,2542,93680.714045,0,0,0,1,0,0,0,1,0
45,3,3,4,2,2,3,4,19291,2,1,1,4,1,5,2.33,69047.72894688007,12784,49756.72894688007,1,0,1,0,1,0,0,0,0
31,3,2,2,2,2,3,2,17590,3,9,14,0,0,14,2.33,69047.72894688007,12784,51457.72894688007,1,1,0,0,1,0,1,0,0
24,15,2,4,4,2,2,4,12309,4,5,7,0,0,7,2.67,69047.72894688007,12784,56738.72894688007,0,1,0,1,0,1,0,0,0
40,12,2,4,5,2,1,1,9749,1,3,3,4,1,7,2.67,69047.72894688007,12784,59298.72894688007,0,1,0,1,0,1,0,0,0
35,49,4,1,4,3,3,4,13724,3,27,11,2,0,13,3.33,69047.72894688007,12784,55323.72894688007,1,0,1,1,0,0,0,1,0
34,2,4,5,3,4,3,4,12572,3,12,1,5,1,6,3.33,102997.714045,2542,90425.714045,1,0,1,1,0,0,0,1,1
26,3,4,4,5,2,2,2,4523,4,6,7,8,1,15,3.0,69047.72894688007,12784,64524.72894688007,0,1,0,0,0,0,1,0,0
42,39,4,1,2,3,4,3,15565,3,2,4,7,1,11,3.0,69047.72894688007,12784,53482.72894688007,0,0,1,0,1,0,0,0,0
50,18,2,3,4,4,3,1,17066,3,29,2,4,1,6,3.67,69047.72894688007,12784,51981.72894688007,1,0,1,0,1,0,0,1,0
34,43,4,5,4,3,1,4,17378,1,11,4,2,0,6,2.67,69047.72894688007,12784,51669.72894688007,0,0,0,0,1,0,0,1,1
34,30,2,2,1,1,1,2,7621,3,15,8,8,1,16,1.0,69047.72894688007,12784,61426.72894688007,1,0,0,1,0,0,0,1,0
57,3,3,1,1,3,2,4,15050,2,2,2,6,1,8,2.0,69047.72894688007,12784,53997.72894688007,0,1,0,0,1,0,0,0,0
48,34,2,2,2,3,1,2,8848,2,19,12,5,1,17,2.0,102997.714045,2542,94149.714045,0,1,0,1,0,0,0,1,1
40,3,1,5,4,3,3,3,10552,4,20,2,9,1,11,3.33,69047.72894688007,12784,58495.72894688007,1,0,0,1,0,0,0,1,0
39,27,1,1,4,3,2,1,18757,3,17,11,9,1,20,3.0,102997.714045,2542,84240.714045,1,1,0,0,1,0,0,1,1
55,38,1,3,1,2,4,3,11478,2,6,14,5,1,19,2.33,69047.72894688007,12784,57569.72894688007,0,0,1,1,0,0,1,0,0
20,17,4,3,2,3,1,2,4569,4,16,4,1,0,5,2.0,69047.72894688007,12784,64478.72894688007,0,0,0,0,0,0,0,1,0
41,12,1,1,4,2,2,4,14110,2,28,1,7,1,8,2.67,69047.72894688007,12784,54937.72894688007,1,0,0,0,1,0,0,1,0
28,2,2,1,1,3,3,2,2561,7,0,0,0,0,0,2.33,17372.83423076923,33,14811.83423076923,0,1,0,0,0,0,0,0,1
26,6,2,1,2,3,3,2,2368,1,5,4,4,1,8,2.67,89817.88593023256,119,87449.88593023256,0,0,1,0,0,1,0,0,0
36,1,3,4,3,2,4,1,17234,3,18,6,3,1,9,3.0,102997.714045,2542,85763.714045,1,0,0,0,1,0,0,1,0
51,25,4,2,4,2,1,1,18015,3,5,11,9,1,20,2.33,69047.72894688007,12784,51032.72894688007,1,0,1,0,1,1,0,0,1
55,15,3,5,3,2,1,2,9304,2,16,9,3,1,12,2.0,102997.714045,2542,93693.714045,0,0,0,1,0,0,0,1,0
26,19,1,5,1,4,4,4,7201,1,3,1,1,0,2,3.0,102997.714045,2542,95796.714045,0,1,0,0,0,1,0,0,0
38,12,1,3,5,3,2,3,18026,3,1,11,4,1,15,3.33,69047.72894688007,12784,51021.72894688007,1,1,0,0,1,0,0,0,0
53,41,1,4,5,3,2,3,8877,4,3,2,0,0,2,3.33,102997.714045,2542,94120.714045,0,0,1,1,0,1,0,0,0
47,36,4,3,5,4,3,4,19594,1,17,7,9,1,16,4.0,102997.714045,2542,83403.714045,1,0,1,0,1,0,0,1,0
40,46,2,1,3,4,1,2,3475,1,17,3,1,0,4,2.67,69047.72894688007,12784,65572.72894688007,0,0,0,0,0,0,0,1,1
39,4,1,3,3,2,2,1,16376,4,13,3,1,0,4,2.33,69047.72894688007,12784,52671.72894688007,0,0,1,0,1,0,0,1,0
23,47,3,4,1,2,1,1,7644,3,4,12,4,1,16,1.33,69047.72894688007,12784,61403.72894688007,0,0,0,1,0,1,0,0,0
39,47,3,3,2,3,1,2,10400,2,17,1,0,0,1,2.0,102997.714045,2542,92597.714045,1,0,1,1,0,0,0,1,0
32,14,2,1,1,2,4,4,14048,3,23,2,3,1,5,2.33,69047.72894688007,12784,54999.72894688007,0,1,0,0,1,0,0,1,1
33,49,3,1,2,1,4,2,15631,4,28,1,6,1,7,2.33,69047.72894688007,12784,53416.72894688007,0,0,1,0,1,0,0,1,0
48,21,1,4,2,2,3,2,7694,2,14,7,9,1,16,2.33,69047.72894688007,12784,61353.72894688007,1,1,0,1,0,0,0,1,0
55,2,1,5,3,4,4,3,19187,4,19,9,9,1,18,3.67,102997.714045,2542,83810.714045,0,0,1,0,1,0,0,1,0
36,49,1,4,3,1,2,4,8320,2,17,1,8,1,9,2.0,69047.72894688007,12784,60727.72894688007,1,0,0,1,0,0,0,1,0
30,3,3,1,1,4,3,3,2657,5,5,2,0,0,2,2.67,89817.88593023256,119,87160.88593023256,1,1,0,0,0,1,0,0,1
24,36,4,4,3,4,1,4,11135,2,24,6,5,1,11,2.67,69047.72894688007,12784,57912.72894688007,0,1,0,1,0,0,0,1,1
42,3,3,1,4,1,3,4,14676,1,6,12,9,1,21,2.67,69047.72894688007,12784,54371.72894688007,1,0,0,0,1,0,1,0,0
59,48,1,4,4,1,1,3,6566,4,19,11,4,1,15,2.0,69047.72894688007,12784,62481.72894688007,1,1,0,0,0,0,0,1,0
22,34,3,5,3,2,2,3,10459,2,21,9,4,1,13,2.33,69047.72894688007,12784,58588.72894688007,1,0,0,1,0,0,0,1,0
35,14,1,1,5,3,3,3,4283,4,20,7,9,1,16,3.67,69047.72894688007,12784,64764.72894688007,1,1,0,0,0,0,0,1,0
53,20,3,1,5,4,1,2,10810,4,3,13,4,1,17,3.33,69047.72894688007,12784,58237.72894688007,0,0,0,1,0,1,0,0,1
36,44,3,5,4,3,1,3,6535,4,15,5,4,1,9,2.67,102997.714045,2542,96462.714045,1,0,0,0,0,0,0,1,1
25,2,3,1,2,3,3,3,2187,4,2,0,1,0,1,2.67,61845.10984536083,269,59658.10984536083,0,0,1,0,0,0,0,0,0
41,46,2,2,3,3,2,4,10695,2,18,11,1,0,12,2.67,69047.72894688007,12784,58352.72894688007,1,0,1,1,0,0,0,1,1
45,2,3,2,2,4,2,4,4805,0,8,7,3,1,10,2.67,91683.75438596492,139,86878.75438596492,0,0,1,0,0,0,1,0,0
55,2,2,5,1,3,2,3,19038,8,1,0,0,0,0,2.0,69047.72894688007,12784,50009.72894688007,0,0,1,0,1,0,0,0,0
33,1,2,1,3,2,3,2,2008,1,1,1,0,0,1,2.67,17372.83423076923,33,15364.83423076923,0,0,0,0,0,0,0,0,0
58,9,2,2,2,1,1,4,14934,2,24,9,3,1,12,1.33,69047.72894688007,12784,54113.72894688007,0,0,1,0,1,0,0,1,0
51,30,1,1,1,3,2,2,12613,4,7,2,1,0,3,2.0,102997.714045,2542,90384.714045,1,0,1,1,0,0,1,0,0
51,49,2,1,4,2,1,3,19629,3,10,9,4,1,13,2.33,69047.72894688007,12784,49418.72894688007,0,0,0,0,1,0,1,0,0
31,21,4,5,4,2,4,1,7766,2,26,7,4,1,11,3.33,69047.72894688007,12784,61281.72894688007,0,0,0,1,0,0,0,1,1
46,49,2,4,5,2,4,4,15449,4,25,2,3,1,5,3.67,69047.72894688007,12784,53598.72894688007,0,1,0,0,1,0,0,1,0
40,32,2,4,5,3,2,1,17996,4,8,7,7,1,14,3.33,69047.72894688007,12784,51051.72894688007,1,0,0,0,1,0,1,0,0
28,31,1,5,3,4,2,1,14491,4,4,2,9,1,11,3.0,69047.72894688007,12784,54556.72894688007,1,0,1,0,1,1,0,0,0
25,16,1,1,2,2,3,3,18939,3,11,4,9,1,13,2.33,69047.72894688007,12784,50108.72894688007,1,1,0,0,1,0,0,1,0
35,4,4,2,4,4,1,1,14783,3,2,6,5,1,11,3.0,69047.72894688007,12784,54264.72894688007,0,0,1,0,1,0,0,0,0
20,39,4,3,2,3,3,1,5242,4,29,7,3,1,10,2.67,69047.72894688007,12784,63805.72894688007,1,1,0,0,0,0,0,1,0
22,8,2,4,1,4,4,1,9902,3,2,1,7,1,8,3.0,69047.72894688007,12784,59145.72894688007,0,1,0,1,0,0,0,0,0
24,6,4,3,1,2,2,2,11421,4,13,8,1,0,9,1.67,69047.72894688007,12784,57626.72894688007,0,1,0,1,0,0,0,1,0
26,8,3,2,4,2,3,2,13767,4,4,2,7,1,9,3.0,69047.72894688007,12784,55280.72894688007,1,0,1,0,1,1,0,0,0
29,6,1,1,4,4,3,2,17980,4,12,5,9,1,14,3.67,69047.72894688007,12784,51067.72894688007,1,0,1,0,1,0,0,1,0
39,17,2,4,4,1,2,2,7485,4,22,12,4,1,16,2.33,69047.72894688007,12784,61562.72894688007,0,0,0,0,0,0,0,1,0
53,31,4,3,2,1,1,3,3776,4,14,12,4,1,16,1.33,69047.72894688007,12784,65271.72894688007,1,0,1,0,0,0,0,1,0
27,19,2,4,3,3,1,3,11522,2,15,3,0,0,3,2.33,69047.72894688007,12784,57525.72894688007,1,0,1,1,0,0,0,1,0
29,29,4,4,5,3,3,4,9400,3,22,7,6,1,13,3.67,69047.72894688007,12784,59647.72894688007,1,1,0,1,0,0,0,1,0
39,23,4,4,3,4,2,2,19965,2,9,12,6,1,18,3.0,102997.714045,2542,83032.714045,0,0,1,0,1,0,1,0,0
57,18,3,1,3,1,3,2,10355,3,2,5,1,0,6,2.33,69047.72894688007,12784,58692.72894688007,1,0,1,1,0,0,0,0,0
41,2,3,1,3,1,3,4,6126,1,16,2,6,1,8,2.33,69047.72894688007,12784,62921.72894688007,0,0,0,0,0,0,0,1,0
23,18,1,5,3,3,4,1,5516,1,13,5,4,1,9,3.33,69047.72894688007,12784,63531.72894688007,0,1,0,0,0,0,0,1,1
38,23,1,2,2,3,3,3,12966,1,21,4,0,0,4,2.67,69047.72894688007,12784,56081.72894688007,0,0,0,1,0,0,0,1,0
37,48,2,4,3,4,2,4,10966,1,28,11,7,1,18,3.0,69047.72894688007,12784,58081.72894688007,1,0,1,1,0,0,0,1,0
56,11,2,5,5,1,1,4,10452,3,6,7,7,1,14,2.33,69047.72894688007,12784,58595.72894688007,0,0,1,1,0,0,1,0,0
48,49,3,5,5,4,1,3,9132,1,9,11,7,1,18,3.33,69047.72894688007,12784,59915.72894688007,1,0,0,1,0,0,1,0,0
58,24,3,1,5,2,3,4,8680,4,12,1,7,1,8,3.33,69047.72894688007,12784,60367.72894688007,0,1,0,1,0,0,0,1,0
51,33,1,1,4,4,2,1,4287,4,22,11,2,0,13,3.33,69047.72894688007,12784,64760.72894688007,1,1,0,0,0,0,0,1,0
24,22,3,1,4,4,4,3,14590,2,29,9,6,1,15,4.0,69047.72894688007,12784,54457.72894688007,0,0,0,0,1,0,0,1,0
45,8,3,2,1,4,2,2,4410,2,17,4,0,0,4,2.33,69047.72894688007,12784,64637.72894688007,1,1,0,0,0,0,0,1,0
24,45,1,5,4,2,1,2,15223,1,20,8,4,1,12,2.33,69047.72894688007,12784,53824.72894688007,0,0,1,0,1,0,0,1,0
47,32,4,3,2,4,1,3,3023,2,8,6,9,1,15,2.33,102997.714045,2542,99974.714045,1,1,0,0,0,0,1,0,0
53,13,4,2,1,4,4,4,4533,3,7,9,7,1,16,3.0,69047.72894688007,12784,64514.72894688007,0,1,0,0,0,0,1,0,1
32,34,3,1,2,3,3,4,15569,2,4,3,4,1,7,2.67,69047.72894688007,12784,53478.72894688007,0,0,1,0,1,1,0,0,1
40,1,2,1,3,1,3,3,12685,3,1,10,5,1,15,2.33,69047.72894688007,12784,56362.72894688007,1,1,0,1,0,0,0,0,0
32,5,1,1,3,4,1,2,12987,2,29,11,7,1,18,2.67,69047.72894688007,12784,56060.72894688007,0,1,0,1,0,0,0,1,0
38,28,3,4,4,4,1,1,6464,3,11,3,2,0,5,3.0,69047.72894688007,12784,62583.72894688007,1,0,1,0,0,0,0,1,0
53,2,1,3,1,2,1,1,15527,1,1,5,7,1,12,1.33,69047.72894688007,12784,53520.72894688007,0,0,1,0,1,0,0,0,0
21,2,3,4,2,3,2,2,10815,2,23,5,7,1,12,2.33,69047.72894688007,12784,58232.72894688007,0,0,1,1,0,0,0,1,0
50,33,2,1,3,3,1,1,7148,3,10,10,9,1,19,2.33,69047.72894688007,12784,61899.72894688007,1,0,1,0,0,0,1,0,1
33,10,3,5,2,4,3,4,13328,4,26,13,7,1,20,3.0,69047.72894688007,12784,55719.72894688007,1,0,1,1,0,0,0,1,0
28,32,3,3,5,4,4,3,7971,3,15,2,0,0,2,4.33,102997.714045,2542,95026.714045,0,0,1,1,0,0,0,1,0
55,20,1,5,2,3,1,3,13976,3,21,7,7,1,14,2.0,102997.714045,2542,89021.714045,1,0,1,0,1,0,0,1,0
27,5,3,1,5,3,2,4,19837,3,11,7,6,1,13,3.33,69047.72894688007,12784,49210.72894688007,1,0,0,0,1,0,0,1,0
35,2,2,3,5,4,1,4,15931,3,9,3,2,0,5,3.33,69047.72894688007,12784,53116.72894688007,1,1,0,0,1,0,1,0,0
35,15,4,4,5,4,3,2,19773,1,10,1,7,1,8,4.0,69047.72894688007,12784,49274.72894688007,1,0,0,0,1,0,1,0,0
54,9,2,3,3,4,4,4,8394,2,20,9,1,0,10,3.67,69047.72894688007,12784,60653.72894688007,1,0,0,1,0,0,0,1,0
48,3,4,5,3,1,2,2,4806,2,26,8,5,1,13,2.0,69047.72894688007,12784,64241.72894688007,1,1,0,0,0,0,0,1,0
52,2,1,5,4,1,4,3,19845,1,32,14,6,1,20,3.0,102997.714045,2542,83152.714045,0,0,1,0,1,0,0,1,1
25,8,4,2,5,3,3,2,19570,2,29,9,5,1,14,3.67,102997.714045,2542,83427.714045,1,1,0,0,1,0,0,1,0
30,31,4,1,3,1,2,1,5260,2,20,4,1,0,5,2.0,102997.714045,2542,97737.714045,1,0,1,0,0,0,0,1,0
48,34,4,5,3,1,2,3,14227,3,6,12,8,1,20,2.0,69047.72894688007,12784,54820.72894688007,1,0,0,0,1,0,1,0,0
37,45,3,4,4,1,1,3,3519,1,26,2,0,0,2,2.0,69047.72894688007,12784,65528.72894688007,1,1,0,0,0,0,0,1,0
49,27,1,1,5,2,1,2,5057,4,20,13,6,1,19,2.67,69047.72894688007,12784,63990.72894688007,1,0,0,0,0,0,0,1,1
45,40,2,4,1,4,2,4,18094,3,2,12,2,0,14,2.33,102997.714045,2542,84903.714045,0,0,0,0,1,0,0,0,0
30,43,4,5,2,2,3,4,3640,4,1,9,1,0,10,2.33,69047.72894688007,12784,65407.72894688007,0,1,0,0,0,0,0,0,0
47,41,2,4,5,4,4,4,10101,4,8,5,8,1,13,4.33,69047.72894688007,12784,58946.72894688007,1,0,0,1,0,0,1,0,0
39,7,2,4,1,2,2,4,18333,3,20,14,3,1,17,1.67,102997.714045,2542,84664.714045,1,0,1,0,1,0,0,1,0
33,9,2,3,2,1,2,1,9971,2,15,6,2,0,8,1.67,69047.72894688007,12784,59076.72894688007,0,1,0,1,0,0,0,1,0
45,33,3,2,4,4,2,2,9972,3,28,7,0,0,7,3.33,69047.72894688007,12784,59075.72894688007,0,0,0,1,0,0,0,1,0
20,39,3,1,1,3,3,2,15686,2,29,12,1,0,13,2.33,69047.72894688007,12784,53361.72894688007,1,1,0,0,1,0,0,1,0
56,7,1,3,4,4,1,2,7260,4,6,4,0,0,4,3.0,69047.72894688007,12784,61787.72894688007,0,1,0,0,0,0,1,0,0
41,40,2,5,1,3,4,1,5228,2,3,11,8,1,19,2.67,102997.714045,2542,97769.714045,1,1,0,0,0,1,0,0,0
31,33,3,3,3,2,4,3,11413,3,23,5,8,1,13,3.0,69047.72894688007,12784,57634.72894688007,1,0,0,1,0,0,0,1,0
41,49,4,1,3,1,4,1,18184,1,29,7,1,0,8,2.67,69047.72894688007,12784,50863.72894688007,1,0,1,0,1,0,0,1,0
38,6,1,1,4,4,1,4,16413,4,26,8,8,1,16,3.0,102997.714045,2542,86584.714045,1,1,0,0,1,0,0,1,0
55,26,1,3,1,2,2,4,4224,2,28,8,5,1,13,1.67,102997.714045,2542,98773.714045,0,0,1,0,0,0,0,1,0
23,22,2,3,4,4,4,2,5203,4,29,11,0,0,11,4.0,69047.72894688007,12784,63844.72894688007,1,0,0,0,0,0,0,1,0
48,40,2,4,3,4,1,4,5663,4,3,14,7,1,21,2.67,69047.72894688007,12784,63384.72894688007,1,0,0,0,0,1,0,0,1
25,28,4,5,4,3,4,1,11735,1,23,12,9,1,21,3.67,102997.714045,2542,91262.714045,1,0,1,1,0,0,0,1,0
36,13,3,1,2,3,2,3,2143,4,5,2,0,0,2,2.33,61845.10984536083,269,59702.10984536083,0,0,1,0,0,1,0,0,0
31,7,4,1,2,3,2,4,17199,4,26,11,0,0,11,2.33,69047.72894688007,12784,51848.72894688007,0,1,0,0,1,0,0,1,0
55,31,4,3,1,3,2,4,12561,3,19,1,5,1,6,2.0,69047.72894688007,12784,56486.72894688007,1,1,0,1,0,0,0,1,0
35,29,1,3,1,1,2,4,16888,4,2,9,4,1,13,1.33,102997.714045,2542,86109.714045,0,0,1,0,1,0,0,0,0
37,33,2,3,3,3,1,4,15969,1,4,2,7,1,9,2.33,69047.72894688007,12784,53078.72894688007,0,1,0,0,1,1,0,0,0
31,13,4,1,1,3,3,3,9901,2,17,1,2,0,3,2.33,69047.72894688007,12784,59146.72894688007,0,1,0,1,0,0,0,1,0
22,20,1,2,3,1,4,1,18151,1,26,10,6,1,16,2.67,69047.72894688007,12784,50896.72894688007,1,1,0,0,1,0,0,1,0
51,42,4,3,3,1,4,3,8327,3,8,11,4,1,15,2.67,69047.72894688007,12784,60720.72894688007,1,0,1,1,0,0,1,0,0
48,7,3,2,3,2,4,2,18112,1,25,4,5,1,9,3.0,102997.714045,2542,84885.714045,0,0,0,0,1,0,0,1,0
41,35,1,3,4,3,2,2,10921,1,19,5,3,1,8,3.0,102997.714045,2542,92076.714045,0,0,0,1,0,0,0,1,0
41,45,3,3,4,4,2,3,11728,2,13,4,9,1,13,3.33,69047.72894688007,12784,57319.72894688007,0,0,1,1,0,0,0,1,1
52,34,4,5,5,2,2,3,12559,4,15,9,7,1,16,3.0,69047.72894688007,12784,56488.72894688007,0,0,1,1,0,0,0,1,1
34,36,2,3,2,4,1,2,18106,3,16,1,9,1,10,2.33,69047.72894688007,12784,50941.72894688007,0,1,0,0,1,0,0,1,0
36,11,2,2,4,2,1,2,6652,4,6,3,0,0,3,2.33,91683.75438596492,139,85031.75438596492,0,0,1,0,0,0,1,0,0
23,29,1,1,5,4,3,3,13568,2,25,11,5,1,16,4.0,69047.72894688007,12784,55479.72894688007,1,1,0,1,0,0,0,1,0
45,20,4,3,3,2,3,3,19086,3,8,3,6,1,9,2.67,102997.714045,2542,83911.714045,0,0,0,0,1,0,1,0,0
52,29,4,1,2,4,3,2,15869,3,3,9,8,1,17,3.0,69047.72894688007,12784,53178.72894688007,0,0,0,0,1,1,0,0,0
49,37,4,5,1,3,2,2,15968,2,22,11,7,1,18,2.0,102997.714045,2542,87029.714045,0,0,1,0,1,0,0,1,1
21,41,1,3,2,4,2,3,6657,4,16,4,5,1,9,2.67,102997.714045,2542,96340.714045,1,0,1,0,0,0,0,1,0
27,24,1,2,3,1,1,3,14773,2,8,1,5,1,6,1.67,69047.72894688007,12784,54274.72894688007,0,1,0,0,1,0,1,0,1
34,8,1,3,3,4,4,1,15067,1,25,11,4,1,15,3.67,102997.714045,2542,87930.714045,1,0,1,0,1,0,0,1,0
40,17,1,1,3,1,4,4,13665,3,27,9,6,1,15,2.67,102997.714045,2542,89332.714045,0,0,0,1,0,0,0,1,0
38,11,4,4,4,4,4,1,6927,4,9,9,2,0,11,4.0,69047.72894688007,12784,62120.72894688007,1,0,0,0,0,0,1,0,1
34,3,1,5,3,2,4,1,14867,2,2,9,1,0,10,3.0,69047.72894688007,12784,54180.72894688007,0,1,0,0,1,0,0,0,0
30,13,1,2,4,1,2,4,11653,3,21,6,4,1,10,2.33,69047.72894688007,12784,57394.72894688007,1,1,0,1,0,0,0,1,0
38,23,2,3,3,4,2,3,9526,0,9,7,1,0,8,3.0,69047.72894688007,12784,59521.72894688007,0,1,0,1,0,0,1,0,0
58,18,4,3,3,4,4,3,5653,3,5,6,4,1,10,3.67,69047.72894688007,12784,63394.72894688007,0,0,0,0,0,1,0,0,0
55,20,3,2,4,2,4,3,5415,3,10,7,0,0,7,3.33,17372.83423076923,33,11957.83423076923,1,0,1,0,0,0,1,0,0
48,25,1,4,1,4,3,1,19855,3,3,12,9,1,21,2.67,69047.72894688007,12784,49192.72894688007,0,0,0,0,1,1,0,0,0
44,22,3,3,5,2,1,3,13526,3,2,6,4,1,10,2.67,69047.72894688007,12784,55521.72894688007,0,1,0,1,0,0,0,0,1
32,15,1,3,5,2,4,3,13666,1,5,1,6,1,7,3.67,69047.72894688007,12784,55381.72894688007,1,1,0,1,0,1,0,0,0
21,33,4,5,2,4,3,2,18027,4,26,2,5,1,7,3.0,69047.72894688007,12784,51020.72894688007,0,1,0,0,1,0,0,1,1
53,20,4,1,3,4,4,2,7482,4,4,5,0,0,5,3.67,69047.72894688007,12784,61565.72894688007,0,0,1,0,0,1,0,0,0
41,34,1,1,3,4,2,4,13701,4,28,2,0,0,2,3.0,102997.714045,2542,89296.714045,1,0,1,1,0,0,0,1,0
53,17,2,5,4,4,2,3,6968,1,10,11,5,1,16,3.33,69047.72894688007,12784,62079.72894688007,0,0,0,0,0,0,1,0,0
43,16,2,3,2,1,3,4,9499,4,14,6,5,1,11,2.0,69047.72894688007,12784,59548.72894688007,0,0,0,1,0,0,0,1,0
29,45,4,5,3,4,4,3,18284,4,7,2,7,1,9,3.67,69047.72894688007,12784,50763.72894688007,0,0,0,0,1,0,1,0,0
44,17,1,2,5,3,1,1,11955,1,21,13,6,1,19,3.0,69047.72894688007,12784,57092.72894688007,0,0,1,1,0,0,0,1,0
56,22,1,3,3,3,1,3,18690,3,13,13,4,1,17,2.33,69047.72894688007,12784,50357.72894688007,0,0,1,0,1,0,0,1,0
23,22,3,3,3,4,3,4,13499,1,29,1,9,1,10,3.33,69047.72894688007,12784,55548.72894688007,1,1,0,1,0,0,0,1,1
31,12,3,2,4,4,3,1,5855,0,9,7,8,1,15,3.67,69047.72894688007,12784,63192.72894688007,1,0,1,0,0,0,1,0,0
21,23,3,2,4,4,3,4,14149,4,4,1,8,1,9,3.67,69047.72894688007,12784,54898.72894688007,1,1,0,0,1,1,0,0,0
56,13,3,4,5,3,3,2,16700,1,16,4,5,1,9,3.67,69047.72894688007,12784,52347.72894688007,0,0,1,0,1,0,0,1,1
32,38,2,5,3,3,4,2,5341,4,3,3,9,1,12,3.33,102997.714045,2542,97656.714045,0,0,1,0,0,1,0,0,0
43,31,2,5,4,4,1,4,3604,3,6,6,2,0,8,3.0,69047.72894688007,12784,65443.72894688007,0,1,0,0,0,0,1,0,0
40,30,4,5,4,4,4,2,10048,3,20,13,8,1,21,4.0,69047.72894688007,12784,58999.72894688007,1,1,0,1,0,0,0,1,0
51,28,3,1,3,3,3,2,8827,2,29,14,7,1,21,3.0,69047.72894688007,12784,60220.72894688007,1,1,0,1,0,0,0,1,0
42,35,2,2,4,4,2,1,15440,3,16,5,1,0,6,3.33,102997.714045,2542,87557.714045,0,0,1,0,1,0,0,1,0
31,18,3,3,2,3,4,4,3749,3,21,2,5,1,7,3.0,69047.72894688007,12784,65298.72894688007,0,0,1,0,0,0,0,1,0
38,25,2,2,5,2,4,2,5218,2,16,13,2,0,15,3.67,102997.714045,2542,97779.714045,1,1,0,0,0,0,0,1,1
21,20,2,5,1,1,1,1,14779,4,22,7,4,1,11,1.0,69047.72894688007,12784,54268.72894688007,0,0,0,0,1,0,0,1,0
59,18,1,3,5,1,1,1,8443,3,2,13,6,1,19,2.33,69047.72894688007,12784,60604.72894688007,1,0,0,1,0,0,0,0,0
53,17,4,4,3,2,3,4,9610,4,2,9,2,0,11,2.67,69047.72894688007,12784,59437.72894688007,1,0,1,1,0,0,0,0,1
26,10,2,1,3,1,2,2,9335,1,11,14,9,1,23,2.0,69047.72894688007,12784,59712.72894688007,0,0,0,1,0,0,0,1,0
58,8,1,2,1,4,4,3,12714,4,13,7,1,0,8,3.0,69047.72894688007,12784,56333.72894688007,1,0,1,1,0,0,0,1,0
38,22,4,4,4,1,4,1,19716,1,9,7,2,0,9,3.0,102997.714045,2542,83281.714045,0,0,1,0,1,0,1,0,0
51,11,4,1,5,3,3,3,6648,3,8,2,5,1,7,3.67,102997.714045,2542,96349.714045,0,1,0,0,0,0,1,0,1
57,2,4,2,1,4,2,2,11235,3,12,3,3,1,6,2.33,69047.72894688007,12784,57812.72894688007,0,0,1,1,0,0,0,1,1
24,31,1,5,3,3,4,3,15220,3,28,5,6,1,11,3.33,69047.72894688007,12784,53827.72894688007,1,0,1,0,1,0,0,1,0
37,37,1,4,5,1,3,2,5355,4,17,14,2,0,16,3.0,69047.72894688007,12784,63692.72894688007,1,0,1,0,0,0,0,1,0
38,5,1,3,5,2,3,3,17687,2,9,8,5,1,13,3.33,69047.72894688007,12784,51360.72894688007,1,0,1,0,1,0,1,0,0
37,13,1,4,4,4,4,1,11718,3,12,9,2,0,11,4.0,69047.72894688007,12784,57329.72894688007,1,0,0,1,0,0,0,1,0
55,15,2,2,5,2,2,4,12786,3,8,7,9,1,16,3.0,102997.714045,2542,90211.714045,0,0,1,1,0,0,1,0,0
40,1,3,2,4,3,4,3,6513,4,5,3,0,0,3,3.67,69047.72894688007,12784,62534.72894688007,0,0,0,0,0,1,0,0,0
34,9,3,2,3,2,1,2,5714,1,6,5,1,0,6,2.0,91683.75438596492,139,85969.75438596492,0,0,1,0,0,0,1,0,0
51,38,3,3,4,1,1,3,8834,2,17,12,9,1,21,2.0,69047.72894688007,12784,60213.72894688007,1,1,0,1,0,0,0,1,0
38,44,3,4,3,1,3,1,5125,1,24,3,3,1,6,2.33,69047.72894688007,12784,63922.72894688007,1,0,0,0,0,0,0,1,0
35,4,3,2,3,3,2,3,4249,1,9,6,1,0,7,2.67,89817.88593023256,119,85568.88593023256,1,1,0,0,0,0,1,0,0
39,38,1,3,4,4,3,4,4044,2,22,2,3,1,5,3.67,69047.72894688007,12784,65003.72894688007,0,0,1,0,0,0,0,1,1
35,36,3,4,4,1,2,3,16379,4,11,14,1,0,15,2.33,69047.72894688007,12784,52668.72894688007,0,1,0,0,1,0,0,1,0
25,13,3,4,4,2,2,1,10684,1,3,9,7,1,16,2.67,69047.72894688007,12784,58363.72894688007,1,0,0,1,0,1,0,0,1
43,34,2,4,4,3,2,4,9740,2,3,7,0,0,7,3.0,102997.714045,2542,93257.714045,0,1,0,1,0,1,0,0,0
37,9,1,2,1,2,2,4,13546,1,18,8,0,0,8,1.67,102997.714045,2542,89451.714045,1,0,0,1,0,0,0,1,1
31,26,2,1,2,1,1,4,11901,3,8,8,5,1,13,1.33,102997.714045,2542,91096.714045,0,0,1,1,0,0,1,0,0
44,27,2,1,4,2,4,1,5857,3,20,9,2,0,11,3.33,102997.714045,2542,97140.714045,1,1,0,0,0,0,0,1,0
48,10,4,1,3,1,2,2,10954,4,23,5,3,1,8,2.0,102997.714045,2542,92043.714045,1,1,0,1,0,0,0,1,0
36,11,3,1,4,4,2,1,7377,2,9,5,0,0,5,3.33,69047.72894688007,12784,61670.72894688007,1,1,0,0,0,0,1,0,0
25,36,1,3,5,3,3,3,10654,3,19,9,1,0,10,3.67,69047.72894688007,12784,58393.72894688007,0,0,1,1,0,0,0,1,0
25,47,3,5,2,4,2,3,17779,3,5,3,7,1,10,2.67,69047.72894688007,12784,51268.72894688007,0,1,0,0,1,1,0,0,0
49,8,4,3,2,1,4,2,18930,4,15,12,5,1,17,2.33,69047.72894688007,12784,50117.72894688007,0,0,0,0,1,0,0,1,0
28,2,4,5,3,1,1,1,11536,4,13,5,6,1,11,1.67,69047.72894688007,12784,57511.72894688007,0,0,0,1,0,0,0,1,0
54,3,4,5,1,4,2,4,14992,1,4,7,4,1,11,2.33,69047.72894688007,12784,54055.72894688007,1,0,0,0,1,1,0,0,0
34,49,1,5,3,4,1,3,8886,3,11,5,2,0,7,2.67,102997.714045,2542,94111.714045,1,0,1,1,0,0,0,1,0
36,43,2,2,1,3,2,2,7262,1,1,10,7,1,17,2.0,102997.714045,2542,95735.714045,0,0,1,0,0,0,0,0,0
51,11,1,3,4,1,3,3,6069,4,28,4,3,1,7,2.67,69047.72894688007,12784,62978.72894688007,1,0,1,0,0,0,0,1,0
40,29,1,3,3,4,4,1,3533,1,3,5,3,1,8,3.67,69047.72894688007,12784,65514.72894688007,1,0,1,0,0,1,0,0,0
48,5,4,5,1,3,3,3,9056,4,20,12,7,1,19,2.33,69047.72894688007,12784,59991.72894688007,0,0,1,1,0,0,0,1,0
47,34,1,1,3,2,1,4,8713,3,7,11,0,0,11,2.0,69047.72894688007,12784,60334.72894688007,1,0,0,1,0,0,1,0,0
36,19,3,4,4,3,3,4,3588,1,23,2,1,0,3,3.33,69047.72894688007,12784,65459.72894688007,0,1,0,0,0,0,0,1,1
24,1,4,2,4,3,3,4,17738,2,20,2,1,0,3,3.33,69047.72894688007,12784,51309.72894688007,1,1,0,0,1,0,0,1,0
55,36,3,2,4,2,1,1,4237,4,8,12,3,1,15,2.33,69047.72894688007,12784,64810.72894688007,1,0,0,0,0,0,1,0,0
47,46,3,5,4,2,2,1,13186,2,10,14,0,0,14,2.67,69047.72894688007,12784,55861.72894688007,0,0,1,1,0,0,1,0,0
53,3,2,5,3,1,3,1,14172,3,12,12,4,1,16,2.33,69047.72894688007,12784,54875.72894688007,0,0,0,0,1,0,0,1,0
49,1,1,1,4,3,4,1,19883,3,27,8,7,1,15,3.67,69047.72894688007,12784,49164.72894688007,1,0,1,0,1,0,0,1,0
29,44,3,5,1,4,4,4,17153,4,26,14,5,1,19,3.0,69047.72894688007,12784,51894.72894688007,1,0,1,0,1,0,0,1,0
45,2,2,1,3,2,4,3,2274,1,1,0,0,0,0,3.0,89817.88593023256,119,87543.88593023256,0,1,0,0,0,0,0,0,0
27,7,2,2,1,4,1,1,6811,8,7,6,0,0,6,2.0,69047.72894688007,12784,62236.72894688007,0,1,0,0,0,0,1,0,0
44,2,3,2,1,1,1,1,13539,1,23,12,7,1,19,1.0,69047.72894688007,12784,55508.72894688007,0,0,1,1,0,0,0,1,0
34,33,3,5,4,4,4,2,7243,2,8,12,7,1,19,4.0,69047.72894688007,12784,61804.72894688007,1,0,0,0,0,0,1,0,0
28,3,1,5,4,3,3,1,18731,3,16,5,9,1,14,3.33,69047.72894688007,12784,50316.72894688007,0,0,1,0,1,0,0,1,0
45,39,2,3,2,1,4,1,9892,4,9,3,5,1,8,2.33,69047.72894688007,12784,59155.72894688007,1,1,0,1,0,0,1,0,0
50,43,1,5,5,4,3,1,6814,4,16,12,3,1,15,4.0,69047.72894688007,12784,62233.72894688007,0,0,1,0,0,0,0,1,0
34,19,3,1,4,2,3,3,2661,0,2,2,1,0,3,3.0,17372.83423076923,33,14711.83423076923,0,0,0,0,0,0,0,0,0
38,36,1,5,3,2,4,2,6948,4,24,1,3,1,4,3.0,69047.72894688007,12784,62099.72894688007,0,0,0,0,0,0,0,1,0
21,3,1,5,3,2,2,4,17470,4,5,14,5,1,19,2.33,102997.714045,2542,85527.714045,1,0,1,0,1,1,0,0,1
56,49,4,5,5,3,3,2,15457,1,4,12,7,1,19,3.67,102997.714045,2542,87540.714045,0,0,1,0,1,1,0,0,0
26,17,3,3,3,2,3,2,6857,2,6,9,2,0,11,2.67,69047.72894688007,12784,62190.72894688007,1,0,1,0,0,0,1,0,0
42,29,3,2,2,2,4,2,4434,1,9,8,7,1,15,2.67,69047.72894688007,12784,64613.72894688007,0,0,1,0,0,0,1,0,0
39,49,1,2,1,2,4,4,4145,2,26,2,0,0,2,2.33,102997.714045,2542,98852.714045,0,1,0,0,0,0,0,1,0
33,19,3,5,1,1,3,4,18740,1,11,10,1,0,11,1.67,69047.72894688007,12784,50307.72894688007,0,1,0,0,1,0,0,1,0
52,46,4,4,2,3,3,4,16258,4,19,4,3,1,7,2.67,102997.714045,2542,86739.714045,1,0,0,0,1,0,0,1,0
48,39,2,5,2,1,3,1,12499,1,12,3,0,0,3,2.0,69047.72894688007,12784,56548.72894688007,1,0,0,1,0,0,0,1,1
47,43,4,4,3,2,2,3,6077,3,29,3,6,1,9,2.33,69047.72894688007,12784,62970.72894688007,1,0,0,0,0,0,0,1,1
24,15,2,5,4,2,3,2,14723,4,19,6,3,1,9,3.0,69047.72894688007,12784,54324.72894688007,1,0,0,0,1,0,0,1,0
55,6,1,5,5,3,2,1,5914,4,27,10,3,1,13,3.33,69047.72894688007,12784,63133.72894688007,0,0,1,0,0,0,0,1,1
45,13,1,3,3,3,3,1,9147,2,23,6,7,1,13,3.0,69047.72894688007,12784,59900.72894688007,0,0,1,1,0,0,0,1,1
35,6,2,3,2,1,1,4,15933,2,18,11,8,1,19,1.33,69047.72894688007,12784,53114.72894688007,1,0,0,0,1,0,0,1,0
25,10,3,5,5,1,4,1,19251,3,2,4,6,1,10,3.33,102997.714045,2542,83746.714045,1,1,0,0,1,0,0,0,0
30,7,4,4,2,1,4,1,15260,4,14,9,8,1,17,2.33,69047.72894688007,12784,53787.72894688007,0,0,1,0,1,0,0,1,0
26,14,4,1,3,3,1,2,13522,3,16,1,1,0,2,2.33,102997.714045,2542,89475.714045,0,0,1,1,0,0,0,1,1
21,15,2,2,5,3,1,4,17759,2,23,9,9,1,18,3.0,102997.714045,2542,85238.714045,1,1,0,0,1,0,0,1,0
59,2,1,4,2,3,1,4,5115,4,24,6,9,1,15,2.0,69047.72894688007,12784,63932.72894688007,0,1,0,0,0,0,0,1,0
23,2,1,3,4,4,4,1,8002,1,28,12,3,1,15,4.0,102997.714045,2542,94995.714045,1,0,0,1,0,0,0,1,0
28,41,3,5,1,2,4,1,14495,3,23,12,1,0,13,2.33,69047.72894688007,12784,54552.72894688007,1,1,0,0,1,0,0,1,0
40,36,1,4,3,2,1,3,9110,2,4,3,5,1,8,2.0,69047.72894688007,12784,59937.72894688007,0,0,1,1,0,1,0,0,0
23,20,1,3,2,2,1,4,16156,1,20,1,7,1,8,1.67,69047.72894688007,12784,52891.72894688007,1,0,0,0,1,0,0,1,0
38,4,2,2,3,3,4,3,8898,2,26,10,7,1,17,3.33,69047.72894688007,12784,60149.72894688007,0,1,0,1,0,0,0,1,0
50,27,4,2,5,2,4,4,5699,2,23,1,4,1,5,3.67,69047.72894688007,12784,63348.72894688007,0,0,1,0,0,0,0,1,1
21,12,1,1,1,3,2,1,5819,3,22,2,2,0,4,2.0,102997.714045,2542,97178.714045,1,1,0,0,0,0,0,1,0
38,14,3,3,1,3,1,3,11911,4,25,12,1,0,13,1.67,69047.72894688007,12784,57136.72894688007,0,0,1,1,0,0,0,1,0
25,23,4,5,4,2,3,2,7531,3,18,4,0,0,4,3.0,69047.72894688007,12784,61516.72894688007,0,0,0,0,0,0,0,1,0
50,10,3,4,2,4,2,2,19979,3,1,13,8,1,21,2.67,69047.72894688007,12784,49068.72894688007,0,0,1,0,1,0,0,0,0
48,23,3,2,4,3,1,1,7213,2,5,14,5,1,19,2.67,69047.72894688007,12784,61834.72894688007,1,0,1,0,0,1,0,0,1
41,42,2,3,5,4,2,4,16916,3,9,4,7,1,11,3.67,69047.72894688007,12784,52131.72894688007,1,0,0,0,1,0,1,0,0
33,47,4,4,2,1,3,3,17572,4,16,6,3,1,9,2.0,102997.714045,2542,85425.714045,0,0,1,0,1,0,0,1,0
43,11,4,5,1,1,2,3,10539,2,16,12,2,0,14,1.33,102997.714045,2542,92458.714045,1,0,1,1,0,0,0,1,0
55,2,1,4,3,1,1,4,10143,3,6,7,8,1,15,1.67,102997.714045,2542,92854.714045,0,0,1,1,0,0,1,0,0
56,29,3,5,5,2,4,4,19664,2,21,4,8,1,12,3.67,69047.72894688007,12784,49383.72894688007,1,0,0,0,1,0,0,1,0
59,45,3,5,3,1,3,2,8966,3,14,12,3,1,15,2.33,69047.72894688007,12784,60081.72894688007,1,0,1,1,0,0,0,1,0
27,9,1,4,5,4,1,3,14240,3,2,9,4,1,13,3.33,69047.72894688007,12784,54807.72894688007,0,0,1,0,1,0,0,0,0
47,15,2,3,4,2,3,3,17858,4,29,10,9,1,19,3.0,69047.72894688007,12784,51189.72894688007,0,1,0,0,1,0,0,1,0
51,45,3,5,2,1,3,4,13151,4,2,14,4,1,18,2.0,102997.714045,2542,89846.714045,0,0,0,1,0,0,0,0,0
50,29,3,1,3,2,1,1,18154,1,3,12,5,1,17,2.0,69047.72894688007,12784,50893.72894688007,1,0,0,0,1,1,0,0,1
34,21,3,4,5,1,4,4,11485,1,6,4,3,1,7,3.33,102997.714045,2542,91512.714045,1,0,1,1,0,0,1,0,1
22,40,4,2,2,3,2,2,13554,3,6,12,8,1,20,2.33,102997.714045,2542,89443.714045,1,1,0,1,0,0,1,0,0
36,46,3,4,5,4,4,1,17606,1,5,5,0,0,5,4.33,69047.72894688007,12784,51441.72894688007,1,0,1,0,1,1,0,0,0
58,25,4,5,5,4,1,4,15496,4,27,4,8,1,12,3.33,69047.72894688007,12784,53551.72894688007,0,0,0,0,1,0,0,1,0
22,22,1,2,5,4,3,1,8229,3,21,4,2,0,6,4.0,69047.72894688007,12784,60818.72894688007,0,1,0,1,0,0,0,1,0
52,37,1,1,4,3,2,3,12741,3,20,7,3,1,10,3.0,69047.72894688007,12784,56306.72894688007,1,1,0,1,0,0,0,1,0
39,33,4,4,1,4,3,1,17013,2,6,8,6,1,14,2.67,69047.72894688007,12784,52034.72894688007,0,0,1,0,1,0,1,0,0
32,13,3,1,5,4,1,2,19939,1,9,14,5,1,19,3.33,69047.72894688007,12784,49108.72894688007,1,0,0,0,1,0,1,0,0
27,4,3,1,3,2,3,3,2318,1,1,1,0,0,1,2.67,89817.88593023256,119,87499.88593023256,0,1,0,0,0,0,0,0,0
56,7,4,4,1,2,3,4,7503,2,3,8,3,1,11,2.0,69047.72894688007,12784,61544.72894688007,0,0,0,0,0,1,0,0,0
35,4,3,3,1,4,1,3,9582,0,8,7,4,1,11,2.0,91683.75438596492,139,82101.75438596492,1,1,0,1,0,0,1,0,1
29,19,3,2,4,4,2,4,4262,4,3,2,1,0,3,3.33,69047.72894688007,12784,64785.72894688007,0,0,0,0,0,1,0,0,0
48,17,3,1,3,2,4,3,13596,3,22,10,1,0,11,3.0,69047.72894688007,12784,55451.72894688007,0,1,0,1,0,0,0,1,0
22,40,2,1,2,4,1,4,7751,3,6,9,5,1,14,2.33,69047.72894688007,12784,61296.72894688007,1,0,0,1,0,0,1,0,0
49,25,3,1,1,3,4,2,3211,1,9,6,1,0,7,2.67,17372.83423076923,33,14161.83423076923,0,0,1,0,0,0,1,0,0
33,39,1,2,4,1,3,2,13439,1,23,12,3,1,15,2.67,102997.714045,2542,89558.714045,1,1,0,1,0,0,0,1,0
48,2,3,2,4,2,1,3,4051,2,9,7,6,1,13,2.33,91683.75438596492,139,87632.75438596492,0,0,1,0,0,0,1,0,0
21,16,1,3,2,3,2,3,12147,2,20,6,7,1,13,2.33,69047.72894688007,12784,56900.72894688007,0,0,0,1,0,0,0,1,0
39,18,1,3,4,3,2,1,11531,3,11,3,3,1,6,3.0,102997.714045,2542,91466.714045,0,0,0,1,0,0,0,1,0
26,46,2,5,3,3,2,1,12707,1,5,7,3,1,10,2.67,69047.72894688007,12784,56340.72894688007,1,0,0,1,0,1,0,0,0
59,14,4,3,3,2,3,1,13274,4,29,5,3,1,8,2.67,69047.72894688007,12784,55773.72894688007,1,0,0,1,0,0,0,1,0
50,2,2,1,2,4,4,4,17698,3,2,1,1,0,2,3.33,69047.72894688007,12784,51349.72894688007,1,0,1,0,1,0,0,0,0
40,22,4,3,4,3,2,1,18747,1,16,10,7,1,17,3.0,69047.72894688007,12784,50300.72894688007,1,0,1,0,1,0,0,1,0
48,43,2,2,4,1,4,2,9170,4,1,3,1,0,4,3.0,69047.72894688007,12784,59877.72894688007,0,1,0,1,0,0,0,0,1
29,32,4,5,2,3,4,3,8839,3,15,9,9,1,18,3.0,69047.72894688007,12784,60208.72894688007,1,0,0,1,0,0,0,1,0
49,18,4,1,4,2,1,1,6053,3,2,6,7,1,13,2.33,102997.714045,2542,96944.714045,0,0,1,0,0,0,0,0,0
54,17,2,1,4,1,4,1,6475,2,8,8,8,1,16,3.0,69047.72894688007,12784,62572.72894688007,0,0,0,0,0,0,1,0,1
29,24,2,2,2,4,2,2,7711,4,8,8,2,0,10,2.67,69047.72894688007,12784,61336.72894688007,0,0,0,1,0,0,1,0,0
41,35,3,4,1,4,2,1,18856,2,27,1,1,0,2,2.33,69047.72894688007,12784,50191.72894688007,0,0,1,0,1,0,0,1,0
35,25,4,3,5,3,1,3,19244,4,13,14,0,0,14,3.0,69047.72894688007,12784,49803.72894688007,0,0,1,0,1,0,0,1,0
36,22,2,3,3,2,2,4,5483,2,9,2,2,0,4,2.33,102997.714045,2542,97514.714045,0,0,1,0,0,0,1,0,0
59,5,2,4,5,4,3,3,8989,4,25,12,5,1,17,4.0,102997.714045,2542,94008.714045,0,1,0,1,0,0,0,1,0
49,37,2,2,3,3,4,3,7214,4,18,11,1,0,12,3.33,69047.72894688007,12784,61833.72894688007,0,0,0,0,0,0,0,1,1
51,38,1,3,5,3,2,2,4516,4,7,10,2,0,12,3.33,69047.72894688007,12784,64531.72894688007,1,0,0,0,0,0,1,0,0
44,1,1,5,2,4,2,1,6829,4,28,4,5,1,9,2.67,69047.72894688007,12784,62218.72894688007,1,1,0,0,0,0,0,1,0
45,16,1,3,5,2,4,2,3785,1,25,9,0,0,9,3.67,102997.714045,2542,99212.714045,0,1,0,0,0,0,0,1,0
46,36,1,3,1,1,4,4,19545,4,18,1,1,0,2,2.0,69047.72894688007,12784,49502.72894688007,0,0,0,0,1,0,0,1,0
40,2,3,5,5,1,3,4,11662,3,19,2,0,0,2,3.0,69047.72894688007,12784,57385.72894688007,0,1,0,1,0,0,0,1,0
38,31,2,4,4,1,1,2,14869,1,3,8,6,1,14,2.0,69047.72894688007,12784,54178.72894688007,0,0,0,0,1,1,0,0,0
32,14,3,1,2,3,3,3,9964,2,1,12,3,1,15,2.67,69047.72894688007,12784,59083.72894688007,1,0,0,1,0,0,0,0,0
39,19,1,5,2,1,1,2,19023,4,21,1,2,0,3,1.33,69047.72894688007,12784,50024.72894688007,1,1,0,0,1,0,0,1,0
40,33,3,2,5,3,4,2,6880,1,7,4,3,1,7,4.0,69047.72894688007,12784,62167.72894688007,0,1,0,0,0,0,1,0,0
41,21,2,2,5,4,1,1,18266,4,6,10,0,0,10,3.33,69047.72894688007,12784,50781.72894688007,0,1,0,0,1,0,1,0,1
45,1,3,2,2,1,2,3,15592,2,4,10,7,1,17,1.67,69047.72894688007,12784,53455.72894688007,0,1,0,0,1,1,0,0,1
45,49,2,2,3,2,1,4,18551,4,14,2,6,1,8,2.0,69047.72894688007,12784,50496.72894688007,0,0,1,0,1,0,0,1,0
44,44,3,3,1,3,2,2,6108,3,17,14,2,0,16,2.0,69047.72894688007,12784,62939.72894688007,0,0,0,0,0,0,0,1,0
45,17,4,1,1,1,4,1,13601,2,29,13,4,1,17,2.0,69047.72894688007,12784,55446.72894688007,0,0,1,1,0,0,0,1,0
26,46,1,3,1,2,3,4,10146,2,26,1,0,0,1,2.0,102997.714045,2542,92851.714045,0,0,1,1,0,0,0,1,0
32,16,2,4,4,4,3,1,7028,3,20,8,9,1,17,3.67,69047.72894688007,12784,62019.72894688007,0,0,0,0,0,0,0,1,0
35,37,3,2,1,1,3,3,4744,4,3,9,1,0,10,1.67,69047.72894688007,12784,64303.72894688007,1,1,0,0,0,1,0,0,0
46,18,4,3,5,4,3,3,14447,4,29,1,8,1,9,4.0,69047.72894688007,12784,54600.72894688007,1,0,0,0,1,0,0,1,0
44,1,3,1,2,3,3,2,2342,1,5,3,2,0,5,2.67,89817.88593023256,119,87475.88593023256,1,0,0,0,0,1,0,0,1
46,4,2,5,2,4,3,3,18789,2,11,4,0,0,4,3.0,102997.714045,2542,84208.714045,0,0,1,0,1,0,0,1,0
35,1,2,2,4,4,2,3,5363,0,9,7,0,0,7,3.33,17372.83423076923,33,12009.83423076923,0,0,1,0,0,0,1,0,0
22,11,4,2,2,3,4,1,14495,4,9,2,0,0,2,3.0,69047.72894688007,12784,54552.72894688007,0,1,0,0,1,0,1,0,0
32,11,4,2,2,4,4,4,8634,3,10,14,7,1,21,3.33,102997.714045,2542,94363.714045,1,0,1,1,0,0,1,0,1
44,16,1,1,3,2,3,4,19338,1,6,10,1,0,11,2.67,69047.72894688007,12784,49709.72894688007,0,1,0,0,1,0,1,0,0
32,2,1,2,4,4,3,1,11342,4,6,14,9,1,23,3.67,102997.714045,2542,91655.714045,0,0,1,1,0,0,1,0,0
37,49,2,4,2,2,3,1,8831,2,22,7,9,1,16,2.33,69047.72894688007,12784,60216.72894688007,0,1,0,1,0,0,0,1,0
58,48,2,4,3,2,2,2,10585,3,10,1,3,1,4,2.33,69047.72894688007,12784,58462.72894688007,0,0,0,1,0,0,1,0,0
23,22,3,4,2,4,3,2,9912,4,6,14,4,1,18,3.0,102997.714045,2542,93085.714045,0,0,0,1,0,0,1,0,1
18,10,2,1,3,4,1,3,1200,1,0,0,0,0,0,2.67,69047.72894688007,12784,67847.72894688007,0,1,0,0,0,0,0,0,0
44,10,3,4,2,4,1,3,5272,3,23,13,8,1,21,2.33,102997.714045,2542,97725.714045,1,1,0,0,0,0,0,1,0
27,46,4,3,2,4,3,1,4140,4,28,5,7,1,12,3.0,69047.72894688007,12784,64907.72894688007,0,0,0,0,0,0,0,1,0
35,9,2,2,2,3,3,3,6540,9,1,1,0,0,1,2.67,69047.72894688007,12784,62507.72894688007,0,1,0,0,0,0,0,0,0
50,1,4,4,5,2,1,2,4785,2,3,9,9,1,18,2.67,69047.72894688007,12784,64262.72894688007,0,0,0,0,0,1,0,0,0
21,8,3,3,3,4,4,2,11116,1,9,8,5,1,13,3.67,69047.72894688007,12784,57931.72894688007,0,0,1,1,0,0,1,0,0
25,16,3,1,2,2,2,3,3381,3,10,1,2,0,3,2.0,102997.714045,2542,99616.714045,1,1,0,0,0,0,1,0,0
52,48,3,5,1,2,1,4,14023,4,28,2,6,1,8,1.33,102997.714045,2542,88974.714045,0,0,0,0,1,0,0,1,1
43,2,4,5,3,3,3,1,12328,2,7,11,5,1,16,3.0,69047.72894688007,12784,56719.72894688007,0,1,0,1,0,0,1,0,1
26,4,2,2,4,4,2,3,5828,1,8,7,7,1,14,3.33,91683.75438596492,139,85855.75438596492,1,1,0,0,0,0,1,0,1
28,35,2,3,5,3,1,4,16492,3,19,1,9,1,10,3.0,69047.72894688007,12784,52555.72894688007,1,0,0,0,1,0,0,1,0
23,21,1,4,3,3,4,4,3287,4,22,3,1,0,4,3.33,69047.72894688007,12784,65760.72894688007,0,0,0,0,0,0,0,1,0
42,18,3,4,2,2,2,3,7120,2,18,14,8,1,22,2.0,69047.72894688007,12784,61927.72894688007,1,1,0,0,0,0,0,1,0
49,11,1,3,2,3,3,1,13344,2,29,14,3,1,17,2.67,69047.72894688007,12784,55703.72894688007,1,0,1,1,0,0,0,1,0
55,11,3,1,5,4,3,4,18947,4,4,14,5,1,19,4.0,69047.72894688007,12784,50100.72894688007,0,0,0,0,1,1,0,0,0
48,22,3,2,5,2,2,3,12491,3,11,8,0,0,8,3.0,102997.714045,2542,90506.714045,0,0,1,1,0,0,0,1,1
43,12,4,3,2,1,2,2,14221,2,15,1,0,0,1,1.67,69047.72894688007,12784,54826.72894688007,0,0,1,0,1,0,0,1,0
28,35,1,5,1,3,2,1,8125,2,10,10,7,1,17,2.0,69047.72894688007,12784,60922.72894688007,1,1,0,1,0,0,1,0,0
33,2,1,5,1,2,3,3,15646,4,9,6,7,1,13,2.0,69047.72894688007,12784,53401.72894688007,0,0,1,0,1,0,1,0,0
32,2,2,5,1,1,2,2,13549,3,24,4,7,1,11,1.33,102997.714045,2542,89448.714045,1,1,0,1,0,0,0,1,0
32,43,4,4,2,3,4,2,4999,2,9,2,0,0,2,3.0,69047.72894688007,12784,64048.72894688007,1,0,0,0,0,0,1,0,0
34,1,2,1,4,2,4,3,3622,1,6,5,1,0,6,3.33,89817.88593023256,119,86195.88593023256,1,0,1,0,0,0,1,0,0
20,23,3,1,2,4,3,1,6114,2,18,11,4,1,15,3.0,69047.72894688007,12784,62933.72894688007,1,1,0,0,0,0,0,1,0
38,14,4,2,3,2,2,1,17734,1,13,3,5,1,8,2.33,69047.72894688007,12784,51313.72894688007,0,0,1,0,1,0,0,1,0
28,4,2,4,3,2,3,1,17860,3,14,2,4,1,6,2.67,69047.72894688007,12784,51187.72894688007,1,0,0,0,1,0,0,1,0
35,25,3,4,5,1,1,2,18991,2,17,14,0,0,14,2.33,69047.72894688007,12784,50056.72894688007,0,0,1,0,1,0,0,1,0
54,31,4,5,4,1,4,1,14159,1,19,9,6,1,15,3.0,69047.72894688007,12784,54888.72894688007,0,1,0,0,1,0,0,1,0
36,20,2,3,3,1,1,4,3938,4,26,6,3,1,9,1.67,69047.72894688007,12784,65109.72894688007,0,1,0,0,0,0,0,1,0
38,26,4,1,2,2,4,3,19166,1,25,7,1,0,8,2.67,69047.72894688007,12784,49881.72894688007,1,0,0,0,1,0,0,1,0
36,39,2,4,2,2,3,4,19337,3,22,12,5,1,17,2.33,69047.72894688007,12784,49710.72894688007,0,1,0,0,1,0,0,1,0
41,12,3,1,4,2,1,3,4766,3,1,0,0,0,0,2.33,17372.83423076923,33,12606.83423076923,1,0,1,0,0,0,0,0,0
41,7,4,4,1,3,4,3,10394,2,24,13,4,1,17,2.67,69047.72894688007,12784,58653.72894688007,0,0,0,1,0,0,0,1,0
24,7,4,4,3,3,1,3,17210,3,6,6,2,0,8,2.33,69047.72894688007,12784,51837.72894688007,0,0,0,0,1,0,1,0,0
40,15,1,4,2,1,2,4,10513,3,7,7,9,1,16,1.67,102997.714045,2542,92484.714045,0,1,0,1,0,0,1,0,0
50,23,3,1,5,1,2,3,18318,1,14,6,5,1,11,2.67,69047.72894688007,12784,50729.72894688007,1,1,0,0,1,0,0,1,0
28,41,4,3,1,1,2,3,5427,1,23,9,8,1,17,1.33,69047.72894688007,12784,63620.72894688007,0,1,0,0,0,0,0,1,0
31,27,4,4,4,1,4,1,11837,2,16,6,8,1,14,3.0,102997.714045,2542,91160.714045,0,1,0,1,0,0,0,1,0
35,16,4,3,1,3,1,4,9379,2,20,1,5,1,6,1.67,69047.72894688007,12784,59668.72894688007,1,1,0,1,0,0,0,1,0
59,49,2,4,1,2,3,4,9832,3,8,8,5,1,13,2.0,102997.714045,2542,93165.714045,1,0,0,1,0,0,1,0,1
49,2,3,4,2,1,3,1,18385,3,1,12,5,1,17,2.0,69047.72894688007,12784,50662.72894688007,1,1,0,0,1,0,0,0,0
30,14,4,2,5,3,4,2,10125,1,27,13,8,1,21,4.0,69047.72894688007,12784,58922.72894688007,0,0,0,1,0,0,0,1,0
19,1,1,1,1,3,1,4,2325,0,0,0,0,0,0,1.67,69047.72894688007,12784,66722.72894688007,0,1,0,0,0,0,0,0,1
22,9,4,5,1,4,4,3,6333,4,14,10,0,0,10,3.0,69047.72894688007,12784,62714.72894688007,1,0,0,0,0,0,0,1,0
58,2,3,5,2,4,4,3,19246,7,31,15,13,1,28,3.33,69047.72894688007,12784,49801.72894688007,1,1,0,0,1,0,0,1,1
39,4,4,2,2,4,3,4,14413,2,11,13,2,0,15,3.0,69047.72894688007,12784,54634.72894688007,0,0,1,0,1,0,0,1,0
54,9,2,1,5,2,4,3,4737,4,29,14,8,1,22,3.67,102997.714045,2542,98260.714045,0,0,0,0,0,0,0,1,0
59,18,2,1,4,4,4,2,10761,2,24,12,0,0,12,4.0,69047.72894688007,12784,58286.72894688007,0,0,0,1,0,0,0,1,0
53,24,3,3,1,1,2,2,10448,6,2,2,2,0,4,1.33,91683.75438596492,139,81235.75438596492,1,1,0,1,0,0,0,0,1
52,23,1,2,5,3,3,2,8520,1,24,14,0,0,14,3.67,69047.72894688007,12784,60527.72894688007,1,0,1,1,0,0,0,1,0
54,16,2,4,1,4,3,3,5410,3,13,8,2,0,10,2.67,69047.72894688007,12784,63637.72894688007,0,0,1,0,0,0,0,1,1
21,21,2,2,4,3,3,4,19417,1,11,14,5,1,19,3.33,69047.72894688007,12784,49630.72894688007,1,0,1,0,1,0,0,1,0
42,11,2,4,4,4,1,4,9102,2,15,6,2,0,8,3.0,69047.72894688007,12784,59945.72894688007,0,0,0,1,0,0,0,1,1
58,35,1,3,3,1,4,1,10857,3,4,2,3,1,5,2.67,69047.72894688007,12784,58190.72894688007,0,0,0,1,0,1,0,0,0
52,2,4,5,1,2,3,2,7816,1,25,6,5,1,11,2.0,102997.714045,2542,95181.714045,1,0,0,1,0,0,0,1,0
31,29,3,4,1,1,1,4,17394,2,9,12,2,0,14,1.0,102997.714045,2542,85603.714045,1,1,0,0,1,0,1,0,0
36,3,3,2,2,3,4,3,4485,4,8,0,7,1,7,3.0,89817.88593023256,119,85332.88593023256,0,1,0,0,0,0,1,0,0
24,33,1,4,4,2,3,4,17260,4,11,1,6,1,7,3.0,102997.714045,2542,85737.714045,0,1,0,0,1,0,0,1,0
29,36,1,4,4,4,2,2,4976,1,11,8,1,0,9,3.33,69047.72894688007,12784,64071.72894688007,0,0,1,0,0,0,0,1,0
22,44,3,1,2,2,1,4,14976,3,10,13,1,0,14,1.67,69047.72894688007,12784,54071.72894688007,1,0,1,0,1,0,1,0,0
35,18,3,2,3,3,4,4,5689,1,10,2,0,0,2,3.33,69047.72894688007,12784,63358.72894688007,1,0,1,0,0,0,1,0,0
28,2,3,1,3,3,4,2,4382,6,2,2,2,0,4,3.33,89817.88593023256,119,85435.88593023256,0,1,0,0,0,0,0,0,1
45,9,1,3,3,3,1,1,18811,4,2,8,5,1,13,2.33,102997.714045,2542,84186.714045,1,0,1,0,1,0,0,0,0
59,31,3,3,2,4,3,1,3737,1,5,13,2,0,15,3.0,69047.72894688007,12784,65310.72894688007,1,1,0,0,0,1,0,0,1
55,1,3,3,4,1,4,3,10239,3,1,0,1,0,1,3.0,91683.75438596492,139,81444.75438596492,0,0,1,1,0,0,0,0,0
57,31,3,5,3,4,4,3,17461,2,23,10,8,1,18,3.67,69047.72894688007,12784,51586.72894688007,0,0,0,0,1,0,0,1,0
27,41,1,4,5,2,3,3,17268,4,17,7,3,1,10,3.33,69047.72894688007,12784,51779.72894688007,0,0,0,0,1,0,0,1,0
58,24,4,2,5,3,2,3,6203,2,9,4,8,1,12,3.33,102997.714045,2542,96794.714045,1,1,0,0,0,0,1,0,0
45,27,3,4,4,4,2,4,14882,3,22,14,3,1,17,3.33,69047.72894688007,12784,54165.72894688007,0,0,1,0,1,0,0,1,0
24,13,2,5,4,3,2,3,18661,4,1,9,0,0,9,3.0,69047.72894688007,12784,50386.72894688007,0,0,1,0,1,0,0,0,1
51,1,3,1,4,3,2,2,2723,1,1,0,0,0,0,3.0,89817.88593023256,119,87094.88593023256,0,0,1,0,0,0,0,0,0
47,31,1,4,3,2,4,1,16061,2,8,14,4,1,18,3.0,69047.72894688007,12784,52986.72894688007,1,1,0,0,1,0,1,0,0
22,27,2,3,5,4,2,2,12688,2,7,10,5,1,15,3.67,102997.714045,2542,90309.714045,1,1,0,1,0,0,1,0,0
29,32,3,5,1,1,4,4,13965,2,21,3,1,0,4,2.0,69047.72894688007,12784,55082.72894688007,0,1,0,0,1,0,0,1,1
45,28,1,1,1,2,2,2,14354,4,20,6,6,1,12,1.67,69047.72894688007,12784,54693.72894688007,1,0,0,0,1,0,0,1,0
59,32,2,5,3,4,1,1,5718,3,27,10,0,0,10,2.67,102997.714045,2542,97279.714045,0,0,1,0,0,0,0,1,0
21,19,1,1,4,1,1,2,8826,1,20,6,1,0,7,2.0,69047.72894688007,12784,60221.72894688007,1,0,1,1,0,0,0,1,0
52,47,1,4,2,3,3,2,8274,3,25,3,2,0,5,2.67,69047.72894688007,12784,60773.72894688007,0,0,0,1,0,0,0,1,0
50,30,1,3,3,3,4,4,11096,2,5,7,4,1,11,3.33,69047.72894688007,12784,57951.72894688007,1,1,0,1,0,1,0,0,0
40,2,2,4,1,1,1,4,9393,4,20,3,3,1,6,1.0,69047.72894688007,12784,59654.72894688007,1,1,0,1,0,0,0,1,0
51,45,2,2,2,2,3,1,8067,3,12,14,8,1,22,2.33,69047.72894688007,12784,60980.72894688007,1,0,1,1,0,0,0,1,1
35,30,1,1,5,3,2,3,4547,4,2,10,3,1,13,3.33,102997.714045,2542,98450.714045,0,0,1,0,0,0,0,0,1
42,38,3,3,2,4,4,3,15383,2,11,3,9,1,12,3.33,69047.72894688007,12784,53664.72894688007,1,0,0,0,1,0,0,1,0
26,29,1,2,1,2,4,3,4969,8,2,2,2,0,4,2.33,91683.75438596492,139,86714.75438596492,0,1,0,0,0,0,0,0,1
52,15,4,1,4,1,3,4,7335,1,15,2,5,1,7,2.67,102997.714045,2542,95662.714045,0,0,1,0,0,0,0,1,0
36,38,1,2,2,2,3,1,4039,3,11,4,3,1,7,2.33,69047.72894688007,12784,65008.72894688007,0,0,1,0,0,0,0,1,0
33,35,1,5,1,3,1,1,5081,2,1,2,6,1,8,1.67,102997.714045,2542,97916.714045,0,0,0,0,0,0,0,0,0
57,48,2,2,2,3,2,2,11084,1,28,13,3,1,16,2.33,69047.72894688007,12784,57963.72894688007,0,1,0,1,0,0,0,1,0
32,20,3,1,3,3,2,3,12657,4,15,1,0,0,1,2.67,102997.714045,2542,90340.714045,1,0,1,1,0,0,0,1,0
34,5,3,5,1,2,4,3,5131,3,23,1,1,0,2,2.33,69047.72894688007,12784,63916.72894688007,1,0,0,0,0,0,0,1,0
43,29,4,4,4,3,4,4,6887,4,2,1,6,1,7,3.67,69047.72894688007,12784,62160.72894688007,0,0,0,0,0,0,0,0,0
26,25,3,1,3,3,4,3,2942,1,8,7,5,1,12,3.33,61845.10984536083,269,58903.10984536083,0,0,1,0,0,0,1,0,0
32,36,3,4,1,2,3,1,3100,1,8,2,2,0,4,2.0,69047.72894688007,12784,65947.72894688007,0,0,0,0,0,0,1,0,0
37,10,3,3,3,1,2,3,10048,6,1,0,0,0,0,2.0,69047.72894688007,12784,58999.72894688007,0,0,0,1,0,0,0,0,1
48,14,4,3,3,4,4,4,9944,3,2,11,4,1,15,3.67,69047.72894688007,12784,59103.72894688007,1,1,0,1,0,0,0,0,1
55,22,2,1,2,1,4,3,3537,5,4,2,1,0,3,2.33,89817.88593023256,119,86280.88593023256,0,0,0,0,0,1,0,0,0
34,3,3,4,5,2,3,2,10707,2,12,1,7,1,8,3.33,69047.72894688007,12784,58340.72894688007,0,1,0,1,0,0,0,1,0
29,23,2,3,1,4,1,1,7336,1,11,8,3,1,11,2.0,91683.75438596492,139,84347.75438596492,0,0,1,0,0,0,0,1,1
50,1,1,2,4,2,4,1,17061,3,18,9,3,1,12,3.33,69047.72894688007,12784,51986.72894688007,1,0,0,0,1,0,0,1,0
37,17,4,1,1,1,3,2,18207,2,26,6,4,1,10,1.67,69047.72894688007,12784,50840.72894688007,1,0,0,0,1,0,0,1,1
42,18,1,3,5,3,4,4,18141,4,12,9,7,1,16,4.0,102997.714045,2542,84856.714045,0,0,1,0,1,0,0,1,1
28,3,3,1,2,2,4,3,2856,1,1,0,0,0,0,2.67,69047.72894688007,12784,66191.72894688007,0,0,1,0,0,0,0,0,0
54,22,3,4,3,2,3,3,17426,3,10,8,4,1,12,2.67,102997.714045,2542,85571.714045,0,0,1,0,1,0,1,0,0
45,26,2,3,2,4,1,1,10621,2,5,2,8,1,10,2.33,69047.72894688007,12784,58426.72894688007,0,0,0,1,0,1,0,0,0
24,3,1,4,2,1,1,4,4075,2,16,6,4,1,10,1.33,102997.714045,2542,98922.714045,0,0,0,0,0,0,0,1,0
45,26,4,4,4,2,2,3,12472,2,28,2,9,1,11,2.67,102997.714045,2542,90525.714045,0,0,0,1,0,0,0,1,0
57,39,4,4,2,1,2,1,3154,1,2,14,4,1,18,1.67,69047.72894688007,12784,65893.72894688007,1,0,1,0,0,0,0,0,1
41,21,4,3,1,1,2,4,5000,2,27,3,1,0,4,1.33,102997.714045,2542,97997.714045,0,0,1,0,0,0,0,1,0
22,16,2,2,4,1,1,4,16740,4,7,6,6,1,12,2.0,69047.72894688007,12784,52307.72894688007,1,1,0,0,1,0,1,0,1
45,9,3,2,2,2,3,1,2348,8,17,9,0,0,9,2.33,17372.83423076923,33,15024.83423076923,0,0,0,0,0,0,0,1,0
59,16,1,2,4,4,3,2,17466,2,6,13,0,0,13,3.67,69047.72894688007,12784,51581.72894688007,0,0,1,0,1,0,1,0,0
24,2,3,1,4,1,3,3,3760,1,6,3,1,0,4,2.67,89817.88593023256,119,86057.88593023256,1,1,0,0,0,0,1,0,0
55,26,4,5,2,3,1,3,19636,4,10,9,1,0,10,2.0,102997.714045,2542,83361.714045,1,0,1,0,1,0,1,0,0
48,16,1,2,5,2,4,1,12560,2,10,5,4,1,9,3.67,69047.72894688007,12784,56487.72894688007,0,0,0,1,0,0,1,0,0
34,15,2,1,4,1,3,4,14848,4,2,12,3,1,15,2.67,102997.714045,2542,88149.714045,1,1,0,0,1,0,0,0,1
38,19,3,2,5,2,1,3,19738,4,6,11,9,1,20,2.67,69047.72894688007,12784,49309.72894688007,1,1,0,0,1,0,1,0,1
46,12,3,2,4,4,3,3,19379,2,28,11,0,0,11,3.67,102997.714045,2542,83618.714045,0,0,0,0,1,0,0,1,0
46,7,2,4,4,4,2,3,8162,2,26,3,6,1,9,3.33,69047.72894688007,12784,60885.72894688007,0,0,1,1,0,0,0,1,0
45,11,3,4,4,4,2,4,17650,3,9,3,1,0,4,3.33,102997.714045,2542,85347.714045,0,0,1,0,1,0,1,0,0
53,3,2,4,1,3,4,3,4346,1,10,8,8,1,16,2.67,69047.72894688007,12784,64701.72894688007,1,0,1,0,0,0,1,0,0
22,18,4,5,2,2,1,2,9371,3,11,1,6,1,7,1.67,69047.72894688007,12784,59676.72894688007,0,0,1,1,0,0,0,1,0
29,37,3,1,4,2,2,3,4084,2,12,5,3,1,8,2.67,69047.72894688007,12784,64963.72894688007,1,0,0,0,0,0,0,1,0
53,44,2,2,1,2,1,2,18181,2,19,12,8,1,20,1.33,69047.72894688007,12784,50866.72894688007,0,0,0,0,1,0,0,1,0
37,6,3,2,4,3,2,4,6502,4,5,4,0,0,4,3.0,91683.75438596492,139,85181.75438596492,0,0,1,0,0,1,0,0,0
51,49,2,5,3,1,2,4,15517,4,11,4,7,1,11,2.0,69047.72894688007,12784,53530.72894688007,0,0,0,0,1,0,0,1,0
21,34,1,5,4,4,3,1,9786,4,25,2,4,1,6,3.67,69047.72894688007,12784,59261.72894688007,0,0,0,1,0,0,0,1,1
24,8,1,2,5,4,1,1,8521,4,26,13,9,1,22,3.33,69047.72894688007,12784,60526.72894688007,0,0,0,1,0,0,0,1,0
36,38,3,2,2,3,3,4,16906,2,28,14,5,1,19,2.67,69047.72894688007,12784,52141.72894688007,1,0,1,0,1,0,0,1,0
42,6,1,2,4,2,4,4,15835,1,19,1,7,1,8,3.33,69047.72894688007,12784,53212.72894688007,0,0,1,0,1,0,0,1,0
54,46,4,5,2,2,1,4,14569,4,24,10,3,1,13,1.67,69047.72894688007,12784,54478.72894688007,1,0,1,0,1,0,0,1,0
25,9,4,1,4,1,4,2,7614,1,8,12,8,1,20,3.0,69047.72894688007,12784,61433.72894688007,0,0,0,1,0,0,1,0,0
33,27,4,1,4,1,4,4,12571,3,10,4,3,1,7,3.0,69047.72894688007,12784,56476.72894688007,0,0,1,1,0,0,1,0,0
25,25,4,1,3,4,3,2,15105,2,4,10,5,1,15,3.33,69047.72894688007,12784,53942.72894688007,0,0,0,0,1,1,0,0,0
26,45,3,1,5,2,2,2,4817,2,15,14,3,1,17,3.0,69047.72894688007,12784,64230.72894688007,1,0,1,0,0,0,0,1,0
30,35,1,5,2,2,1,1,15853,1,3,11,0,0,11,1.67,102997.714045,2542,87144.714045,0,0,0,0,1,1,0,0,1
30,5,2,2,3,4,3,3,6118,1,10,9,1,0,10,3.33,91683.75438596492,139,85565.75438596492,0,0,0,0,0,0,1,0,0
38,49,3,2,5,4,1,2,11947,2,29,9,9,1,18,3.33,69047.72894688007,12784,57100.72894688007,0,1,0,1,0,0,0,1,0
42,41,1,4,1,1,4,3,8732,1,23,7,8,1,15,2.0,69047.72894688007,12784,60315.72894688007,1,1,0,1,0,0,0,1,0
54,48,2,3,5,3,3,1,4979,4,5,3,6,1,9,3.67,69047.72894688007,12784,64068.72894688007,0,0,1,0,0,1,0,0,0
41,40,3,2,5,1,4,3,7309,3,28,4,1,0,5,3.33,69047.72894688007,12784,61738.72894688007,1,0,1,0,0,0,0,1,0
31,45,1,3,2,1,3,1,14430,2,2,10,6,1,16,2.0,69047.72894688007,12784,54617.72894688007,1,0,1,0,1,0,0,0,0
20,23,3,4,2,2,4,4,5134,3,11,7,0,0,7,2.67,102997.714045,2542,97863.714045,0,0,0,0,0,0,0,1,0
42,13,2,2,5,3,4,4,13298,4,1,1,4,1,5,4.0,69047.72894688007,12784,55749.72894688007,1,0,1,1,0,0,0,0,0
28,29,3,2,1,2,2,3,14219,2,3,8,4,1,12,1.67,102997.714045,2542,88778.714045,1,0,1,0,1,1,0,0,0
31,17,4,4,3,1,3,2,19288,4,9,12,3,1,15,2.33,69047.72894688007,12784,49759.72894688007,1,0,1,0,1,0,1,0,0
42,47,2,1,5,1,2,1,13357,4,6,11,1,0,12,2.67,69047.72894688007,12784,55690.72894688007,1,0,0,1,0,0,1,0,0
50,36,2,3,4,2,2,1,7173,4,21,4,2,0,6,2.67,69047.72894688007,12784,61874.72894688007,0,1,0,0,0,0,0,1,0
57,2,3,4,5,2,2,2,18581,2,18,10,3,1,13,3.0,102997.714045,2542,84416.714045,0,0,1,0,1,0,0,1,0
35,43,4,1,2,1,3,1,18977,3,13,11,8,1,19,2.0,102997.714045,2542,84020.714045,1,0,0,0,1,0,0,1,0
42,31,4,5,5,2,1,3,11521,1,18,5,0,0,5,2.67,69047.72894688007,12784,57526.72894688007,0,0,0,1,0,0,0,1,0
47,16,4,5,3,3,2,1,11846,4,12,1,6,1,7,2.67,69047.72894688007,12784,57201.72894688007,0,0,0,1,0,0,0,1,0
55,9,3,2,2,4,1,3,17962,4,26,12,6,1,18,2.33,69047.72894688007,12784,51085.72894688007,1,0,1,0,1,0,0,1,0
28,23,2,1,2,3,3,4,16184,2,5,11,8,1,19,2.67,69047.72894688007,12784,52863.72894688007,1,1,0,0,1,1,0,0,0
39,30,2,4,1,2,2,4,13157,2,16,9,0,0,9,1.67,69047.72894688007,12784,55890.72894688007,1,0,0,1,0,0,0,1,0
54,25,4,1,5,4,3,4,14403,2,27,3,3,1,6,4.0,69047.72894688007,12784,54644.72894688007,0,1,0,0,1,0,0,1,0
26,48,1,1,2,2,2,2,14460,1,26,12,8,1,20,2.0,69047.72894688007,12784,54587.72894688007,0,0,1,0,1,0,0,1,0
33,13,3,1,4,2,1,3,3452,3,3,2,0,0,2,2.33,89817.88593023256,119,86365.88593023256,0,1,0,0,0,1,0,0,0
49,41,1,2,5,1,1,3,11285,4,21,7,9,1,16,2.33,102997.714045,2542,91712.714045,0,1,0,1,0,0,0,1,0
24,31,1,4,5,4,2,2,17760,3,29,12,7,1,19,3.67,69047.72894688007,12784,51287.72894688007,1,0,1,0,1,0,0,1,0
50,40,4,4,5,4,2,2,16839,4,21,3,7,1,10,3.67,69047.72894688007,12784,52208.72894688007,0,1,0,0,1,0,0,1,0
51,45,3,5,4,4,3,3,11023,3,12,13,6,1,19,3.67,69047.72894688007,12784,58024.72894688007,1,1,0,1,0,0,0,1,0
53,35,1,3,2,1,3,1,12488,3,11,13,7,1,20,2.0,69047.72894688007,12784,56559.72894688007,0,0,1,1,0,0,0,1,1
43,12,4,5,1,1,2,1,12647,2,27,3,3,1,6,1.33,69047.72894688007,12784,56400.72894688007,0,0,1,1,0,0,0,1,0
54,4,1,4,4,1,1,4,4300,2,28,4,3,1,7,2.0,102997.714045,2542,98697.714045,0,0,1,0,0,0,0,1,0
56,23,2,5,1,1,3,1,3770,2,6,9,5,1,14,1.67,69047.72894688007,12784,65277.72894688007,1,0,0,0,0,0,1,0,0
46,44,3,3,4,4,2,4,8000,2,8,7,0,0,7,3.33,69047.72894688007,12784,61047.72894688007,0,0,1,1,0,0,1,0,0
23,33,4,4,3,3,3,4,19551,1,18,3,4,1,7,3.0,102997.714045,2542,83446.714045,1,0,0,0,1,0,0,1,1
53,3,3,4,3,3,4,2,17584,3,5,3,1,0,4,3.33,69047.72894688007,12784,51463.72894688007,1,0,1,0,1,1,0,0,0
59,5,4,5,4,1,2,4,7037,2,5,9,1,0,10,2.33,69047.72894688007,12784,62010.72894688007,1,0,0,0,0,1,0,0,1
44,43,2,2,5,1,2,4,6675,2,17,9,2,0,11,2.67,69047.72894688007,12784,62372.72894688007,0,0,0,0,0,0,0,1,0
29,38,4,5,5,2,1,4,15225,1,8,5,9,1,14,2.67,69047.72894688007,12784,53822.72894688007,1,1,0,0,1,0,1,0,0
57,3,3,1,4,3,1,4,9611,1,27,6,1,0,7,2.67,102997.714045,2542,93386.714045,0,0,0,1,0,0,0,1,1
30,22,3,3,1,3,3,3,8412,0,9,8,7,1,15,2.33,91683.75438596492,139,83271.75438596492,0,0,1,1,0,0,1,0,0
40,9,3,2,5,4,3,3,19962,2,6,10,0,0,10,4.0,69047.72894688007,12784,49085.72894688007,0,0,1,0,1,0,1,0,0
37,21,2,4,1,4,1,2,8723,2,28,2,9,1,11,2.0,69047.72894688007,12784,60324.72894688007,1,0,0,1,0,0,0,1,0
55,43,4,4,4,3,1,1,15516,1,17,4,1,0,5,2.67,69047.72894688007,12784,53531.72894688007,0,0,1,0,1,0,0,1,0
41,28,2,2,1,2,3,4,8269,3,20,13,6,1,19,2.0,69047.72894688007,12784,60778.72894688007,0,0,1,1,0,0,0,1,0
30,34,4,2,1,2,2,2,19049,4,9,12,6,1,18,1.67,69047.72894688007,12784,49998.72894688007,0,1,0,0,1,0,1,0,0
24,5,2,5,5,4,2,4,11004,2,11,2,6,1,8,3.67,69047.72894688007,12784,58043.72894688007,0,0,1,1,0,0,0,1,0
45,28,4,1,2,4,2,1,4660,2,3,10,6,1,16,2.67,69047.72894688007,12784,64387.72894688007,1,1,0,0,0,1,0,0,0
54,39,1,1,4,1,3,4,18821,4,15,12,7,1,19,2.67,69047.72894688007,12784,50226.72894688007,1,0,1,0,1,0,0,1,0
51,15,2,4,5,1,3,4,5914,2,13,12,2,0,14,3.0,69047.72894688007,12784,63133.72894688007,1,0,0,0,0,0,0,1,1
32,2,2,2,2,3,3,2,9907,7,2,2,2,0,4,2.67,91683.75438596492,139,81776.75438596492,1,1,0,1,0,0,0,0,1
42,41,1,3,5,3,1,1,11322,4,13,5,2,0,7,3.0,69047.72894688007,12784,57725.72894688007,1,0,1,1,0,0,0,1,0
55,16,2,3,3,3,1,3,6969,4,26,1,5,1,6,2.33,69047.72894688007,12784,62078.72894688007,1,0,1,0,0,0,0,1,0
41,19,2,5,2,4,2,4,16773,4,8,11,4,1,15,2.67,69047.72894688007,12784,52274.72894688007,0,0,1,0,1,0,1,0,0
32,10,2,5,2,1,3,3,17208,3,28,8,3,1,11,2.0,69047.72894688007,12784,51839.72894688007,1,1,0,0,1,0,0,1,1
44,10,3,2,3,2,4,1,10570,1,14,1,6,1,7,3.0,69047.72894688007,12784,58477.72894688007,1,1,0,1,0,0,0,1,0
22,1,3,2,3,2,1,1,4140,1,2,7,2,0,9,2.0,102997.714045,2542,98857.714045,0,0,1,0,0,0,0,0,0
37,12,1,5,2,1,3,3,16278,2,16,7,6,1,13,2.0,69047.72894688007,12784,52769.72894688007,1,0,1,0,1,0,0,1,0
58,18,4,2,3,4,3,4,17798,1,5,1,5,1,6,3.33,102997.714045,2542,85199.714045,1,1,0,0,1,1,0,0,0
22,42,4,2,1,1,4,4,15841,4,4,9,7,1,16,2.0,69047.72894688007,12784,53206.72894688007,1,0,0,0,1,1,0,0,0
22,3,2,2,4,4,1,3,10706,1,16,13,2,0,15,3.0,102997.714045,2542,92291.714045,1,0,1,1,0,0,0,1,1
34,12,4,4,5,3,2,1,18435,3,14,10,1,0,11,3.33,102997.714045,2542,84562.714045,0,1,0,0,1,0,0,1,0
36,15,4,3,2,1,1,2,10035,4,22,14,4,1,18,1.33,69047.72894688007,12784,59012.72894688007,1,1,0,1,0,0,0,1,0
58,37,4,3,1,3,3,3,9541,2,5,2,2,0,4,2.33,102997.714045,2542,93456.714045,0,0,1,1,0,1,0,0,0
49,7,1,2,4,1,4,1,9861,2,19,5,1,0,6,3.0,102997.714045,2542,93136.714045,1,0,0,1,0,0,0,1,0
56,4,1,4,4,4,3,2,14334,3,21,12,0,0,12,3.67,69047.72894688007,12784,54713.72894688007,1,0,1,0,1,0,0,1,0
25,15,3,4,2,2,2,4,12040,2,13,7,9,1,16,2.0,69047.72894688007,12784,57007.72894688007,0,0,0,1,0,0,0,1,0
21,23,3,4,1,4,2,2,18049,4,10,5,9,1,14,2.33,69047.72894688007,12784,50998.72894688007,0,0,1,0,1,0,1,0,0
21,9,3,1,4,1,3,2,2610,1,3,2,2,0,4,2.67,69047.72894688007,12784,66437.72894688007,0,1,0,0,0,1,0,0,0
40,4,3,2,4,2,2,4,14331,1,10,9,0,0,9,2.67,69047.72894688007,12784,54716.72894688007,1,0,1,0,1,0,1,0,1
30,15,2,3,1,3,1,3,7140,2,7,7,1,0,8,1.67,91683.75438596492,139,84543.75438596492,0,0,0,0,0,0,1,0,0
44,5,3,1,2,4,2,1,15507,1,7,8,4,1,12,2.67,69047.72894688007,12784,53540.72894688007,0,0,1,0,1,0,1,0,0
41,36,4,4,2,3,3,4,15441,2,4,12,3,1,15,2.67,69047.72894688007,12784,53606.72894688007,1,1,0,0,1,1,0,0,1
49,15,1,2,3,3,3,3,6971,2,4,6,3,1,9,3.0,69047.72894688007,12784,62076.72894688007,0,0,0,0,0,1,0,0,0
50,25,1,5,3,3,4,2,11266,3,20,9,0,0,9,3.33,69047.72894688007,12784,57781.72894688007,1,1,0,1,0,0,0,1,0
57,40,2,3,3,4,1,4,19649,4,14,3,6,1,9,2.67,69047.72894688007,12784,49398.72894688007,1,0,1,0,1,0,0,1,0
39,34,4,2,1,1,2,4,14004,2,4,7,5,1,12,1.33,69047.72894688007,12784,55043.72894688007,0,0,0,0,1,1,0,0,0
42,17,1,4,5,4,1,4,3697,1,25,14,5,1,19,3.33,69047.72894688007,12784,65350.72894688007,0,0,1,0,0,0,0,1,0
29,39,2,5,1,4,1,2,4073,4,19,11,2,0,13,2.0,69047.72894688007,12784,64974.72894688007,1,1,0,0,0,0,0,1,0
37,31,4,2,4,3,1,2,5758,3,25,1,1,0,2,2.67,69047.72894688007,12784,63289.72894688007,1,1,0,0,0,0,0,1,0
59,45,1,5,3,4,4,3,5824,2,7,13,5,1,18,3.67,69047.72894688007,12784,63223.72894688007,0,0,1,0,0,0,1,0,0
21,6,3,1,5,3,1,4,18790,1,1,10,5,1,15,3.0,69047.72894688007,12784,50257.72894688007,0,0,1,0,1,0,0,0,1
40,18,1,4,1,4,4,1,17084,4,12,7,4,1,11,3.0,69047.72894688007,12784,51963.72894688007,0,0,1,0,1,0,0,1,0
36,39,1,4,4,1,4,3,9502,4,11,3,3,1,6,3.0,69047.72894688007,12784,59545.72894688007,1,1,0,1,0,0,0,1,1
24,48,1,5,5,1,2,1,8593,1,20,7,9,1,16,2.67,69047.72894688007,12784,60454.72894688007,1,0,1,1,0,0,0,1,0
55,10,4,4,1,3,1,2,13023,2,25,4,3,1,7,1.67,69047.72894688007,12784,56024.72894688007,1,1,0,1,0,0,0,1,1
30,9,3,3,5,3,2,4,11961,3,7,11,7,1,18,3.33,69047.72894688007,12784,57086.72894688007,0,0,1,1,0,0,1,0,0
39,7,1,2,3,2,4,1,17235,1,8,13,7,1,20,3.0,69047.72894688007,12784,51812.72894688007,0,0,0,0,1,0,1,0,0
57,1,3,5,4,4,4,2,12240,4,16,2,0,0,2,4.0,69047.72894688007,12784,56807.72894688007,1,1,0,1,0,0,0,1,0
58,15,3,4,3,1,2,3,15787,2,2,2,2,0,4,2.0,69047.72894688007,12784,53260.72894688007,1,0,1,0,1,0,0,0,0
38,7,2,2,4,4,1,3,4028,0,7,7,0,0,7,3.0,91683.75438596492,139,87655.75438596492,0,1,0,0,0,0,1,0,0
35,30,4,1,5,3,4,1,3536,4,19,4,3,1,7,4.0,102997.714045,2542,99461.714045,0,0,1,0,0,0,0,1,0
51,28,4,1,2,3,1,1,12947,4,25,5,3,1,8,2.0,69047.72894688007,12784,56100.72894688007,1,0,1,1,0,0,0,1,0
48,36,2,1,2,4,2,1,9213,1,1,8,5,1,13,2.67,69047.72894688007,12784,59834.72894688007,1,0,1,1,0,0,0,0,0
31,42,4,1,1,2,1,4,7398,4,29,3,1,0,4,1.33,69047.72894688007,12784,61649.72894688007,0,0,0,0,0,0,0,1,0
35,30,2,1,4,3,1,4,12993,3,8,2,2,0,4,2.67,69047.72894688007,12784,56054.72894688007,1,0,1,1,0,0,1,0,0
26,39,1,2,2,1,1,2,15149,1,16,4,9,1,13,1.33,69047.72894688007,12784,53898.72894688007,0,1,0,0,1,0,0,1,0
48,22,4,4,4,3,4,2,13523,2,18,4,1,0,5,3.67,69047.72894688007,12784,55524.72894688007,0,0,1,1,0,0,0,1,0
46,9,2,3,4,3,4,3,9619,1,9,8,4,1,12,3.67,91683.75438596492,139,82064.75438596492,0,1,0,1,0,0,1,0,1
54,6,1,5,5,1,1,3,6749,2,2,2,3,1,5,2.33,69047.72894688007,12784,62298.72894688007,1,0,0,0,0,0,0,0,0
36,28,4,4,5,2,2,3,16999,4,24,12,8,1,20,3.0,69047.72894688007,12784,52048.72894688007,1,0,1,0,1,0,0,1,0
45,44,3,3,5,2,2,1,7091,4,7,1,4,1,5,3.0,69047.72894688007,12784,61956.72894688007,1,1,0,0,0,0,1,0,0
57,9,1,5,4,2,3,3,7077,1,12,14,8,1,22,3.0,69047.72894688007,12784,61970.72894688007,1,1,0,0,0,0,0,1,0
53,45,2,4,3,4,2,2,12211,3,19,12,4,1,16,3.0,69047.72894688007,12784,56836.72894688007,0,0,0,1,0,0,0,1,1
24,31,4,2,1,2,4,2,13895,1,3,6,7,1,13,2.33,69047.72894688007,12784,55152.72894688007,1,0,0,0,1,1,0,0,0
37,33,4,3,5,3,2,4,6476,2,27,13,4,1,17,3.33,102997.714045,2542,96521.714045,0,1,0,0,0,0,0,1,1
55,10,1,2,2,1,2,3,18008,2,24,3,4,1,7,1.67,69047.72894688007,12784,51039.72894688007,1,0,1,0,1,0,0,1,1
42,12,3,4,5,3,2,3,16010,3,9,14,3,1,17,3.33,69047.72894688007,12784,53037.72894688007,0,0,0,0,1,0,1,0,0
57,6,2,5,3,3,1,3,5712,3,16,6,1,0,7,2.33,69047.72894688007,12784,63335.72894688007,0,1,0,0,0,0,0,1,0
47,18,3,1,2,2,2,2,4788,1,26,7,9,1,16,2.0,69047.72894688007,12784,64259.72894688007,0,0,1,0,0,0,0,1,1
27,6,3,4,5,3,2,1,13503,2,16,7,2,0,9,3.33,69047.72894688007,12784,55544.72894688007,1,0,0,1,0,0,0,1,0
28,1,4,5,1,4,1,2,8729,4,27,5,3,1,8,2.0,69047.72894688007,12784,60318.72894688007,0,0,1,1,0,0,0,1,1
44,29,1,3,1,1,3,4,4478,3,22,14,4,1,18,1.67,69047.72894688007,12784,64569.72894688007,1,0,1,0,0,0,0,1,0
51,10,1,2,5,3,4,4,17484,4,26,2,2,0,4,4.0,69047.72894688007,12784,51563.72894688007,1,0,1,0,1,0,0,1,0
51,16,4,2,1,2,3,2,18142,1,18,13,2,0,15,2.0,69047.72894688007,12784,50905.72894688007,0,0,1,0,1,0,0,1,0
36,3,4,2,2,2,1,1,6998,1,15,1,8,1,9,1.67,69047.72894688007,12784,62049.72894688007,1,1,0,0,0,0,0,1,0
55,33,1,3,5,3,2,1,18884,2,15,10,0,0,10,3.33,69047.72894688007,12784,50163.72894688007,1,0,1,0,1,0,0,1,0
40,42,2,3,4,2,1,4,16552,4,3,8,1,0,9,2.33,69047.72894688007,12784,52495.72894688007,1,1,0,0,1,1,0,0,0
33,7,3,2,3,4,3,3,5968,1,9,7,2,0,9,3.33,69047.72894688007,12784,63079.72894688007,0,0,0,0,0,0,1,0,0
29,33,3,4,5,1,1,3,13421,4,22,4,1,0,5,2.33,102997.714045,2542,89576.714045,0,0,1,1,0,0,0,1,0
31,5,4,3,2,2,1,3,4820,4,12,12,6,1,18,1.67,69047.72894688007,12784,64227.72894688007,0,0,0,0,0,0,0,1,1
35,41,3,3,3,1,3,4,12762,4,5,8,7,1,15,2.33,69047.72894688007,12784,56285.72894688007,0,0,1,1,0,1,0,0,0
42,14,3,2,2,4,4,2,14176,1,16,8,6,1,14,3.33,69047.72894688007,12784,54871.72894688007,0,0,0,0,1,0,0,1,0
52,19,2,4,3,2,2,2,9191,4,17,5,4,1,9,2.33,69047.72894688007,12784,59856.72894688007,1,0,0,1,0,0,0,1,1
30,28,3,1,1,4,1,3,4988,4,7,13,9,1,22,2.0,69047.72894688007,12784,64059.72894688007,0,1,0,0,0,0,1,0,1
48,12,2,2,4,1,1,2,4789,3,8,8,9,1,17,2.0,69047.72894688007,12784,64258.72894688007,1,0,0,0,0,0,1,0,0
28,42,1,2,4,1,3,4,6118,1,6,9,4,1,13,2.67,69047.72894688007,12784,62929.72894688007,1,0,1,0,0,0,1,0,1
42,2,2,2,4,1,2,3,6781,3,1,0,0,0,0,2.33,69047.72894688007,12784,62266.72894688007,0,1,0,0,0,0,0,0,0
41,46,1,1,2,4,1,3,7464,2,14,9,4,1,13,2.33,69047.72894688007,12784,61583.72894688007,0,1,0,0,0,0,0,1,0
23,9,2,1,5,3,1,4,13521,3,12,2,8,1,10,3.0,102997.714045,2542,89476.714045,1,0,0,1,0,0,0,1,0
59,7,1,2,4,3,2,3,5918,1,13,10,9,1,19,3.0,69047.72894688007,12784,63129.72894688007,0,1,0,0,0,0,0,1,1
22,42,4,2,2,4,1,4,15369,4,6,1,4,1,5,2.33,69047.72894688007,12784,53678.72894688007,1,0,1,0,1,0,1,0,0
35,18,4,2,1,2,4,3,5208,1,16,15,1,0,16,2.33,89817.88593023256,119,84609.88593023256,0,0,1,0,0,0,0,1,0
34,16,1,1,5,2,3,4,11718,2,16,4,7,1,11,3.33,69047.72894688007,12784,57329.72894688007,0,0,0,1,0,0,0,1,0
32,1,3,3,4,3,3,3,10422,1,14,10,5,1,15,3.33,91683.75438596492,139,81261.75438596492,0,0,1,1,0,0,0,1,0
28,38,4,2,3,4,2,1,18570,1,20,13,7,1,20,3.0,69047.72894688007,12784,50477.72894688007,1,0,0,0,1,0,0,1,0
21,40,1,2,2,3,4,4,11375,1,11,9,7,1,16,3.0,69047.72894688007,12784,57672.72894688007,0,0,0,1,0,0,0,1,1
23,44,4,2,4,4,1,4,14875,3,5,14,0,0,14,3.0,69047.72894688007,12784,54172.72894688007,1,0,1,0,1,1,0,0,0
49,44,1,3,1,1,4,3,17165,3,4,8,6,1,14,2.0,102997.714045,2542,85832.714045,1,1,0,0,1,1,0,0,0
52,47,4,4,5,2,1,2,8003,1,2,5,7,1,12,2.67,69047.72894688007,12784,61044.72894688007,0,1,0,1,0,0,0,0,0
25,19,4,4,2,3,1,3,3634,2,9,13,0,0,13,2.0,102997.714045,2542,99363.714045,1,0,1,0,0,0,1,0,0
27,44,2,4,5,3,3,1,17430,4,26,4,2,0,6,3.67,102997.714045,2542,85567.714045,0,0,1,0,1,0,0,1,1
31,23,1,4,5,3,2,2,10023,3,19,5,5,1,10,3.33,69047.72894688007,12784,59024.72894688007,0,0,0,1,0,0,0,1,0
44,16,3,4,3,2,2,3,3227,1,25,14,0,0,14,2.33,69047.72894688007,12784,65820.72894688007,1,1,0,0,0,0,0,1,0
38,22,4,1,2,3,1,1,4902,2,2,10,2,0,12,2.0,69047.72894688007,12784,64145.72894688007,1,0,0,0,0,0,0,0,0
41,33,4,3,2,2,1,2,14130,1,11,9,8,1,17,1.67,69047.72894688007,12784,54917.72894688007,0,0,1,0,1,0,0,1,0
29,36,4,5,2,3,3,3,14782,3,16,1,0,0,1,2.67,69047.72894688007,12784,54265.72894688007,0,1,0,0,1,0,0,1,0
54,7,3,3,3,3,4,4,15998,4,6,13,3,1,16,3.33,69047.72894688007,12784,53049.72894688007,1,0,1,0,1,0,1,0,1
27,46,4,4,2,2,2,1,8961,3,25,2,6,1,8,2.0,69047.72894688007,12784,60086.72894688007,0,1,0,1,0,0,0,1,0
53,2,3,4,3,3,3,4,14852,6,17,13,15,1,28,3.0,102997.714045,2542,88145.714045,0,0,0,0,1,0,0,1,0
58,5,3,3,5,3,4,3,13644,3,3,8,9,1,17,4.0,102997.714045,2542,89353.714045,0,1,0,1,0,1,0,0,0
59,3,4,5,4,1,2,2,9145,2,6,5,0,0,5,2.33,102997.714045,2542,93852.714045,1,0,0,1,0,0,1,0,0
53,41,4,2,5,4,2,1,14112,4,26,9,8,1,17,3.67,69047.72894688007,12784,54935.72894688007,1,0,1,0,1,0,0,1,0
27,1,3,2,2,3,4,3,6349,0,5,4,1,0,5,3.0,91683.75438596492,139,85334.75438596492,1,0,1,0,0,1,0,0,0
33,46,3,2,3,4,2,3,15353,1,6,2,2,0,4,3.0,102997.714045,2542,87644.714045,0,0,1,0,1,0,1,0,0
43,26,3,4,4,3,4,4,16959,1,25,12,4,1,16,3.67,102997.714045,2542,86038.714045,1,0,1,0,1,0,0,1,0
41,39,1,3,1,1,1,3,5854,3,5,9,9,1,18,1.0,69047.72894688007,12784,63193.72894688007,0,0,0,0,0,1,0,0,0
40,40,2,2,2,4,3,2,4855,4,20,9,6,1,15,3.0,69047.72894688007,12784,64192.72894688007,0,1,0,0,0,0,0,1,0
46,11,1,1,4,2,2,3,19643,4,20,1,4,1,5,2.67,102997.714045,2542,83354.714045,0,0,0,0,1,0,0,1,1
24,17,3,1,2,4,1,1,2210,1,1,0,0,0,0,2.33,17372.83423076923,33,15162.83423076923,0,0,1,0,0,0,0,0,1
38,48,4,1,4,4,2,4,14424,1,29,4,0,0,4,3.33,102997.714045,2542,88573.714045,0,1,0,0,1,0,0,1,0
25,9,3,4,4,3,4,2,4554,1,12,1,4,1,5,3.67,69047.72894688007,12784,64493.72894688007,1,1,0,0,0,0,0,1,1
34,24,3,5,5,2,1,1,12076,4,16,14,0,0,14,2.67,69047.72894688007,12784,56971.72894688007,1,0,1,1,0,0,0,1,0
33,33,1,5,2,3,3,4,16891,2,15,6,0,0,6,2.67,69047.72894688007,12784,52156.72894688007,0,0,0,0,1,0,0,1,1
58,42,1,2,1,4,1,3,14440,1,13,5,5,1,10,2.0,102997.714045,2542,88557.714045,1,1,0,0,1,0,0,1,0
57,18,2,4,4,2,1,2,8746,4,19,9,3,1,12,2.33,69047.72894688007,12784,60301.72894688007,0,1,0,1,0,0,0,1,0
28,22,2,2,4,3,3,2,6131,4,11,10,1,0,11,3.33,69047.72894688007,12784,62916.72894688007,1,0,1,0,0,0,0,1,0
47,25,3,3,1,1,3,2,17864,2,3,11,4,1,15,1.67,69047.72894688007,12784,51183.72894688007,0,0,0,0,1,1,0,0,0
49,37,2,2,4,1,1,3,9060,1,26,1,0,0,1,2.0,102997.714045,2542,93937.714045,0,0,0,1,0,0,0,1,0
43,30,4,4,4,4,4,4,3605,3,12,2,9,1,11,4.0,69047.72894688007,12784,65442.72894688007,0,0,0,0,0,0,0,1,0
56,10,3,4,4,2,4,4,15394,4,23,11,6,1,17,3.33,69047.72894688007,12784,53653.72894688007,1,1,0,0,1,0,0,1,0
42,13,3,2,5,1,2,2,13038,3,4,12,4,1,16,2.67,102997.714045,2542,89959.714045,0,1,0,1,0,1,0,0,1
46,39,2,3,5,1,2,4,3429,4,24,9,8,1,17,2.67,69047.72894688007,12784,65618.72894688007,0,0,0,0,0,0,0,1,0
50,23,1,1,5,3,1,4,4778,4,4,14,2,0,16,3.0,69047.72894688007,12784,64269.72894688007,1,0,0,0,0,1,0,0,0
58,7,3,3,1,2,2,4,14203,2,23,10,8,1,18,1.67,69047.72894688007,12784,54844.72894688007,1,0,1,0,1,0,0,1,0
42,2,1,5,1,3,3,1,11996,3,7,6,6,1,12,2.33,69047.72894688007,12784,57051.72894688007,1,0,1,1,0,0,1,0,0
42,38,1,4,2,4,4,4,6919,3,29,14,7,1,21,3.33,102997.714045,2542,96078.714045,0,1,0,0,0,0,0,1,0
54,18,4,1,1,2,2,3,4612,2,27,10,3,1,13,1.67,69047.72894688007,12784,64435.72894688007,1,0,1,0,0,0,0,1,0
46,11,3,3,4,1,3,3,15308,1,2,6,5,1,11,2.67,69047.72894688007,12784,53739.72894688007,1,1,0,0,1,0,0,0,1
33,2,3,4,3,3,1,4,11020,3,6,10,9,1,19,2.33,69047.72894688007,12784,58027.72894688007,0,1,0,1,0,0,1,0,0
25,39,3,2,1,4,2,3,3060,1,14,14,5,1,19,2.33,69047.72894688007,12784,65987.72894688007,1,1,0,0,0,0,0,1,0
54,45,4,5,4,4,2,1,7215,3,20,4,5,1,9,3.33,69047.72894688007,12784,61832.72894688007,0,1,0,0,0,0,0,1,0
24,17,2,5,1,3,1,2,5337,1,26,4,1,0,5,1.67,102997.714045,2542,97660.714045,1,0,0,0,0,0,0,1,0
50,7,2,5,3,2,4,2,18740,5,27,3,13,1,16,3.0,69047.72894688007,12784,50307.72894688007,1,0,0,0,1,0,0,1,0
35,8,2,3,4,3,2,2,10377,4,13,2,4,1,6,3.0,91683.75438596492,139,81306.75438596492,1,0,1,1,0,0,0,1,0
40,39,2,3,2,2,3,1,12640,4,5,10,8,1,18,2.33,69047.72894688007,12784,56407.72894688007,1,0,1,1,0,1,0,0,0
36,12,3,5,1,2,3,2,9737,3,11,7,4,1,11,2.0,69047.72894688007,12784,59310.72894688007,1,1,0,1,0,0,0,1,0
52,48,4,3,2,3,1,3,13996,4,6,8,4,1,12,2.0,69047.72894688007,12784,55051.72894688007,0,0,1,0,1,0,1,0,0
28,42,1,5,3,3,2,1,3325,1,15,10,1,0,11,2.67,69047.72894688007,12784,65722.72894688007,1,0,0,0,0,0,0,1,0
58,27,2,1,1,2,4,3,17540,1,1,10,0,0,10,2.33,69047.72894688007,12784,51507.72894688007,0,0,1,0,1,0,0,0,0
24,17,2,1,2,4,4,3,2127,1,1,0,0,0,0,3.33,17372.83423076923,33,15245.83423076923,0,0,1,0,0,0,0,0,0
57,14,1,3,1,4,4,3,4649,4,25,10,7,1,17,3.0,69047.72894688007,12784,64398.72894688007,1,0,1,0,0,0,0,1,0
53,4,4,1,5,3,3,3,13507,4,20,1,9,1,10,3.67,69047.72894688007,12784,55540.72894688007,0,0,1,1,0,0,0,1,0
23,40,3,5,2,4,2,3,7688,1,25,10,3,1,13,2.67,69047.72894688007,12784,61359.72894688007,1,1,0,1,0,0,0,1,0
46,10,4,5,5,2,2,2,9945,3,20,13,7,1,20,3.0,69047.72894688007,12784,59102.72894688007,0,0,0,1,0,0,0,1,0
36,22,3,5,5,3,4,3,10143,4,8,10,9,1,19,4.0,69047.72894688007,12784,58904.72894688007,0,0,1,1,0,0,1,0,0
28,6,3,5,2,1,3,1,13229,2,4,12,3,1,15,2.0,102997.714045,2542,89768.714045,0,0,0,1,0,1,0,0,0
57,33,2,1,2,3,2,3,18974,4,2,3,7,1,10,2.33,69047.72894688007,12784,50073.72894688007,0,0,0,0,1,0,0,0,0
33,9,1,3,3,1,1,4,16939,1,17,3,7,1,10,1.67,69047.72894688007,12784,52108.72894688007,1,1,0,0,1,0,0,1,0
45,2,2,2,5,3,2,3,6263,1,29,4,3,1,7,3.33,102997.714045,2542,96734.714045,0,1,0,0,0,0,0,1,0
28,37,3,4,2,4,1,2,6489,1,4,3,8,1,11,2.33,69047.72894688007,12784,62558.72894688007,0,0,1,0,0,1,0,0,0
36,44,1,5,4,3,3,1,16396,4,16,14,3,1,17,3.33,69047.72894688007,12784,52651.72894688007,0,0,1,0,1,0,0,1,0
31,31,3,3,5,1,4,1,19818,3,24,9,3,1,12,3.33,69047.72894688007,12784,49229.72894688007,0,1,0,0,1,0,0,1,0
34,3,1,2,1,4,4,3,4759,3,13,9,3,1,12,3.0,91683.75438596492,139,86924.75438596492,0,1,0,0,0,0,0,1,0
27,40,3,4,3,3,1,1,9230,3,13,1,1,0,2,2.33,69047.72894688007,12784,59817.72894688007,0,0,1,1,0,0,0,1,0
54,43,1,4,2,4,4,1,6461,2,5,12,0,0,12,3.33,69047.72894688007,12784,62586.72894688007,0,0,1,0,0,1,0,0,0
26,21,3,4,2,2,1,4,10570,2,13,12,1,0,13,1.67,69047.72894688007,12784,58477.72894688007,0,0,1,1,0,0,0,1,0
46,2,3,3,4,3,2,2,10368,4,10,6,0,0,6,3.0,91683.75438596492,139,81315.75438596492,1,0,0,1,0,0,1,0,0
36,42,3,4,3,2,4,4,11153,4,18,1,3,1,4,3.0,69047.72894688007,12784,57894.72894688007,0,0,0,1,0,0,0,1,1
56,23,2,4,2,2,3,4,15631,2,1,4,8,1,12,2.33,69047.72894688007,12784,53416.72894688007,1,0,1,0,1,0,0,0,0
28,24,3,1,2,3,3,3,2408,1,1,1,0,0,1,2.67,17372.83423076923,33,14964.83423076923,1,0,1,0,0,0,0,0,1
39,34,4,4,5,2,4,1,6184,2,18,1,1,0,2,3.67,69047.72894688007,12784,62863.72894688007,0,1,0,0,0,0,0,1,0
31,41,3,4,4,1,1,1,9879,3,6,5,1,0,6,2.0,102997.714045,2542,93118.714045,0,0,1,1,0,0,1,0,0
54,39,1,5,2,2,2,3,12531,1,27,8,9,1,17,2.0,69047.72894688007,12784,56516.72894688007,1,0,1,1,0,0,0,1,0
36,18,4,4,2,4,2,1,6124,2,9,10,9,1,19,2.67,69047.72894688007,12784,62923.72894688007,1,1,0,0,0,0,1,0,0
31,19,3,4,1,3,3,2,3074,3,10,12,6,1,18,2.33,102997.714045,2542,99923.714045,1,0,1,0,0,0,1,0,0
30,9,3,2,4,3,4,1,6347,0,11,9,4,1,13,3.67,61845.10984536083,269,55498.10984536083,1,0,1,0,0,0,0,1,0
52,4,3,4,1,3,4,4,11095,3,19,3,6,1,9,2.67,69047.72894688007,12784,57952.72894688007,1,1,0,1,0,0,0,1,0
53,11,2,4,4,2,1,3,3052,3,8,3,4,1,7,2.33,69047.72894688007,12784,65995.72894688007,1,1,0,0,0,0,1,0,0
55,5,3,4,2,2,1,4,15010,2,19,10,7,1,17,1.67,102997.714045,2542,87987.714045,1,0,1,0,1,0,0,1,0
44,2,3,5,5,1,2,4,9071,4,1,7,2,0,9,2.67,102997.714045,2542,93926.714045,1,0,1,1,0,0,0,0,0
28,32,3,5,4,2,1,4,6286,1,11,13,1,0,14,2.33,102997.714045,2542,96711.714045,0,1,0,0,0,0,0,1,0
53,17,2,2,3,2,1,2,7812,1,24,8,4,1,12,2.0,69047.72894688007,12784,61235.72894688007,0,0,1,1,0,0,0,1,0
37,34,2,3,4,4,3,4,3425,1,8,8,1,0,9,3.67,69047.72894688007,12784,65622.72894688007,1,1,0,0,0,0,1,0,1
57,36,4,2,2,3,3,1,17679,2,27,13,0,0,13,2.67,69047.72894688007,12784,51368.72894688007,0,0,0,0,1,0,0,1,0
21,9,4,5,5,4,3,2,8323,4,4,14,5,1,19,4.0,69047.72894688007,12784,60724.72894688007,1,1,0,1,0,1,0,0,0
46,25,3,4,4,2,2,1,4929,2,26,7,4,1,11,2.67,69047.72894688007,12784,64118.72894688007,1,1,0,0,0,0,0,1,0
57,26,4,2,1,3,1,2,5955,3,8,13,3,1,16,1.67,69047.72894688007,12784,63092.72894688007,0,1,0,0,0,0,1,0,0
44,28,3,4,1,4,3,4,16328,3,20,6,14,1,20,2.67,69047.72894688007,12784,52719.72894688007,0,0,1,0,1,0,0,1,0
38,2,3,1,3,4,2,1,3057,6,1,0,0,0,0,3.0,89817.88593023256,119,86760.88593023256,1,0,1,0,0,0,0,0,0
58,11,1,5,1,3,1,1,14312,1,22,14,5,1,19,1.67,69047.72894688007,12784,54735.72894688007,1,0,0,0,1,0,0,1,1
57,18,4,5,4,3,2,4,6480,3,2,10,3,1,13,3.0,69047.72894688007,12784,62567.72894688007,0,1,0,0,0,0,0,0,0
44,31,2,1,3,2,2,4,4240,2,9,9,7,1,16,2.33,69047.72894688007,12784,64807.72894688007,1,0,1,0,0,0,1,0,0
41,43,3,4,5,2,4,2,11643,1,11,12,9,1,21,3.67,69047.72894688007,12784,57404.72894688007,0,0,0,1,0,0,0,1,0
21,3,4,1,1,4,3,3,18227,2,13,14,6,1,20,2.67,102997.714045,2542,84770.714045,0,1,0,0,1,0,0,1,0
34,9,2,3,2,4,2,4,8621,1,8,7,7,1,14,2.67,69047.72894688007,12784,60426.72894688007,0,1,0,1,0,0,1,0,0
32,2,3,2,3,4,4,3,4998,4,8,7,0,0,7,3.67,89817.88593023256,119,84819.88593023256,1,1,0,0,0,0,1,0,0
44,23,3,3,5,3,1,2,8886,3,19,13,9,1,22,3.0,102997.714045,2542,94111.714045,1,1,0,1,0,0,0,1,0
40,20,4,1,3,4,2,3,15487,2,1,13,6,1,19,3.0,69047.72894688007,12784,53560.72894688007,1,0,1,0,1,0,0,0,0
53,34,1,3,3,3,3,1,16217,2,24,1,6,1,7,3.0,69047.72894688007,12784,52830.72894688007,0,1,0,0,1,0,0,1,1
42,25,3,2,1,4,4,4,8967,4,29,4,5,1,9,3.0,69047.72894688007,12784,60080.72894688007,0,1,0,1,0,0,0,1,1
29,34,3,1,3,4,4,4,8275,1,26,2,6,1,8,3.67,69047.72894688007,12784,60772.72894688007,0,0,1,1,0,0,0,1,1
49,14,1,5,5,3,4,4,11254,2,29,7,7,1,14,4.0,69047.72894688007,12784,57793.72894688007,1,0,0,1,0,0,0,1,0
50,49,4,4,2,4,3,4,16654,2,23,4,4,1,8,3.0,69047.72894688007,12784,52393.72894688007,0,1,0,0,1,0,0,1,0
41,38,4,3,5,2,3,2,8087,2,6,1,1,0,2,3.33,69047.72894688007,12784,60960.72894688007,0,0,0,1,0,0,1,0,0
36,25,3,5,3,3,2,4,4187,2,15,2,2,0,4,2.67,69047.72894688007,12784,64860.72894688007,0,0,1,0,0,0,0,1,0
58,35,2,2,3,3,4,3,5453,1,14,11,6,1,17,3.33,69047.72894688007,12784,63594.72894688007,0,1,0,0,0,0,0,1,0
32,9,1,2,4,4,4,4,4668,0,8,7,0,0,7,4.0,91683.75438596492,139,87015.75438596492,0,0,0,0,0,0,1,0,0
32,30,2,1,3,1,3,2,10368,2,15,8,7,1,15,2.33,69047.72894688007,12784,58679.72894688007,1,0,1,1,0,0,0,1,1
59,12,4,3,4,4,3,3,12195,1,1,2,9,1,11,3.67,102997.714045,2542,90802.714045,0,0,1,1,0,0,0,0,0
20,36,3,3,2,3,3,1,16286,3,21,5,6,1,11,2.67,102997.714045,2542,86711.714045,1,0,1,0,1,0,0,1,0
48,48,4,4,4,3,1,1,6388,2,10,14,5,1,19,2.67,69047.72894688007,12784,62659.72894688007,0,0,1,0,0,0,1,0,0
40,11,3,4,4,2,2,2,13180,4,11,11,2,0,13,2.67,102997.714045,2542,89817.714045,0,1,0,1,0,0,0,1,0
28,46,1,5,3,1,3,3,12245,4,18,3,3,1,6,2.33,102997.714045,2542,90752.714045,0,1,0,1,0,0,0,1,0
31,31,3,4,5,3,1,3,18270,4,23,9,3,1,12,3.0,69047.72894688007,12784,50777.72894688007,0,0,1,0,1,0,0,1,0
46,13,3,2,2,3,4,3,5562,6,10,7,0,0,7,3.0,69047.72894688007,12784,63485.72894688007,0,1,0,0,0,0,1,0,0
56,23,2,5,3,1,1,1,6153,1,1,9,2,0,11,1.67,69047.72894688007,12784,62894.72894688007,0,1,0,0,0,0,0,0,0
44,49,1,1,3,2,4,4,3316,1,5,3,7,1,10,3.0,69047.72894688007,12784,65731.72894688007,0,0,0,0,0,1,0,0,0
42,7,4,2,2,2,4,3,2372,6,1,0,0,0,0,2.67,89817.88593023256,119,87445.88593023256,1,0,1,0,0,0,0,0,0
54,20,2,1,5,3,4,3,14742,4,15,14,0,0,14,4.0,69047.72894688007,12784,54305.72894688007,0,0,0,0,1,0,0,1,0
59,10,3,1,1,4,3,4,18293,3,5,4,5,1,9,2.67,102997.714045,2542,84704.714045,1,0,0,0,1,1,0,0,0
32,42,2,1,4,4,1,4,15403,4,1,11,9,1,20,3.0,69047.72894688007,12784,53644.72894688007,0,0,1,0,1,0,0,0,0
28,37,1,1,1,1,2,2,14925,4,3,6,9,1,15,1.33,102997.714045,2542,88072.714045,0,1,0,0,1,1,0,0,0
58,9,2,1,2,2,2,2,3346,4,1,0,0,0,0,2.0,89817.88593023256,119,86471.88593023256,1,0,1,0,0,0,0,0,0
38,10,3,2,4,1,3,3,5343,1,10,7,1,0,8,2.67,91683.75438596492,139,86340.75438596492,0,0,1,0,0,0,1,0,0
42,36,4,2,4,1,2,3,4664,2,19,12,7,1,19,2.33,69047.72894688007,12784,64383.72894688007,1,0,1,0,0,0,0,1,0
43,49,3,4,5,2,4,3,5276,4,18,6,4,1,10,3.67,69047.72894688007,12784,63771.72894688007,1,1,0,0,0,0,0,1,0
43,9,2,1,2,2,3,1,6994,2,12,12,6,1,18,2.33,69047.72894688007,12784,62053.72894688007,1,0,0,0,0,0,0,1,0
28,47,3,2,3,4,4,3,9433,2,20,10,7,1,17,3.67,69047.72894688007,12784,59614.72894688007,0,1,0,1,0,0,0,1,1
54,38,2,3,4,4,3,4,14727,4,15,5,1,0,6,3.67,69047.72894688007,12784,54320.72894688007,0,0,0,0,1,0,0,1,0
32,8,3,5,2,3,3,3,3040,1,1,4,3,1,7,2.67,69047.72894688007,12784,66007.72894688007,0,0,0,0,0,0,0,0,0
45,45,4,1,4,1,4,3,11498,3,26,3,9,1,12,3.0,102997.714045,2542,91499.714045,1,0,1,1,0,0,0,1,0
52,18,4,3,1,1,1,3,17972,1,11,13,7,1,20,1.0,69047.72894688007,12784,51075.72894688007,1,0,0,0,1,0,0,1,1
31,1,4,3,2,3,1,3,7446,1,10,8,4,1,12,2.0,69047.72894688007,12784,61601.72894688007,0,1,0,0,0,0,1,0,1
42,29,2,4,3,4,4,2,3155,2,26,8,4,1,12,3.67,102997.714045,2542,99842.714045,0,0,1,0,0,0,0,1,1
55,15,4,5,2,3,1,3,14121,1,28,5,7,1,12,2.0,69047.72894688007,12784,54926.72894688007,1,1,0,0,1,0,0,1,0
49,3,3,5,5,1,3,1,12031,2,8,12,8,1,20,3.0,102997.714045,2542,90966.714045,1,1,0,1,0,0,1,0,0
33,12,2,2,4,2,3,2,11925,1,26,1,2,0,3,3.0,69047.72894688007,12784,57122.72894688007,0,1,0,1,0,0,0,1,1
44,30,1,4,3,3,4,4,5842,3,7,13,2,0,15,3.33,69047.72894688007,12784,63205.72894688007,1,0,1,0,0,0,1,0,0
27,34,3,5,2,2,3,2,18382,1,14,6,2,0,8,2.33,69047.72894688007,12784,50665.72894688007,0,0,1,0,1,0,0,1,0
30,25,1,5,2,1,4,4,15841,2,28,10,0,0,10,2.33,102997.714045,2542,87156.714045,1,0,0,0,1,0,0,1,0
24,31,2,2,3,1,4,3,4659,2,7,3,0,0,3,2.67,69047.72894688007,12784,64388.72894688007,1,0,0,0,0,0,1,0,0
49,8,1,1,3,4,4,4,12548,2,3,3,1,0,4,3.67,102997.714045,2542,90449.714045,0,1,0,1,0,1,0,0,1
24,5,1,4,3,2,4,2,16225,3,25,13,9,1,22,3.0,102997.714045,2542,86772.714045,1,0,0,0,1,0,0,1,0
43,14,2,1,4,2,3,1,14879,1,14,6,7,1,13,3.0,69047.72894688007,12784,54168.72894688007,0,1,0,0,1,0,0,1,0
29,46,2,2,5,3,3,1,10842,3,2,14,1,0,15,3.67,69047.72894688007,12784,58205.72894688007,0,0,1,1,0,0,0,0,0
32,8,4,1,4,1,1,2,7723,1,3,12,8,1,20,2.0,69047.72894688007,12784,61324.72894688007,1,0,1,1,0,1,0,0,1
26,29,1,3,3,3,4,3,16717,2,3,3,7,1,10,3.33,69047.72894688007,12784,52330.72894688007,1,0,0,0,1,1,0,0,0
20,4,2,4,5,1,3,1,11505,4,14,3,1,0,4,3.0,69047.72894688007,12784,57542.72894688007,1,0,1,1,0,0,0,1,0
42,20,1,2,2,1,2,4,3281,2,12,3,9,1,12,1.67,102997.714045,2542,99716.714045,1,0,0,0,0,0,0,1,1
20,16,3,3,3,2,2,2,10417,2,28,1,6,1,7,2.33,69047.72894688007,12784,58630.72894688007,1,0,1,1,0,0,0,1,0
40,35,4,5,2,1,1,3,15927,1,20,8,0,0,8,1.33,69047.72894688007,12784,53120.72894688007,0,1,0,0,1,0,0,1,1
33,28,3,2,3,2,2,3,5207,1,15,14,5,1,19,2.33,17372.83423076923,33,12165.83423076923,1,0,1,0,0,0,0,1,0
50,40,3,5,5,1,1,3,8306,3,20,7,0,0,7,2.33,69047.72894688007,12784,60741.72894688007,0,1,0,1,0,0,0,1,0
33,7,2,4,2,3,3,3,17187,4,10,6,3,1,9,2.67,102997.714045,2542,85810.714045,1,1,0,0,1,0,1,0,1
47,25,2,4,2,3,1,4,3593,2,22,4,1,0,5,2.0,69047.72894688007,12784,65454.72894688007,0,1,0,0,0,0,0,1,0
45,44,3,1,5,1,3,3,3568,1,22,9,0,0,9,3.0,69047.72894688007,12784,65479.72894688007,1,0,0,0,0,0,0,1,0
56,25,4,2,3,1,4,1,14932,4,12,11,6,1,17,2.67,102997.714045,2542,88065.714045,0,0,1,0,1,0,0,1,1
27,7,1,5,2,1,1,2,7238,4,13,11,5,1,16,1.33,69047.72894688007,12784,61809.72894688007,0,0,1,0,0,0,0,1,0
59,49,4,2,3,4,2,2,17144,4,1,5,6,1,11,3.0,102997.714045,2542,85853.714045,1,0,0,0,1,0,0,0,0
37,34,2,3,3,1,3,3,6901,1,14,5,8,1,13,2.33,69047.72894688007,12784,62146.72894688007,0,0,1,0,0,0,0,1,0
49,29,3,4,4,2,3,4,5508,4,2,11,0,0,11,3.0,102997.714045,2542,97489.714045,0,1,0,0,0,0,0,0,1
27,38,2,4,4,1,1,1,10963,2,29,3,9,1,12,2.0,69047.72894688007,12784,58084.72894688007,0,0,0,1,0,0,0,1,0
56,13,1,3,4,4,4,4,7993,2,21,9,4,1,13,4.0,102997.714045,2542,95004.714045,1,0,1,1,0,0,0,1,0
53,5,4,5,3,2,2,2,12507,4,13,14,3,1,17,2.33,69047.72894688007,12784,56540.72894688007,0,0,0,1,0,0,0,1,0
47,20,1,4,5,1,1,1,9298,4,3,2,0,0,2,2.33,102997.714045,2542,93699.714045,0,0,1,1,0,1,0,0,0
45,15,3,2,2,2,4,4,17122,1,9,7,7,1,14,2.67,102997.714045,2542,85875.714045,0,0,0,0,1,0,1,0,0
36,5,3,2,2,4,4,4,5914,8,13,11,3,1,14,3.33,17372.83423076923,33,11458.83423076923,0,1,0,0,0,0,0,1,0
31,45,3,3,4,4,4,2,14105,4,2,3,1,0,4,4.0,69047.72894688007,12784,54942.72894688007,1,0,0,0,1,0,0,0,0
48,8,1,2,3,4,2,2,5937,2,8,2,3,1,5,3.0,69047.72894688007,12784,63110.72894688007,0,1,0,0,0,0,1,0,0
40,11,3,3,2,3,2,2,6543,3,8,7,6,1,13,2.33,69047.72894688007,12784,62504.72894688007,1,0,0,0,0,0,1,0,0
21,25,2,4,3,4,2,1,16780,2,12,7,4,1,11,3.0,69047.72894688007,12784,52267.72894688007,0,1,0,0,1,0,0,1,0
45,34,4,2,5,2,4,4,3042,2,5,14,6,1,20,3.67,69047.72894688007,12784,66005.72894688007,1,0,0,0,0,1,0,0,0
35,18,3,2,3,4,3,2,4614,0,4,2,3,1,5,3.33,91683.75438596492,139,87069.75438596492,1,0,1,0,0,1,0,0,1
33,16,2,4,3,1,3,4,16709,4,23,3,5,1,8,2.33,69047.72894688007,12784,52338.72894688007,0,1,0,0,1,0,0,1,1
22,16,1,3,4,3,4,4,5382,2,13,2,1,0,3,3.67,102997.714045,2542,97615.714045,0,1,0,0,0,0,0,1,0
25,19,3,3,3,2,2,1,16729,1,28,5,3,1,8,2.33,69047.72894688007,12784,52318.72894688007,1,1,0,0,1,0,0,1,0
27,2,3,1,1,3,2,3,3041,0,4,3,0,0,3,2.0,69047.72894688007,12784,66006.72894688007,0,0,0,0,0,1,0,0,1
48,46,2,5,1,1,4,1,7465,3,27,6,0,0,6,2.0,69047.72894688007,12784,61582.72894688007,0,1,0,0,0,0,0,1,0
36,4,2,2,2,3,1,4,18899,4,3,7,9,1,16,2.0,69047.72894688007,12784,50148.72894688007,0,0,1,0,1,1,0,0,0
37,45,3,1,5,2,2,3,16309,1,13,10,6,1,16,3.0,69047.72894688007,12784,52738.72894688007,0,0,0,0,1,0,0,1,0
25,13,2,3,2,3,2,3,19097,2,10,1,1,0,2,2.33,69047.72894688007,12784,49950.72894688007,0,0,1,0,1,0,1,0,0
46,27,3,5,3,4,2,1,5490,1,3,11,1,0,12,3.0,69047.72894688007,12784,63557.72894688007,1,0,1,0,0,1,0,0,1
32,47,3,5,1,3,2,4,19942,1,25,5,4,1,9,2.0,69047.72894688007,12784,49105.72894688007,1,1,0,0,1,0,0,1,1
24,24,2,4,1,2,3,1,3505,4,10,7,7,1,14,2.0,69047.72894688007,12784,65542.72894688007,0,0,1,0,0,0,1,0,1
21,10,3,4,2,2,3,4,11747,2,2,9,6,1,15,2.33,69047.72894688007,12784,57300.72894688007,1,0,0,1,0,0,0,0,0
22,27,1,2,2,4,4,1,18284,4,2,13,4,1,17,3.33,102997.714045,2542,84713.714045,1,0,1,0,1,0,0,0,1
54,29,4,3,1,1,3,3,9415,2,13,14,1,0,15,1.67,69047.72894688007,12784,59632.72894688007,0,1,0,1,0,0,0,1,0
21,33,3,2,4,2,2,2,14315,1,7,13,8,1,21,2.67,69047.72894688007,12784,54732.72894688007,1,1,0,0,1,0,1,0,0
20,12,3,3,5,4,1,1,6801,4,8,11,8,1,19,3.33,69047.72894688007,12784,62246.72894688007,0,0,1,0,0,0,1,0,1
57,18,3,3,4,2,3,2,16084,2,21,11,6,1,17,3.0,69047.72894688007,12784,52963.72894688007,0,1,0,0,1,0,0,1,0
31,46,3,4,3,1,1,3,17673,4,27,8,6,1,14,1.67,69047.72894688007,12784,51374.72894688007,1,0,1,0,1,0,0,1,0
43,45,1,1,2,1,3,2,12316,3,5,14,2,0,16,2.0,69047.72894688007,12784,56731.72894688007,1,0,1,1,0,1,0,0,1
27,17,2,5,3,3,2,2,19521,3,4,2,7,1,9,2.67,69047.72894688007,12784,49526.72894688007,1,1,0,0,1,1,0,0,1
25,27,1,5,2,3,2,4,3367,3,28,6,6,1,12,2.33,102997.714045,2542,99630.714045,0,0,0,0,0,0,0,1,0
18,14,3,1,3,2,3,1,1514,1,0,0,0,0,0,2.67,89817.88593023256,119,88303.88593023256,0,1,0,0,0,0,0,0,0
57,43,2,3,5,1,2,2,5345,4,6,12,3,1,15,2.67,102997.714045,2542,97652.714045,0,0,0,0,0,0,1,0,0
36,4,1,2,1,3,2,1,7970,4,11,13,6,1,19,2.0,69047.72894688007,12784,61077.72894688007,0,1,0,1,0,0,0,1,0
29,28,2,1,1,4,2,1,3785,1,5,4,0,0,4,2.33,89817.88593023256,119,86032.88593023256,0,1,0,0,0,1,0,0,0
42,19,4,5,5,1,4,1,15878,3,14,11,2,0,13,3.33,69047.72894688007,12784,53169.72894688007,0,0,1,0,1,0,0,1,0
52,25,4,1,1,2,4,1,11420,3,23,7,3,1,10,2.33,69047.72894688007,12784,57627.72894688007,0,0,0,1,0,0,0,1,1
32,24,1,2,2,1,1,1,9557,1,10,12,4,1,16,1.33,69047.72894688007,12784,59490.72894688007,0,1,0,1,0,0,1,0,1
23,5,4,5,5,4,1,4,18537,1,21,14,4,1,18,3.33,102997.714045,2542,84460.714045,1,0,1,0,1,0,0,1,1
37,13,4,1,4,1,2,4,9278,4,23,2,7,1,9,2.33,69047.72894688007,12784,59769.72894688007,1,1,0,1,0,0,0,1,0
43,12,1,4,4,3,1,2,4646,3,15,13,0,0,13,2.67,69047.72894688007,12784,64401.72894688007,0,1,0,0,0,0,0,1,0
31,34,3,1,5,3,1,1,6527,4,3,14,9,1,23,3.0,69047.72894688007,12784,62520.72894688007,0,0,1,0,0,1,0,0,0
32,34,3,5,4,2,2,3,5090,1,25,7,3,1,10,2.67,102997.714045,2542,97907.714045,0,0,1,0,0,0,0,1,0
55,12,2,5,3,3,3,1,19251,4,8,3,5,1,8,3.0,102997.714045,2542,83746.714045,0,1,0,0,1,0,1,0,0
34,29,3,2,3,2,1,3,5429,4,8,7,7,1,14,2.0,17372.83423076923,33,11943.83423076923,0,0,1,0,0,0,1,0,0
37,13,3,5,1,3,2,3,14036,2,5,12,6,1,18,2.0,69047.72894688007,12784,55011.72894688007,0,0,0,0,1,1,0,0,0
32,48,3,3,4,3,1,4,4453,2,10,4,2,0,6,2.67,69047.72894688007,12784,64594.72894688007,0,1,0,0,0,0,1,0,1
38,4,2,4,4,4,1,1,6121,1,18,13,5,1,18,3.0,69047.72894688007,12784,62926.72894688007,0,1,0,0,0,0,0,1,0
49,39,2,1,3,1,1,4,4970,3,2,1,8,1,9,1.67,102997.714045,2542,98027.714045,1,1,0,0,0,0,0,0,0
41,3,1,4,2,4,3,1,16270,4,15,3,4,1,7,3.0,69047.72894688007,12784,52777.72894688007,1,0,0,0,1,0,0,1,0
35,27,4,5,1,4,3,2,17056,1,14,9,9,1,18,2.67,69047.72894688007,12784,51991.72894688007,0,0,1,0,1,0,0,1,0
27,28,4,3,5,1,4,3,13441,1,24,11,6,1,17,3.33,69047.72894688007,12784,55606.72894688007,1,1,0,1,0,0,0,1,0
33,30,2,2,5,4,1,4,8628,3,20,13,1,0,14,3.33,69047.72894688007,12784,60419.72894688007,0,1,0,1,0,0,0,1,0
36,3,3,2,2,1,4,3,9278,3,5,4,0,0,4,2.33,91683.75438596492,139,82405.75438596492,1,1,0,1,0,1,0,0,0
24,10,1,3,4,2,2,2,13286,2,18,9,8,1,17,2.67,69047.72894688007,12784,55761.72894688007,0,0,1,1,0,0,0,1,0
54,47,1,3,5,1,2,2,17702,3,16,2,3,1,5,2.67,102997.714045,2542,85295.714045,1,1,0,0,1,0,0,1,0
42,24,3,4,1,1,3,3,7748,3,1,9,0,0,9,1.67,69047.72894688007,12784,61299.72894688007,1,1,0,1,0,0,0,0,0
38,8,2,5,3,1,1,4,5534,2,16,10,8,1,18,1.67,102997.714045,2542,97463.714045,0,0,1,0,0,0,0,1,0
34,43,2,4,4,3,2,2,18178,3,14,13,9,1,22,3.0,102997.714045,2542,84819.714045,1,1,0,0,1,0,0,1,0
45,12,2,2,5,2,3,2,11253,1,1,10,3,1,13,3.33,102997.714045,2542,91744.714045,1,0,0,1,0,0,0,0,0
36,30,2,2,5,3,2,1,4912,3,1,5,7,1,12,3.33,69047.72894688007,12784,64135.72894688007,0,1,0,0,0,0,0,0,0
43,20,2,3,1,1,3,1,17661,4,25,6,0,0,6,1.67,69047.72894688007,12784,51386.72894688007,1,0,0,0,1,0,0,1,1
33,40,1,4,3,1,1,1,13559,2,27,9,4,1,13,1.67,102997.714045,2542,89438.714045,1,0,1,1,0,0,0,1,1
43,9,3,1,3,1,3,2,2438,4,3,2,1,0,3,2.33,89817.88593023256,119,87379.88593023256,0,1,0,0,0,1,0,0,0
59,14,1,4,1,4,4,3,5066,4,11,3,1,0,4,3.0,69047.72894688007,12784,63981.72894688007,1,0,1,0,0,0,0,1,0
36,13,4,5,3,1,4,4,11587,3,1,8,6,1,14,2.67,69047.72894688007,12784,57460.72894688007,1,0,1,1,0,0,0,0,1
41,16,1,4,4,4,2,1,14259,1,24,14,9,1,23,3.33,69047.72894688007,12784,54788.72894688007,1,0,0,0,1,0,0,1,1
30,36,1,2,5,3,4,3,12563,4,26,10,1,0,11,4.0,69047.72894688007,12784,56484.72894688007,0,0,1,1,0,0,0,1,0
55,1,4,1,4,3,4,1,12396,3,23,5,0,0,5,3.67,69047.72894688007,12784,56651.72894688007,0,0,1,1,0,0,0,1,0
40,25,2,4,4,4,2,2,6142,3,13,8,2,0,10,3.33,69047.72894688007,12784,62905.72894688007,1,0,0,0,0,0,0,1,1
57,6,3,5,3,3,3,3,4802,3,20,8,1,0,9,3.0,69047.72894688007,12784,64245.72894688007,1,1,0,0,0,0,0,1,0
34,19,2,1,4,2,2,3,2929,1,10,9,8,1,17,2.67,89817.88593023256,119,86888.88593023256,0,0,1,0,0,0,1,0,0
39,3,2,2,3,3,4,3,3069,0,10,8,0,0,8,3.33,17372.83423076923,33,14303.83423076923,0,0,0,0,0,0,1,0,0
31,18,1,1,1,4,4,3,3005,4,5,14,1,0,15,3.0,69047.72894688007,12784,66042.72894688007,1,0,1,0,0,1,0,0,0
36,36,3,1,3,3,2,4,4309,2,6,6,9,1,15,2.67,69047.72894688007,12784,64738.72894688007,1,0,1,0,0,0,1,0,0
31,34,3,5,5,3,4,3,6541,3,6,3,3,1,6,4.0,69047.72894688007,12784,62506.72894688007,1,0,0,0,0,0,1,0,1
30,36,3,2,4,1,4,4,19674,3,23,12,7,1,19,3.0,69047.72894688007,12784,49373.72894688007,1,0,1,0,1,0,0,1,0
46,2,4,3,3,1,1,2,16048,4,11,13,5,1,18,1.67,102997.714045,2542,86949.714045,1,1,0,0,1,0,0,1,0
38,46,4,1,4,3,2,1,19099,1,1,3,5,1,8,3.0,69047.72894688007,12784,49948.72894688007,0,0,0,0,1,0,0,0,0
37,1,2,5,4,4,2,4,5096,2,9,3,5,1,8,3.33,69047.72894688007,12784,63951.72894688007,0,0,1,0,0,0,1,0,0
47,22,2,3,1,2,4,2,5964,3,22,2,2,0,4,2.33,69047.72894688007,12784,63083.72894688007,0,0,0,0,0,0,0,1,0
47,47,1,2,1,3,3,2,11981,3,14,9,4,1,13,2.33,69047.72894688007,12784,57066.72894688007,1,0,0,1,0,0,0,1,0
20,35,1,3,3,2,3,2,5258,4,6,14,5,1,19,2.67,102997.714045,2542,97739.714045,1,0,1,0,0,0,1,0,0
44,24,1,1,2,3,3,4,3736,4,23,5,2,0,7,2.67,69047.72894688007,12784,65311.72894688007,1,1,0,0,0,0,0,1,0
58,25,1,5,1,1,4,3,16375,3,13,12,3,1,15,2.0,69047.72894688007,12784,52672.72894688007,0,1,0,0,1,0,0,1,0
34,22,4,4,5,3,3,2,9540,2,21,1,5,1,6,3.67,102997.714045,2542,93457.714045,0,0,0,1,0,0,0,1,0
34,4,4,2,4,3,1,4,7697,4,16,7,1,0,8,2.67,69047.72894688007,12784,61350.72894688007,0,0,0,1,0,0,0,1,0
45,4,3,2,2,3,2,2,4447,1,9,7,0,0,7,2.33,17372.83423076923,33,12925.83423076923,0,0,1,0,0,0,1,0,0
46,44,1,5,3,4,2,3,9203,1,29,4,6,1,10,3.0,102997.714045,2542,93794.714045,0,0,0,1,0,0,0,1,1
22,14,2,3,5,1,1,4,17735,1,22,7,6,1,13,2.33,69047.72894688007,12784,51312.72894688007,0,1,0,0,1,0,0,1,1
27,34,4,2,2,1,3,3,10028,1,14,6,5,1,11,2.0,69047.72894688007,12784,59019.72894688007,1,0,0,1,0,0,0,1,1
35,1,2,1,3,2,1,3,2859,1,6,4,0,0,4,2.0,89817.88593023256,119,86958.88593023256,0,1,0,0,0,0,1,0,0
56,14,1,1,1,4,1,3,15247,2,10,2,2,0,4,2.0,69047.72894688007,12784,53800.72894688007,1,0,1,0,1,0,1,0,1
57,34,3,4,3,3,4,4,9081,2,19,5,7,1,12,3.33,69047.72894688007,12784,59966.72894688007,0,0,1,1,0,0,0,1,0
53,14,3,5,1,2,3,4,11851,3,13,7,9,1,16,2.0,102997.714045,2542,91146.714045,1,0,1,1,0,0,0,1,0
42,5,3,3,4,4,2,2,17710,1,13,13,8,1,21,3.33,69047.72894688007,12784,51337.72894688007,1,1,0,0,1,0,0,1,0
28,22,1,2,5,1,4,1,8492,2,10,14,5,1,19,3.33,69047.72894688007,12784,60555.72894688007,0,0,1,1,0,0,1,0,0
28,39,1,5,5,4,2,3,18745,4,23,14,9,1,23,3.67,69047.72894688007,12784,50302.72894688007,1,1,0,0,1,0,0,1,1
28,6,4,4,2,3,4,4,10643,4,21,12,6,1,18,3.0,69047.72894688007,12784,58404.72894688007,0,1,0,1,0,0,0,1,1
40,14,3,4,1,3,1,1,10898,2,1,7,5,1,12,1.67,69047.72894688007,12784,58149.72894688007,0,0,0,1,0,0,0,0,0
34,2,2,1,3,4,3,3,2768,3,7,3,5,1,8,3.33,89817.88593023256,119,87049.88593023256,0,0,0,0,0,0,1,0,0
34,8,3,2,1,2,3,3,5121,3,0,0,0,0,0,2.0,69047.72894688007,12784,63926.72894688007,0,0,0,0,0,0,0,0,0
53,37,3,1,4,1,4,2,16064,4,10,10,7,1,17,3.0,102997.714045,2542,86933.714045,1,0,1,0,1,0,1,0,1
40,14,2,5,3,3,1,4,19626,1,20,7,4,1,11,2.33,69047.72894688007,12784,49421.72894688007,0,1,0,0,1,0,0,1,0
23,4,4,1,4,1,2,3,7298,2,27,8,1,0,9,2.33,69047.72894688007,12784,61749.72894688007,1,1,0,0,0,0,0,1,1
38,39,1,4,5,1,2,1,12853,4,18,5,0,0,5,2.67,69047.72894688007,12784,56194.72894688007,1,1,0,1,0,0,0,1,0
29,13,1,5,2,1,2,1,5313,1,25,1,7,1,8,1.67,69047.72894688007,12784,63734.72894688007,1,0,1,0,0,0,0,1,1
56,12,1,5,2,3,4,3,14925,1,3,6,9,1,15,3.0,102997.714045,2542,88072.714045,1,0,1,0,1,1,0,0,0
36,8,4,3,1,1,1,3,11713,9,8,7,0,0,7,1.0,69047.72894688007,12784,57334.72894688007,0,0,1,1,0,0,1,0,0
43,43,3,4,1,4,4,2,9677,2,17,1,3,1,4,3.0,102997.714045,2542,93320.714045,1,0,1,1,0,0,0,1,1
52,15,4,2,3,3,3,3,12170,3,13,14,3,1,17,3.0,69047.72894688007,12784,56877.72894688007,0,1,0,1,0,0,0,1,0
54,32,3,1,2,1,3,2,8112,2,7,2,2,0,4,2.0,69047.72894688007,12784,60935.72894688007,1,0,0,1,0,0,1,0,0
39,25,3,4,1,3,2,4,18499,2,2,7,0,0,7,2.0,69047.72894688007,12784,50548.72894688007,0,0,1,0,1,0,0,0,0
36,5,2,1,1,2,4,4,3419,9,1,1,0,0,1,2.33,89817.88593023256,119,86398.88593023256,1,0,1,0,0,0,0,0,0
20,48,2,2,4,2,1,1,10638,3,24,8,4,1,12,2.33,69047.72894688007,12784,58409.72894688007,1,0,0,1,0,0,0,1,0
34,35,4,2,3,1,3,3,16828,2,5,14,4,1,18,2.33,69047.72894688007,12784,52219.72894688007,1,0,0,0,1,1,0,0,0
36,4,4,2,5,3,1,4,4419,1,20,1,5,1,6,3.0,69047.72894688007,12784,64628.72894688007,1,0,1,0,0,0,0,1,0
36,13,2,5,2,4,3,2,17755,3,8,3,7,1,10,3.0,69047.72894688007,12784,51292.72894688007,1,1,0,0,1,0,1,0,0
30,1,1,4,4,2,3,2,3814,4,18,8,7,1,15,3.0,69047.72894688007,12784,65233.72894688007,0,0,0,0,0,0,0,1,0
59,11,3,2,2,3,1,4,9739,4,15,9,7,1,16,2.0,69047.72894688007,12784,59308.72894688007,0,1,0,1,0,0,0,1,0
52,46,1,5,1,3,3,3,19465,1,16,11,3,1,14,2.33,69047.72894688007,12784,49582.72894688007,0,0,0,0,1,0,0,1,1
27,16,2,3,1,4,2,2,18092,2,3,10,2,0,12,2.33,69047.72894688007,12784,50955.72894688007,0,1,0,0,1,1,0,0,0
23,49,1,1,3,1,3,4,10341,1,21,11,7,1,18,2.33,69047.72894688007,12784,58706.72894688007,0,0,1,1,0,0,0,1,0
28,10,4,1,5,4,3,2,7412,4,22,11,4,1,15,4.0,102997.714045,2542,95585.714045,0,0,0,0,0,0,0,1,1
44,1,2,1,5,1,4,1,11419,1,13,14,3,1,17,3.33,102997.714045,2542,91578.714045,1,1,0,1,0,0,0,1,0
57,39,3,1,3,2,4,1,6761,2,25,11,0,0,11,3.0,69047.72894688007,12784,62286.72894688007,0,1,0,0,0,0,0,1,0
48,44,3,2,2,3,3,4,17301,4,21,1,4,1,5,2.67,69047.72894688007,12784,51746.72894688007,1,0,1,0,1,0,0,1,0
49,11,3,2,3,2,3,2,16871,4,25,6,5,1,11,2.67,102997.714045,2542,86126.714045,1,1,0,0,1,0,0,1,0
30,2,3,1,2,3,1,3,2476,1,1,0,0,0,0,2.0,69047.72894688007,12784,66571.72894688007,0,0,1,0,0,0,0,0,0
32,2,4,5,1,3,3,1,6663,2,23,9,0,0,9,2.33,69047.72894688007,12784,62384.72894688007,0,1,0,0,0,0,0,1,0
33,17,3,1,5,4,4,1,15542,3,23,3,3,1,6,4.33,69047.72894688007,12784,53505.72894688007,0,1,0,0,1,0,0,1,1
46,1,1,2,1,2,1,4,4950,4,29,5,8,1,13,1.33,69047.72894688007,12784,64097.72894688007,0,0,0,0,0,0,0,1,0
35,21,3,5,1,1,2,4,15371,3,17,13,3,1,16,1.33,69047.72894688007,12784,53676.72894688007,0,0,1,0,1,0,0,1,0
36,3,2,3,4,1,3,3,7644,0,9,7,3,1,10,2.67,91683.75438596492,139,84039.75438596492,0,0,1,1,0,0,1,0,0
44,46,2,1,1,3,3,2,8064,4,23,3,9,1,12,2.33,69047.72894688007,12784,60983.72894688007,1,0,1,1,0,0,0,1,1
29,19,3,2,5,4,1,3,7874,3,1,11,0,0,11,3.33,69047.72894688007,12784,61173.72894688007,0,0,1,1,0,0,0,0,0
49,30,4,1,4,3,4,2,19237,4,28,10,5,1,15,3.67,102997.714045,2542,83760.714045,1,0,1,0,1,0,0,1,0
20,28,1,2,3,4,3,2,14691,2,20,6,7,1,13,3.33,69047.72894688007,12784,54356.72894688007,1,0,0,0,1,0,0,1,0
59,31,2,1,3,2,3,3,6075,3,13,3,5,1,8,2.67,69047.72894688007,12784,62972.72894688007,1,1,0,0,0,0,0,1,0
59,22,1,1,2,3,3,3,19451,1,7,11,0,0,11,2.67,102997.714045,2542,83546.714045,1,0,1,0,1,0,1,0,0
57,40,3,5,5,2,3,2,4822,2,17,1,5,1,6,3.33,102997.714045,2542,98175.714045,0,1,0,0,0,0,0,1,1
44,45,1,2,3,4,4,3,6375,1,21,9,7,1,16,3.67,69047.72894688007,12784,62672.72894688007,0,1,0,0,0,0,0,1,0
25,22,3,3,5,2,3,2,15911,1,8,5,6,1,11,3.33,69047.72894688007,12784,53136.72894688007,1,0,0,0,1,0,1,0,0
23,9,4,2,3,1,4,3,4597,2,23,13,1,0,14,2.67,102997.714045,2542,98400.714045,0,0,1,0,0,0,0,1,0
43,35,1,2,4,1,2,2,11614,4,4,8,5,1,13,2.33,102997.714045,2542,91383.714045,1,0,1,1,0,1,0,0,0
40,29,1,4,4,3,4,1,7454,3,25,13,5,1,18,3.67,102997.714045,2542,95543.714045,0,1,0,0,0,0,0,1,0
50,44,4,1,4,4,2,2,3874,3,10,12,1,0,13,3.33,102997.714045,2542,99123.714045,1,1,0,0,0,0,1,0,1
32,25,1,2,4,4,1,3,19916,3,24,2,2,0,4,3.0,69047.72894688007,12784,49131.72894688007,1,0,1,0,1,0,0,1,1
45,39,3,1,5,3,2,4,11395,3,6,1,7,1,8,3.33,102997.714045,2542,91602.714045,0,0,0,1,0,0,1,0,0
51,5,3,2,4,1,3,1,19827,1,14,11,6,1,17,2.67,69047.72894688007,12784,49220.72894688007,1,0,1,0,1,0,0,1,0
27,35,4,4,5,4,2,3,16364,1,18,9,7,1,16,3.67,69047.72894688007,12784,52683.72894688007,1,0,0,0,1,0,0,1,0
39,37,1,1,4,3,2,1,7522,1,11,11,1,0,12,3.0,69047.72894688007,12784,61525.72894688007,1,1,0,0,0,0,0,1,0
49,45,2,5,3,4,4,3,9019,3,2,12,0,0,12,3.67,69047.72894688007,12784,60028.72894688007,0,0,1,1,0,0,0,0,1
49,48,3,4,1,4,3,4,17645,1,19,1,3,1,4,2.67,102997.714045,2542,85352.714045,1,1,0,0,1,0,0,1,0
37,22,3,2,4,3,3,4,19000,1,27,7,3,1,10,3.33,69047.72894688007,12784,50047.72894688007,1,0,0,0,1,0,0,1,0
53,4,2,4,3,3,1,4,9919,4,17,10,7,1,17,2.33,69047.72894688007,12784,59128.72894688007,0,1,0,1,0,0,0,1,0
30,3,3,1,4,3,3,1,2097,4,5,3,1,0,4,3.33,17372.83423076923,33,15275.83423076923,0,0,1,0,0,1,0,0,0
22,24,3,2,2,4,3,4,16081,4,16,12,4,1,16,3.0,69047.72894688007,12784,52966.72894688007,0,0,0,0,1,0,0,1,0
30,45,1,2,4,3,1,1,13202,3,20,3,4,1,7,2.67,69047.72894688007,12784,55845.72894688007,0,0,1,1,0,0,0,1,0
30,9,1,3,3,2,4,1,10263,2,20,13,7,1,20,3.0,69047.72894688007,12784,58784.72894688007,0,0,0,1,0,0,0,1,0
49,40,3,1,1,4,4,1,11848,3,12,14,2,0,16,3.0,69047.72894688007,12784,57199.72894688007,0,0,0,1,0,0,0,1,0
55,2,4,3,2,3,4,4,8603,1,10,1,1,0,2,3.0,69047.72894688007,12784,60444.72894688007,1,0,0,1,0,0,1,0,0
47,10,2,1,3,2,1,2,14254,3,12,13,5,1,18,2.0,69047.72894688007,12784,54793.72894688007,1,0,1,0,1,0,0,1,1
37,2,1,3,4,1,2,2,6230,2,18,5,4,1,9,2.33,69047.72894688007,12784,62817.72894688007,0,0,1,0,0,0,0,1,0
52,7,4,4,2,4,1,1,11507,1,29,7,3,1,10,2.33,69047.72894688007,12784,57540.72894688007,0,0,1,1,0,0,0,1,0
47,33,1,5,3,1,2,3,3472,2,9,10,2,0,12,2.0,69047.72894688007,12784,65575.72894688007,0,0,0,0,0,0,1,0,0
30,40,3,1,1,2,3,3,6249,4,5,5,4,1,9,2.0,102997.714045,2542,96748.714045,0,0,0,0,0,1,0,0,0
34,41,2,2,3,3,2,2,8017,1,5,4,4,1,8,2.67,69047.72894688007,12784,61030.72894688007,0,1,0,1,0,1,0,0,0
34,2,4,1,4,4,1,3,2932,0,5,0,1,0,1,3.0,89817.88593023256,119,86885.88593023256,1,0,1,0,0,1,0,0,0
44,37,2,1,1,3,4,4,3966,2,14,11,6,1,17,2.67,69047.72894688007,12784,65081.72894688007,1,0,1,0,0,0,0,1,1
25,28,2,4,4,4,4,2,16457,4,18,2,2,0,4,4.0,69047.72894688007,12784,52590.72894688007,0,0,1,0,1,0,0,1,0
47,12,3,3,4,2,4,4,5043,1,4,1,3,1,4,3.33,69047.72894688007,12784,64004.72894688007,0,0,1,0,0,1,0,0,0
50,32,1,4,2,3,1,1,9042,4,29,9,8,1,17,2.0,102997.714045,2542,93955.714045,1,0,1,1,0,0,0,1,0
29,5,4,2,4,1,1,3,8338,4,23,3,9,1,12,2.0,69047.72894688007,12784,60709.72894688007,0,1,0,1,0,0,0,1,0
29,46,3,1,5,1,2,4,18513,2,2,10,0,0,10,2.67,69047.72894688007,12784,50534.72894688007,0,0,0,0,1,0,0,0,0
21,6,2,1,5,3,1,4,3002,2,21,11,7,1,18,3.0,69047.72894688007,12784,66045.72894688007,0,0,0,0,0,0,0,1,0
37,23,4,5,1,4,2,4,12923,3,3,10,2,0,12,2.33,69047.72894688007,12784,56124.72894688007,1,0,0,1,0,1,0,0,0
27,48,2,4,5,1,3,1,3065,2,2,7,9,1,16,3.0,69047.72894688007,12784,65982.72894688007,0,1,0,0,0,0,0,0,1
35,48,1,1,4,3,3,2,17691,2,27,14,1,0,15,3.33,69047.72894688007,12784,51356.72894688007,1,0,1,0,1,0,0,1,0
33,34,4,4,2,4,4,1,7415,1,5,1,7,1,8,3.33,69047.72894688007,12784,61632.72894688007,1,0,0,0,0,1,0,0,0
33,2,3,1,1,1,1,4,2707,7,9,7,1,0,8,1.0,17372.83423076923,33,14665.83423076923,0,0,1,0,0,0,1,0,1
39,24,4,4,2,3,1,3,17950,2,7,11,3,1,14,2.0,102997.714045,2542,85047.714045,1,0,1,0,1,0,1,0,0
50,34,2,1,1,4,3,2,11613,3,23,9,4,1,13,2.67,69047.72894688007,12784,57434.72894688007,1,1,0,1,0,0,0,1,1
20,39,3,4,1,2,4,3,14228,1,28,9,3,1,12,2.33,69047.72894688007,12784,54819.72894688007,0,0,0,0,1,0,0,1,0
40,11,1,3,2,2,3,3,7892,2,11,2,0,0,2,2.33,69047.72894688007,12784,61155.72894688007,0,1,0,1,0,0,0,1,0
37,17,1,2,3,1,4,4,15216,1,28,5,7,1,12,2.67,69047.72894688007,12784,53831.72894688007,1,0,1,0,1,0,0,1,0
30,30,1,3,1,4,3,1,12535,2,12,11,9,1,20,2.67,102997.714045,2542,90462.714045,0,0,0,1,0,0,0,1,0
29,26,4,2,5,2,3,2,5101,4,25,4,6,1,10,3.33,69047.72894688007,12784,63946.72894688007,0,0,0,0,0,0,0,1,0
25,43,3,4,4,4,3,2,15661,2,6,9,6,1,15,3.67,69047.72894688007,12784,53386.72894688007,0,0,0,0,1,0,1,0,1
21,10,2,3,4,1,2,1,19625,3,27,3,0,0,3,2.33,69047.72894688007,12784,49422.72894688007,1,0,1,0,1,0,0,1,0
48,22,4,5,3,3,4,3,10043,1,17,3,2,0,5,3.33,69047.72894688007,12784,59004.72894688007,1,0,1,1,0,0,0,1,0
38,35,2,4,2,3,2,1,5972,4,11,9,8,1,17,2.33,102997.714045,2542,97025.714045,0,0,1,0,0,0,0,1,0
51,2,1,2,2,4,4,3,5482,5,4,1,1,0,2,3.33,69047.72894688007,12784,63565.72894688007,0,0,0,0,0,1,0,0,0
20,37,3,5,2,1,4,4,15699,2,16,2,1,0,3,2.33,102997.714045,2542,87298.714045,0,0,0,0,1,0,0,1,0
52,24,1,3,2,2,2,3,13220,3,24,4,2,0,6,2.0,69047.72894688007,12784,55827.72894688007,0,1,0,1,0,0,0,1,0
27,8,1,1,2,2,2,3,17591,2,12,1,5,1,6,2.0,102997.714045,2542,85406.714045,1,0,1,0,1,0,0,1,0
21,10,2,1,3,1,2,4,7782,3,9,5,4,1,9,2.0,69047.72894688007,12784,61265.72894688007,0,0,0,1,0,0,1,0,0
39,45,4,3,3,4,4,3,11387,2,18,8,6,1,14,3.67,69047.72894688007,12784,57660.72894688007,1,1,0,1,0,0,0,1,0
26,49,1,4,3,3,3,1,4509,1,8,9,9,1,18,3.0,102997.714045,2542,98488.714045,1,0,1,0,0,0,1,0,0
35,2,3,2,4,2,3,3,5762,2,7,7,1,0,8,3.0,69047.72894688007,12784,63285.72894688007,0,0,0,0,0,0,1,0,0
38,24,4,2,2,3,1,3,9320,1,20,5,3,1,8,2.0,69047.72894688007,12784,59727.72894688007,0,0,1,1,0,0,0,1,1
36,47,1,2,3,4,2,1,10275,2,17,11,2,0,13,3.0,102997.714045,2542,92722.714045,1,1,0,1,0,0,0,1,0
43,31,1,4,2,3,1,2,11034,1,9,7,1,0,8,2.0,102997.714045,2542,91963.714045,0,0,1,1,0,0,1,0,0
47,28,2,4,1,2,2,1,5336,1,29,12,8,1,20,1.67,69047.72894688007,12784,63711.72894688007,1,1,0,0,0,0,0,1,1
51,14,4,2,4,3,3,2,13561,3,25,2,3,1,5,3.33,69047.72894688007,12784,55486.72894688007,0,0,1,1,0,0,0,1,1
51,27,1,5,3,4,2,2,9978,4,17,1,8,1,9,3.0,69047.72894688007,12784,59069.72894688007,0,0,0,1,0,0,0,1,0
51,32,2,2,3,2,2,4,15632,3,21,12,4,1,16,2.33,69047.72894688007,12784,53415.72894688007,1,0,1,0,1,0,0,1,0
26,31,3,3,5,2,3,1,17013,4,26,11,0,0,11,3.33,69047.72894688007,12784,52034.72894688007,1,0,0,0,1,0,0,1,0
30,43,2,3,4,2,4,4,4459,4,14,8,1,0,9,3.33,69047.72894688007,12784,64588.72894688007,0,0,1,0,0,0,0,1,1
40,16,4,2,4,2,2,2,12562,1,9,9,3,1,12,2.67,69047.72894688007,12784,56485.72894688007,0,0,1,1,0,0,1,0,0
53,9,2,3,4,4,4,2,5637,3,2,4,2,0,6,4.0,102997.714045,2542,97360.714045,1,1,0,0,0,0,0,0,0
56,12,2,2,4,1,3,4,8772,1,11,3,7,1,10,2.67,102997.714045,2542,94225.714045,0,0,1,1,0,0,0,1,0
35,16,1,1,4,1,1,3,16597,4,17,9,6,1,15,2.0,102997.714045,2542,86400.714045,1,1,0,0,1,0,0,1,0
48,40,1,2,2,4,4,3,5428,4,1,6,8,1,14,3.33,69047.72894688007,12784,63619.72894688007,0,0,0,0,0,0,0,0,0
55,41,2,2,3,4,3,2,4723,3,26,4,6,1,10,3.33,69047.72894688007,12784,64324.72894688007,1,0,1,0,0,0,0,1,0
31,10,3,3,3,3,3,4,11031,4,11,7,4,1,11,3.0,69047.72894688007,12784,58016.72894688007,0,0,1,1,0,0,0,1,0
30,1,3,1,2,4,3,2,3748,1,12,8,1,0,9,3.0,17372.83423076923,33,13624.83423076923,0,0,1,0,0,0,0,1,0
32,22,1,5,5,1,3,3,7439,1,9,6,2,0,8,3.0,102997.714045,2542,95558.714045,1,0,0,0,0,0,1,0,1
53,2,4,4,2,4,2,2,16598,4,9,8,8,1,16,2.67,69047.72894688007,12784,52449.72894688007,0,1,0,0,1,0,1,0,0
32,33,3,4,2,2,4,3,4718,2,24,6,2,0,8,2.67,102997.714045,2542,98279.714045,0,1,0,0,0,0,0,1,0
31,19,1,3,4,2,3,1,6813,2,5,12,1,0,13,3.0,69047.72894688007,12784,62234.72894688007,1,0,0,0,0,1,0,0,0
37,42,3,4,4,4,1,4,15232,3,5,4,3,1,7,3.0,69047.72894688007,12784,53815.72894688007,1,0,0,0,1,1,0,0,0
28,33,1,5,2,2,2,2,17067,3,1,1,5,1,6,2.0,69047.72894688007,12784,51980.72894688007,0,0,1,0,1,0,0,0,0
47,24,3,3,5,3,4,2,19109,1,13,2,9,1,11,4.0,69047.72894688007,12784,49938.72894688007,0,0,0,0,1,0,0,1,0
22,7,3,3,2,2,1,3,14228,3,25,12,0,0,12,1.67,69047.72894688007,12784,54819.72894688007,1,0,0,0,1,0,0,1,1
32,12,4,3,1,2,1,2,16087,4,28,5,0,0,5,1.33,69047.72894688007,12784,52960.72894688007,1,0,0,0,1,0,0,1,0
47,44,4,3,3,2,3,3,11689,4,13,10,2,0,12,2.67,69047.72894688007,12784,57358.72894688007,0,0,0,1,0,0,0,1,0
30,2,2,2,1,3,4,4,3328,4,22,10,7,1,17,2.67,69047.72894688007,12784,65719.72894688007,0,1,0,0,0,0,0,1,0
44,39,4,4,3,1,1,4,11530,1,15,11,7,1,18,1.67,69047.72894688007,12784,57517.72894688007,0,1,0,1,0,0,0,1,0
43,15,3,2,4,3,1,3,11217,4,12,5,1,0,6,2.67,69047.72894688007,12784,57830.72894688007,0,0,1,1,0,0,0,1,0
52,3,2,5,5,4,2,3,7886,4,4,7,5,1,12,3.67,69047.72894688007,12784,61161.72894688007,1,0,1,1,0,1,0,0,0
56,38,4,3,2,4,3,4,8260,3,11,14,3,1,17,3.0,69047.72894688007,12784,60787.72894688007,1,1,0,1,0,0,0,1,0
37,10,4,3,4,3,1,3,13744,1,16,11,6,1,17,2.67,69047.72894688007,12784,55303.72894688007,1,0,1,0,1,0,0,1,0
40,34,1,1,3,2,3,3,9068,3,2,6,5,1,11,2.67,69047.72894688007,12784,59979.72894688007,1,1,0,1,0,0,0,0,0
36,16,1,2,3,2,2,2,16549,4,21,4,4,1,8,2.33,69047.72894688007,12784,52498.72894688007,0,0,0,0,1,0,0,1,0
46,10,2,3,4,3,3,3,9071,2,3,2,1,0,3,3.33,91683.75438596492,139,82612.75438596492,1,0,1,1,0,1,0,0,0
52,8,4,2,2,3,3,4,14064,2,12,5,9,1,14,2.67,69047.72894688007,12784,54983.72894688007,1,1,0,0,1,0,0,1,0
47,40,3,3,4,4,4,1,11279,2,9,1,5,1,6,4.0,102997.714045,2542,91718.714045,0,0,0,1,0,0,1,0,0
22,47,2,3,5,1,3,2,11429,3,23,13,3,1,16,3.0,69047.72894688007,12784,57618.72894688007,0,0,1,1,0,0,0,1,0
20,42,4,4,4,4,3,3,7374,4,4,8,0,0,8,3.67,69047.72894688007,12784,61673.72894688007,1,0,1,0,0,1,0,0,0
44,1,2,5,4,2,4,4,10456,1,21,2,8,1,10,3.33,69047.72894688007,12784,58591.72894688007,0,0,0,1,0,0,0,1,0
56,30,4,5,4,4,3,1,18029,2,5,7,6,1,13,3.67,69047.72894688007,12784,51018.72894688007,1,0,0,0,1,1,0,0,0
30,39,1,4,3,3,3,2,18105,4,17,10,2,0,12,3.0,69047.72894688007,12784,50942.72894688007,1,0,1,0,1,0,0,1,0
53,49,3,1,2,1,3,2,12679,3,3,7,9,1,16,2.0,69047.72894688007,12784,56368.72894688007,0,0,1,1,0,1,0,0,0
59,28,4,3,4,2,3,3,3421,2,9,13,3,1,16,3.0,69047.72894688007,12784,65626.72894688007,1,0,1,0,0,0,1,0,1
57,25,2,5,3,1,2,3,7278,4,14,7,2,0,9,2.0,69047.72894688007,12784,61769.72894688007,0,0,0,0,0,0,0,1,0
32,41,4,2,4,4,3,2,12659,2,5,12,5,1,17,3.67,69047.72894688007,12784,56388.72894688007,0,0,1,1,0,1,0,0,0
37,4,2,1,4,2,4,3,19918,2,3,11,6,1,17,3.33,69047.72894688007,12784,49129.72894688007,0,0,0,0,1,1,0,0,0
41,48,1,1,5,4,1,4,11494,3,25,5,3,1,8,3.33,69047.72894688007,12784,57553.72894688007,1,0,0,1,0,0,0,1,0
26,4,3,5,3,2,3,4,7943,3,3,13,2,0,15,2.67,69047.72894688007,12784,61104.72894688007,0,1,0,1,0,1,0,0,0
25,39,4,1,5,3,4,4,4705,2,21,6,0,0,6,4.0,69047.72894688007,12784,64342.72894688007,1,0,1,0,0,0,0,1,0
41,12,1,5,2,4,4,3,10735,4,26,7,1,0,8,3.33,69047.72894688007,12784,58312.72894688007,1,1,0,1,0,0,0,1,0
30,35,1,3,4,3,4,1,6508,2,16,13,7,1,20,3.67,69047.72894688007,12784,62539.72894688007,1,0,1,0,0,0,0,1,1
35,18,3,5,1,2,1,2,17624,2,20,8,3,1,11,1.33,69047.72894688007,12784,51423.72894688007,0,0,1,0,1,0,0,1,0
26,2,2,1,4,1,4,3,3904,0,4,3,1,0,4,3.0,89817.88593023256,119,85913.88593023256,0,1,0,0,0,1,0,0,0
20,10,3,1,3,4,4,3,1009,1,1,0,1,0,1,3.67,89817.88593023256,119,88808.88593023256,1,1,0,0,0,0,0,0,1
32,23,3,2,5,2,3,2,12584,1,18,6,8,1,14,3.33,69047.72894688007,12784,56463.72894688007,0,0,0,1,0,0,0,1,0
49,43,4,3,5,3,1,4,13081,4,5,12,9,1,21,3.0,69047.72894688007,12784,55966.72894688007,0,0,0,1,0,1,0,0,1
43,18,2,3,3,3,4,2,5799,4,13,11,1,0,12,3.33,69047.72894688007,12784,63248.72894688007,1,1,0,0,0,0,0,1,0
47,36,3,3,3,3,2,4,3597,1,29,9,9,1,18,2.67,69047.72894688007,12784,65450.72894688007,1,1,0,0,0,0,0,1,0
20,38,4,4,1,3,4,1,16175,4,19,5,9,1,14,2.67,69047.72894688007,12784,52872.72894688007,1,1,0,0,1,0,0,1,0
55,48,1,3,2,2,4,4,11463,3,21,10,2,0,12,2.67,69047.72894688007,12784,57584.72894688007,1,0,1,1,0,0,0,1,0
47,39,4,1,3,2,2,4,12032,1,27,7,6,1,13,2.33,102997.714045,2542,90965.714045,0,0,0,1,0,0,0,1,0
55,30,4,4,4,4,4,3,3904,1,3,7,5,1,12,4.0,102997.714045,2542,99093.714045,0,1,0,0,0,1,0,0,0
39,30,1,3,5,3,1,1,13993,4,27,10,4,1,14,3.0,69047.72894688007,12784,55054.72894688007,1,0,0,0,1,0,0,1,1
56,24,1,3,2,1,1,1,3637,3,28,6,5,1,11,1.33,69047.72894688007,12784,65410.72894688007,0,1,0,0,0,0,0,1,0
45,26,3,2,1,1,4,3,4286,2,1,1,0,0,1,2.0,91683.75438596492,139,87397.75438596492,0,0,1,0,0,0,0,0,1
27,37,1,5,4,3,4,1,15182,2,2,12,4,1,16,3.67,102997.714045,2542,87815.714045,0,0,1,0,1,0,0,0,0
28,36,1,1,2,1,1,2,6713,1,11,5,8,1,13,1.33,69047.72894688007,12784,62334.72894688007,1,0,1,0,0,0,0,1,0
55,39,2,2,1,1,2,1,4819,4,29,14,0,0,14,1.33,69047.72894688007,12784,64228.72894688007,1,0,0,0,0,0,0,1,0
47,33,4,1,2,3,1,3,10605,1,14,13,5,1,18,2.0,69047.72894688007,12784,58442.72894688007,1,1,0,1,0,0,0,1,0
25,4,1,3,1,2,4,3,18386,4,9,2,1,0,3,2.33,69047.72894688007,12784,50661.72894688007,1,0,0,0,1,0,1,0,0
49,1,1,2,2,1,3,3,13984,3,13,10,0,0,10,2.0,69047.72894688007,12784,55063.72894688007,0,1,0,0,1,0,0,1,1
32,39,3,1,3,2,4,1,17319,4,19,14,8,1,22,3.0,69047.72894688007,12784,51728.72894688007,0,0,1,0,1,0,0,1,0
47,45,4,3,3,4,1,3,8294,2,8,1,7,1,8,2.67,102997.714045,2542,94703.714045,0,0,0,1,0,0,1,0,0
24,4,2,3,2,4,3,1,3483,1,11,9,3,1,12,3.0,102997.714045,2542,99514.714045,1,0,0,0,0,0,0,1,0
43,44,3,2,5,4,1,1,19912,1,27,8,7,1,15,3.33,69047.72894688007,12784,49135.72894688007,0,0,0,0,1,0,0,1,0
25,3,2,2,5,3,3,1,13757,3,11,7,6,1,13,3.67,69047.72894688007,12784,55290.72894688007,0,0,0,0,1,0,0,1,0
59,16,2,1,4,4,4,3,13612,4,26,5,5,1,10,4.0,102997.714045,2542,89385.714045,1,0,1,1,0,0,0,1,0
47,32,1,5,5,1,3,4,19599,2,6,14,1,0,15,3.0,102997.714045,2542,83398.714045,1,1,0,0,1,0,1,0,0
37,16,2,2,3,4,4,3,6334,4,1,0,0,0,0,3.67,91683.75438596492,139,85349.75438596492,0,0,0,0,0,0,0,0,0
45,2,3,2,3,3,2,4,5154,4,8,7,5,1,12,2.67,91683.75438596492,139,86529.75438596492,0,0,1,0,0,0,1,0,0
42,46,3,2,1,4,4,4,16478,2,10,5,8,1,13,3.0,69047.72894688007,12784,52569.72894688007,1,1,0,0,1,0,1,0,0
20,21,4,4,1,3,4,4,12846,3,25,9,9,1,18,2.67,69047.72894688007,12784,56201.72894688007,1,1,0,1,0,0,0,1,0
51,31,2,1,2,2,2,2,4787,3,10,1,4,1,5,2.0,102997.714045,2542,98210.714045,1,1,0,0,0,0,1,0,0
43,45,2,1,5,2,2,2,3915,4,7,13,8,1,21,3.0,102997.714045,2542,99082.714045,1,0,0,0,0,0,1,0,0
43,20,3,4,3,2,1,3,4222,2,27,8,8,1,16,2.0,69047.72894688007,12784,64825.72894688007,0,1,0,0,0,0,0,1,0
59,47,1,4,5,4,3,2,10915,1,27,8,7,1,15,4.0,102997.714045,2542,92082.714045,1,0,1,1,0,0,0,1,0
30,44,4,5,4,1,2,4,19843,4,15,7,6,1,13,2.33,102997.714045,2542,83154.714045,1,1,0,0,1,0,0,1,1
42,20,2,4,4,2,1,4,3352,3,9,6,1,0,7,2.33,69047.72894688007,12784,65695.72894688007,0,0,0,0,0,0,1,0,1
34,30,4,2,3,4,2,2,3398,3,7,5,8,1,13,3.0,69047.72894688007,12784,65649.72894688007,0,0,1,0,0,0,1,0,0
49,43,4,3,1,3,1,4,19402,3,3,9,5,1,14,1.67,69047.72894688007,12784,49645.72894688007,0,0,0,0,1,1,0,0,1
53,23,3,2,1,4,4,3,6133,2,3,13,6,1,19,3.0,102997.714045,2542,96864.714045,1,0,1,0,0,1,0,0,0
34,23,4,2,5,3,3,1,4735,2,29,6,2,0,8,3.67,69047.72894688007,12784,64312.72894688007,1,1,0,0,0,0,0,1,0
42,21,3,1,5,1,2,2,19583,3,12,9,2,0,11,2.67,69047.72894688007,12784,49464.72894688007,1,1,0,0,1,0,0,1,0
42,25,1,3,1,1,3,1,16268,4,13,13,6,1,19,1.67,69047.72894688007,12784,52779.72894688007,0,0,0,0,1,0,0,1,1
53,25,2,4,2,1,1,1,7713,1,6,7,9,1,16,1.33,69047.72894688007,12784,61334.72894688007,1,1,0,1,0,0,1,0,0
55,2,2,4,1,3,1,3,13393,4,7,10,8,1,18,1.67,69047.72894688007,12784,55654.72894688007,1,1,0,1,0,0,1,0,0
53,30,4,3,1,3,2,1,4984,1,23,13,7,1,20,2.0,102997.714045,2542,98013.714045,0,0,0,0,0,0,0,1,0
38,1,2,1,1,1,1,2,2858,4,1,0,0,0,0,1.0,69047.72894688007,12784,66189.72894688007,0,1,0,0,0,0,0,0,0
23,25,1,1,4,3,2,1,18145,2,27,6,4,1,10,3.0,69047.72894688007,12784,50902.72894688007,0,1,0,0,1,0,0,1,0
33,35,3,3,5,4,4,2,6992,4,2,14,8,1,22,4.33,69047.72894688007,12784,62055.72894688007,0,0,1,0,0,0,0,0,0
28,12,3,2,4,3,3,1,9953,4,22,13,0,0,13,3.33,102997.714045,2542,93044.714045,0,0,1,1,0,0,0,1,0
21,6,3,1,2,1,4,4,3136,3,3,5,9,1,14,2.33,69047.72894688007,12784,65911.72894688007,0,1,0,0,0,1,0,0,1
23,7,2,1,5,3,4,4,15140,2,26,2,1,0,3,4.0,69047.72894688007,12784,53907.72894688007,1,1,0,0,1,0,0,1,1
40,27,1,3,3,4,2,4,3301,4,22,12,5,1,17,3.0,69047.72894688007,12784,65746.72894688007,1,0,0,0,0,0,0,1,0
29,1,3,1,4,1,2,4,4787,9,2,2,2,0,4,2.33,89817.88593023256,119,85030.88593023256,1,0,1,0,0,0,0,0,1
38,29,4,1,4,1,3,2,11553,3,6,7,5,1,12,2.67,102997.714045,2542,91444.714045,0,0,0,1,0,0,1,0,0
39,46,4,4,1,1,2,1,15431,3,16,8,0,0,8,1.33,69047.72894688007,12784,53616.72894688007,1,0,1,0,1,0,0,1,1
28,41,2,5,4,2,3,4,12605,4,14,14,4,1,18,3.0,69047.72894688007,12784,56442.72894688007,1,0,1,1,0,0,0,1,0
47,29,3,5,3,2,3,4,9966,4,16,1,0,0,1,2.67,69047.72894688007,12784,59081.72894688007,0,1,0,1,0,0,0,1,0
49,22,4,3,5,1,3,3,14944,3,10,2,4,1,6,3.0,102997.714045,2542,88053.714045,0,1,0,0,1,0,1,0,0
43,33,1,3,2,4,4,1,9713,3,26,13,0,0,13,3.33,69047.72894688007,12784,59334.72894688007,0,0,1,1,0,0,0,1,0
43,33,4,5,5,4,3,1,3813,3,17,6,3,1,9,4.0,102997.714045,2542,99184.714045,0,1,0,0,0,0,0,1,0
48,37,3,1,2,2,2,3,3057,2,14,6,5,1,11,2.0,69047.72894688007,12784,65990.72894688007,0,0,1,0,0,0,0,1,0
32,47,4,1,1,4,4,1,15389,4,4,2,1,0,3,3.0,69047.72894688007,12784,53658.72894688007,0,0,1,0,1,1,0,0,0
59,23,2,2,5,2,4,4,14532,3,13,10,3,1,13,3.67,69047.72894688007,12784,54515.72894688007,0,0,1,0,1,0,0,1,0
29,13,2,1,1,1,4,3,2335,4,2,2,2,0,4,2.0,61845.10984536083,269,59510.10984536083,1,0,0,0,0,0,0,0,1
36,15,3,5,4,2,2,1,14274,2,24,1,0,0,1,2.67,69047.72894688007,12784,54773.72894688007,0,0,0,0,1,0,0,1,0
31,20,4,5,2,4,3,2,7712,2,2,1,2,0,3,3.0,69047.72894688007,12784,61335.72894688007,0,1,0,1,0,0,0,0,0
34,7,1,2,3,1,4,3,6074,1,9,7,0,0,7,2.67,17372.83423076923,33,11298.83423076923,1,1,0,0,0,0,1,0,1
30,15,4,4,2,3,3,4,15375,1,10,7,8,1,15,2.67,102997.714045,2542,87622.714045,1,0,1,0,1,0,1,0,1
25,5,3,4,4,2,4,4,14230,3,10,6,8,1,14,3.33,69047.72894688007,12784,54817.72894688007,1,0,0,0,1,0,1,0,0
58,42,2,2,2,3,3,3,18783,3,17,5,2,0,7,2.67,102997.714045,2542,84214.714045,1,0,0,0,1,0,0,1,0
57,44,4,4,2,2,4,1,9987,3,5,1,9,1,10,2.67,69047.72894688007,12784,59060.72894688007,0,0,0,1,0,1,0,0,0
18,5,3,1,4,2,4,3,1051,1,0,0,0,0,0,3.33,89817.88593023256,119,88766.88593023256,0,1,0,0,0,0,0,0,0
42,8,2,2,5,1,2,3,4023,4,18,12,6,1,18,2.67,69047.72894688007,12784,65024.72894688007,0,0,0,0,0,0,0,1,1
36,39,2,4,1,1,3,3,3054,4,5,2,2,0,4,1.67,69047.72894688007,12784,65993.72894688007,0,1,0,0,0,1,0,0,0
42,36,1,5,3,4,2,3,13097,4,14,9,4,1,13,3.0,69047.72894688007,12784,55950.72894688007,1,0,0,1,0,0,0,1,0
40,24,4,4,2,2,4,2,13194,4,1,0,0,0,0,2.67,91683.75438596492,139,78489.75438596492,1,1,0,1,0,0,0,0,1
44,9,2,3,5,1,3,4,4156,3,10,9,6,1,15,3.0,69047.72894688007,12784,64891.72894688007,0,1,0,0,0,0,1,0,1
38,1,2,2,4,1,3,4,8686,4,8,3,0,0,3,2.67,91683.75438596492,139,82997.75438596492,0,1,0,1,0,0,1,0,0
50,48,2,1,3,2,2,2,10825,4,14,10,6,1,16,2.33,69047.72894688007,12784,58222.72894688007,0,0,0,1,0,0,0,1,0
28,38,3,4,3,1,4,1,13845,4,19,10,7,1,17,2.67,69047.72894688007,12784,55202.72894688007,1,0,0,0,1,0,0,1,1
54,34,2,1,5,4,2,4,7370,1,27,11,7,1,18,3.67,69047.72894688007,12784,61677.72894688007,0,0,1,0,0,0,0,1,1
49,27,3,1,1,4,1,4,19902,1,23,7,1,0,8,2.0,69047.72894688007,12784,49145.72894688007,0,0,0,0,1,0,0,1,0
54,26,4,3,5,4,3,4,16409,3,25,4,7,1,11,4.0,102997.714045,2542,86588.714045,0,0,1,0,1,0,0,1,0
30,35,3,1,5,1,1,1,9898,2,29,6,4,1,10,2.33,102997.714045,2542,93099.714045,1,0,1,1,0,0,0,1,0
35,30,2,3,3,4,1,3,4434,1,2,9,0,0,9,2.67,69047.72894688007,12784,64613.72894688007,0,0,0,0,0,0,0,0,0
40,33,2,2,2,4,3,1,6603,3,28,14,8,1,22,3.0,69047.72894688007,12784,62444.72894688007,1,0,1,0,0,0,0,1,1
20,47,4,1,2,4,1,3,8650,2,14,10,7,1,17,2.33,102997.714045,2542,94347.714045,0,0,0,1,0,0,0,1,0
55,45,3,1,5,3,2,2,8041,4,15,5,1,0,6,3.33,102997.714045,2542,94956.714045,1,0,1,1,0,0,0,1,0
43,15,2,3,1,2,4,3,16758,4,5,6,1,0,7,2.33,69047.72894688007,12784,52289.72894688007,0,0,0,0,1,1,0,0,1
45,6,3,4,5,4,3,2,16119,2,26,3,7,1,10,4.0,69047.72894688007,12784,52928.72894688007,0,1,0,0,1,0,0,1,0
44,30,3,1,2,2,2,3,15237,1,14,12,8,1,20,2.0,102997.714045,2542,87760.714045,0,0,1,0,1,0,0,1,0
38,39,2,4,2,2,1,1,18208,1,13,12,6,1,18,1.67,69047.72894688007,12784,50839.72894688007,0,0,1,0,1,0,0,1,0
47,30,3,1,2,3,2,3,6297,1,7,9,2,0,11,2.33,69047.72894688007,12784,62750.72894688007,0,0,1,0,0,0,1,0,0
48,30,4,5,2,1,4,3,8196,3,10,2,4,1,6,2.33,102997.714045,2542,94801.714045,1,0,0,1,0,0,1,0,0
45,31,4,4,5,1,4,2,7838,3,25,11,9,1,20,3.33,102997.714045,2542,95159.714045,0,1,0,1,0,0,0,1,0
29,5,2,2,2,1,2,2,4187,1,10,0,0,0,0,1.67,91683.75438596492,139,87496.75438596492,1,0,0,0,0,0,1,0,0
33,5,1,3,4,2,2,2,12657,1,16,1,9,1,10,2.67,69047.72894688007,12784,56390.72894688007,0,0,0,1,0,0,0,1,0
20,35,3,4,1,1,2,2,17020,1,16,2,0,0,2,1.33,102997.714045,2542,85977.714045,1,1,0,0,1,0,0,1,0
22,2,3,3,2,4,1,1,9960,2,1,8,5,1,13,2.33,69047.72894688007,12784,59087.72894688007,1,1,0,1,0,0,0,0,0
59,40,1,3,5,4,4,3,15083,2,8,2,3,1,5,4.33,69047.72894688007,12784,53964.72894688007,0,0,0,0,1,0,1,0,0
32,28,3,3,2,3,3,4,7168,3,5,9,6,1,15,2.67,69047.72894688007,12784,61879.72894688007,0,1,0,0,0,1,0,0,0
22,43,2,3,4,4,2,3,11536,1,22,8,0,0,8,3.33,69047.72894688007,12784,57511.72894688007,0,0,0,1,0,0,0,1,0
29,28,4,1,5,2,1,4,3331,2,14,7,7,1,14,2.67,69047.72894688007,12784,65716.72894688007,1,1,0,0,0,0,0,1,1
41,38,1,4,1,4,2,2,11419,4,2,13,9,1,22,2.33,69047.72894688007,12784,57628.72894688007,0,0,1,1,0,0,0,0,0
23,49,2,2,5,2,1,2,5570,2,29,1,0,0,1,2.67,102997.714045,2542,97427.714045,0,0,1,0,0,0,0,1,1
45,34,4,5,1,4,1,3,19856,2,27,9,9,1,18,2.0,69047.72894688007,12784,49191.72894688007,1,0,1,0,1,0,0,1,0
29,1,3,3,4,2,4,3,7918,1,11,10,4,1,14,3.33,91683.75438596492,139,83765.75438596492,0,0,1,1,0,0,0,1,0
33,33,1,1,3,3,2,1,10719,4,5,2,8,1,10,2.67,102997.714045,2542,92278.714045,1,1,0,1,0,1,0,0,0
36,36,2,3,3,2,1,3,7908,3,13,10,6,1,16,2.0,69047.72894688007,12784,61139.72894688007,1,1,0,1,0,0,0,1,0
34,35,2,5,3,2,3,2,18291,4,25,3,4,1,7,2.67,69047.72894688007,12784,50756.72894688007,1,0,0,0,1,0,0,1,0
48,5,2,1,2,1,2,2,7783,1,8,7,3,1,10,1.67,69047.72894688007,12784,61264.72894688007,0,1,0,1,0,0,1,0,0
27,44,2,5,4,2,1,1,10614,4,7,10,4,1,14,2.33,69047.72894688007,12784,58433.72894688007,1,0,0,1,0,0,1,0,0
28,46,3,5,3,2,1,4,17202,1,4,8,0,0,8,2.0,102997.714045,2542,85795.714045,0,1,0,0,1,1,0,0,0
43,10,3,1,4,3,1,3,2455,0,8,7,1,0,8,2.67,17372.83423076923,33,14917.83423076923,0,1,0,0,0,0,1,0,0
28,5,3,1,2,4,2,3,13605,2,12,5,2,0,7,2.67,69047.72894688007,12784,55442.72894688007,0,0,1,1,0,0,0,1,0
49,43,1,4,4,4,4,3,5283,1,25,4,8,1,12,4.0,102997.714045,2542,97714.714045,0,0,1,0,0,0,0,1,0
48,35,1,2,5,3,4,3,9153,2,13,14,6,1,20,4.0,102997.714045,2542,93844.714045,0,0,1,1,0,0,0,1,1
55,33,4,1,1,1,3,4,16947,3,20,1,2,0,3,1.67,69047.72894688007,12784,52100.72894688007,1,0,1,0,1,0,0,1,0
54,39,4,3,2,2,4,3,16696,3,7,5,2,0,7,2.67,69047.72894688007,12784,52351.72894688007,0,0,1,0,1,0,1,0,0
25,18,4,5,2,2,1,1,13909,1,20,2,3,1,5,1.67,69047.72894688007,12784,55138.72894688007,1,0,1,0,1,0,0,1,0
43,15,2,2,4,4,3,3,6804,3,2,2,2,0,4,3.67,91683.75438596492,139,84879.75438596492,0,0,1,0,0,0,0,0,0
27,41,4,1,3,2,4,4,6061,3,19,5,1,0,6,3.0,69047.72894688007,12784,62986.72894688007,0,0,1,0,0,0,0,1,0
34,14,2,4,3,4,4,3,7980,2,5,14,9,1,23,3.67,102997.714045,2542,95017.714045,1,0,0,1,0,1,0,0,0
56,4,4,4,2,1,1,2,7704,2,24,2,9,1,11,1.33,69047.72894688007,12784,61343.72894688007,1,0,0,1,0,0,0,1,0
30,9,4,4,2,1,2,4,15700,1,24,5,5,1,10,1.67,102997.714045,2542,87297.714045,1,0,1,0,1,0,0,1,0
43,49,1,5,3,3,1,2,14338,3,16,9,3,1,12,2.33,69047.72894688007,12784,54709.72894688007,0,1,0,0,1,0,0,1,0
50,6,3,1,3,2,3,3,8590,1,21,5,9,1,14,2.67,69047.72894688007,12784,60457.72894688007,1,0,0,1,0,0,0,1,0
58,33,4,2,5,2,4,1,15381,4,5,13,1,0,14,3.67,69047.72894688007,12784,53666.72894688007,1,0,0,0,1,1,0,0,0
23,42,1,4,4,4,2,1,15793,3,17,9,1,0,10,3.33,69047.72894688007,12784,53254.72894688007,1,0,1,0,1,0,0,1,0
57,48,1,4,3,2,3,3,12056,4,19,9,6,1,15,2.67,69047.72894688007,12784,56991.72894688007,1,0,0,1,0,0,0,1,0
22,7,1,5,5,3,2,1,15241,3,28,13,8,1,21,3.33,69047.72894688007,12784,53806.72894688007,0,0,0,0,1,0,0,1,0
33,21,1,5,4,3,4,1,16149,1,26,13,3,1,16,3.67,69047.72894688007,12784,52898.72894688007,0,1,0,0,1,0,0,1,0
30,7,1,3,5,1,1,4,19308,1,24,11,4,1,15,2.33,69047.72894688007,12784,49739.72894688007,1,0,1,0,1,0,0,1,0
32,7,3,1,4,1,2,2,4734,4,26,2,5,1,7,2.33,69047.72894688007,12784,64313.72894688007,0,0,1,0,0,0,0,1,0
39,32,1,3,2,3,4,2,10058,1,1,3,6,1,9,3.0,69047.72894688007,12784,58989.72894688007,0,0,1,1,0,0,0,0,1
20,36,3,2,5,4,2,1,19778,2,13,2,5,1,7,3.67,102997.714045,2542,83219.714045,1,1,0,0,1,0,0,1,0
49,3,4,2,2,3,1,2,3685,4,22,3,4,1,7,2.0,69047.72894688007,12784,65362.72894688007,1,1,0,0,0,0,0,1,1
53,28,2,3,5,2,3,2,17715,2,25,1,9,1,10,3.33,69047.72894688007,12784,51332.72894688007,1,1,0,0,1,0,0,1,0
33,46,3,5,5,3,4,1,7927,1,20,5,8,1,13,4.0,69047.72894688007,12784,61120.72894688007,0,1,0,1,0,0,0,1,0
48,38,4,5,4,3,1,3,9183,4,5,7,4,1,11,2.67,69047.72894688007,12784,59864.72894688007,1,0,1,1,0,1,0,0,0
42,12,1,4,2,3,3,4,5237,4,12,6,4,1,10,2.67,69047.72894688007,12784,63810.72894688007,0,0,0,0,0,0,0,1,0
23,8,2,4,1,2,3,3,17670,1,7,6,5,1,11,2.0,69047.72894688007,12784,51377.72894688007,0,1,0,0,1,0,1,0,0
47,4,1,4,2,4,4,2,10593,4,16,11,4,1,15,3.33,69047.72894688007,12784,58454.72894688007,0,1,0,1,0,0,0,1,0
58,7,4,2,5,3,1,4,8658,4,11,12,4,1,16,3.0,69047.72894688007,12784,60389.72894688007,1,1,0,1,0,0,0,1,1
40,12,2,1,3,4,1,3,16950,2,13,9,9,1,18,2.67,69047.72894688007,12784,52097.72894688007,1,0,0,0,1,0,0,1,0
49,26,2,4,3,4,3,4,15304,2,26,14,7,1,21,3.33,102997.714045,2542,87693.714045,0,0,1,0,1,0,0,1,0
57,15,1,2,4,3,4,4,15990,4,4,3,0,0,3,3.67,69047.72894688007,12784,53057.72894688007,0,1,0,0,1,1,0,0,0
55,38,1,5,3,1,4,4,13006,2,26,13,2,0,15,2.67,102997.714045,2542,89991.714045,0,1,0,1,0,0,0,1,0
23,5,4,1,1,3,3,3,15731,3,13,3,6,1,9,2.33,69047.72894688007,12784,53316.72894688007,0,0,0,0,1,0,0,1,0
24,24,4,2,4,3,4,3,17133,4,1,14,7,1,21,3.67,69047.72894688007,12784,51914.72894688007,0,1,0,0,1,0,0,0,0
32,21,4,3,3,2,2,1,13753,2,15,6,6,1,12,2.33,69047.72894688007,12784,55294.72894688007,1,0,0,0,1,0,0,1,0
37,13,3,4,1,2,3,4,4059,3,18,1,4,1,5,2.0,69047.72894688007,12784,64988.72894688007,1,0,0,0,0,0,0,1,0
35,46,1,3,3,2,2,2,10379,2,11,7,9,1,16,2.33,69047.72894688007,12784,58668.72894688007,0,1,0,1,0,0,0,1,1
46,1,2,1,5,3,2,2,8891,3,3,5,9,1,14,3.33,102997.714045,2542,94106.714045,1,1,0,1,0,1,0,0,0
47,17,3,1,5,1,3,3,18604,2,10,6,4,1,10,3.0,69047.72894688007,12784,50443.72894688007,0,0,0,0,1,0,1,0,0
50,14,2,1,5,2,2,4,12601,2,9,7,9,1,16,3.0,102997.714045,2542,90396.714045,1,0,1,1,0,0,1,0,0
50,30,3,4,5,1,2,4,16743,2,1,13,5,1,18,2.67,69047.72894688007,12784,52304.72894688007,1,1,0,0,1,0,0,0,0
25,18,4,1,1,3,4,3,9023,1,14,6,3,1,9,2.67,102997.714045,2542,93974.714045,1,0,0,1,0,0,0,1,0
42,30,4,1,3,2,4,3,13568,3,10,13,2,0,15,3.0,102997.714045,2542,89429.714045,0,0,1,1,0,0,1,0,0
28,24,4,5,3,4,4,2,10147,2,26,4,0,0,4,3.67,102997.714045,2542,92850.714045,0,1,0,1,0,0,0,1,0
37,46,3,1,2,1,2,4,13392,2,11,13,3,1,16,1.67,69047.72894688007,12784,55655.72894688007,1,0,0,1,0,0,0,1,0
25,2,1,2,2,3,4,1,4882,1,15,7,9,1,16,3.0,69047.72894688007,12784,64165.72894688007,1,0,0,0,0,0,0,1,0
59,4,1,2,1,2,1,4,18872,3,19,11,7,1,18,1.33,69047.72894688007,12784,50175.72894688007,1,0,0,0,1,0,0,1,0
42,45,4,2,1,4,4,3,11995,4,26,1,1,0,2,3.0,102997.714045,2542,91002.714045,0,0,1,1,0,0,0,1,1
28,4,3,3,3,1,3,4,10025,3,3,13,5,1,18,2.33,69047.72894688007,12784,59022.72894688007,1,1,0,1,0,1,0,0,1
43,46,4,5,3,4,4,3,17226,2,5,3,0,0,3,3.67,102997.714045,2542,85771.714045,0,0,1,0,1,1,0,0,0
24,31,4,2,2,2,2,3,16047,1,28,9,6,1,15,2.0,102997.714045,2542,86950.714045,0,0,1,0,1,0,0,1,0
34,45,3,4,5,4,1,4,13008,3,21,4,8,1,12,3.33,69047.72894688007,12784,56039.72894688007,1,0,0,1,0,0,0,1,1
48,5,4,5,2,3,2,1,3850,1,27,12,9,1,21,2.33,102997.714045,2542,99147.714045,0,0,0,0,0,0,0,1,0
45,42,2,2,4,3,4,1,8207,3,20,3,0,0,3,3.67,102997.714045,2542,94790.714045,1,0,0,1,0,0,0,1,0
22,8,3,1,1,3,3,3,2398,1,1,0,0,0,0,2.33,17372.83423076923,33,14974.83423076923,1,0,1,0,0,0,0,0,1
22,10,1,1,2,4,2,4,15475,2,24,9,6,1,15,2.67,102997.714045,2542,87522.714045,1,0,0,0,1,0,0,1,1
26,15,3,1,2,2,3,1,14324,2,4,9,5,1,14,2.33,102997.714045,2542,88673.714045,0,0,1,0,1,1,0,0,0
44,5,3,2,3,2,3,3,5668,3,16,1,2,0,3,2.67,69047.72894688007,12784,63379.72894688007,1,0,0,0,0,0,0,1,0
54,34,2,4,2,4,4,3,14916,4,8,3,7,1,10,3.33,69047.72894688007,12784,54131.72894688007,1,1,0,0,1,0,1,0,0
41,48,4,2,1,2,4,2,19794,4,26,10,8,1,18,2.33,69047.72894688007,12784,49253.72894688007,0,0,0,0,1,0,0,1,0
44,16,4,1,5,3,3,3,3592,2,4,7,3,1,10,3.67,69047.72894688007,12784,65455.72894688007,0,0,1,0,0,1,0,0,0
32,4,4,5,5,2,4,3,18396,1,1,2,0,0,2,3.67,102997.714045,2542,84601.714045,1,0,0,0,1,0,0,0,0
52,49,4,4,3,4,1,4,11867,4,27,9,1,0,10,2.67,69047.72894688007,12784,57180.72894688007,0,0,0,1,0,0,0,1,1
50,12,2,1,2,3,1,1,19947,2,21,2,4,1,6,2.0,102997.714045,2542,83050.714045,0,0,1,0,1,0,0,1,1
58,10,3,4,3,4,3,2,13872,0,37,10,1,0,11,3.33,91683.75438596492,139,77811.75438596492,0,1,0,0,1,0,0,1,0
28,8,4,4,5,1,4,3,8421,4,18,13,5,1,18,3.33,102997.714045,2542,94576.714045,0,0,1,1,0,0,0,1,0
22,8,1,1,1,2,1,2,2451,1,4,3,1,0,4,1.33,17372.83423076923,33,14921.83423076923,0,0,1,0,0,1,0,0,0
57,36,1,1,3,4,1,3,12807,3,29,13,8,1,21,2.67,69047.72894688007,12784,56240.72894688007,1,0,1,1,0,0,0,1,0
40,16,3,1,3,3,2,3,3544,9,4,2,0,0,2,2.67,89817.88593023256,119,86273.88593023256,0,0,0,0,0,1,0,0,0
25,22,1,4,2,2,4,4,14902,1,20,14,1,0,15,2.67,69047.72894688007,12784,54145.72894688007,1,0,1,0,1,0,0,1,1
51,9,2,2,2,1,1,4,16584,2,11,1,3,1,4,1.33,102997.714045,2542,86413.714045,0,0,1,0,1,0,0,1,0
33,23,4,4,5,4,3,2,15401,1,27,7,3,1,10,4.0,69047.72894688007,12784,53646.72894688007,0,0,0,0,1,0,0,1,0
39,17,2,1,4,4,4,3,13798,3,6,10,6,1,16,4.0,69047.72894688007,12784,55249.72894688007,0,1,0,0,1,0,1,0,0
49,29,3,5,5,4,1,2,11491,4,26,10,2,0,12,3.33,69047.72894688007,12784,57556.72894688007,0,1,0,1,0,0,0,1,1
45,11,2,2,2,2,2,3,11766,1,16,2,5,1,7,2.0,69047.72894688007,12784,57281.72894688007,0,0,0,1,0,0,0,1,0
27,28,3,3,5,2,4,2,14864,4,13,9,2,0,11,3.67,102997.714045,2542,88133.714045,0,1,0,0,1,0,0,1,0
55,20,1,2,4,2,3,1,19853,1,21,4,8,1,12,3.0,102997.714045,2542,83144.714045,0,1,0,0,1,0,0,1,0
42,14,2,2,3,3,1,3,6244,7,5,4,0,0,4,2.33,91683.75438596492,139,85439.75438596492,0,1,0,0,0,1,0,0,0
34,23,3,2,3,2,3,3,4568,0,9,5,8,1,13,2.67,91683.75438596492,139,87115.75438596492,0,1,0,0,0,0,1,0,0
38,42,3,3,4,3,3,2,9435,3,4,10,8,1,18,3.33,102997.714045,2542,93562.714045,0,0,1,1,0,1,0,0,0
41,45,2,5,2,3,1,1,14209,1,25,1,5,1,6,2.0,69047.72894688007,12784,54838.72894688007,0,0,0,0,1,0,0,1,0
36,11,4,1,3,2,2,1,10113,1,25,6,1,0,7,2.33,69047.72894688007,12784,58934.72894688007,0,0,1,1,0,0,0,1,0
36,7,3,2,4,1,3,3,5892,1,9,12,7,1,19,2.67,69047.72894688007,12784,63155.72894688007,0,1,0,0,0,0,1,0,0
29,28,2,2,2,1,2,1,15609,2,17,2,2,0,4,1.67,102997.714045,2542,87388.714045,1,1,0,0,1,0,0,1,0
48,48,3,1,5,3,3,3,7335,2,2,6,7,1,13,3.67,102997.714045,2542,95662.714045,0,1,0,0,0,0,0,0,0
34,27,2,2,4,1,3,1,13368,2,8,10,2,0,12,2.67,69047.72894688007,12784,55679.72894688007,1,0,0,1,0,0,1,0,1
24,36,3,3,2,1,2,4,8344,2,14,5,1,0,6,1.67,69047.72894688007,12784,60703.72894688007,1,1,0,1,0,0,0,1,0
47,1,1,3,4,4,1,4,19465,2,24,7,4,1,11,3.0,69047.72894688007,12784,49582.72894688007,1,0,0,0,1,0,0,1,0
39,23,2,2,1,4,3,4,4557,2,24,2,5,1,7,2.67,69047.72894688007,12784,64490.72894688007,1,0,0,0,0,0,0,1,0
51,38,3,3,2,2,1,4,6878,2,2,9,8,1,17,1.67,69047.72894688007,12784,62169.72894688007,1,1,0,0,0,0,0,0,0
21,22,3,2,4,1,4,3,19077,2,15,13,3,1,16,3.0,69047.72894688007,12784,49970.72894688007,0,0,1,0,1,0,0,1,0
48,39,2,2,2,1,4,2,8120,1,18,11,1,0,12,2.33,69047.72894688007,12784,60927.72894688007,0,0,0,1,0,0,0,1,0
41,46,1,3,1,3,3,4,14836,3,25,4,7,1,11,2.33,102997.714045,2542,88161.714045,0,1,0,0,1,0,0,1,0
22,4,2,1,3,3,3,3,3894,5,2,2,1,0,3,3.0,17372.83423076923,33,13478.83423076923,0,1,0,0,0,0,0,0,1
41,35,2,5,1,4,2,3,16061,1,6,6,4,1,10,2.33,69047.72894688007,12784,52986.72894688007,0,0,1,0,1,0,1,0,0
31,12,4,4,5,2,1,3,6525,4,9,14,3,1,17,2.67,69047.72894688007,12784,62522.72894688007,1,0,1,0,0,0,1,0,0
33,42,3,2,5,4,4,2,8687,3,19,2,7,1,9,4.33,69047.72894688007,12784,60360.72894688007,1,0,0,1,0,0,0,1,0
58,38,2,5,5,4,4,2,17302,3,16,14,0,0,14,4.33,69047.72894688007,12784,51745.72894688007,0,1,0,0,1,0,0,1,0
55,41,4,1,4,3,1,1,17989,1,13,6,8,1,14,2.67,69047.72894688007,12784,51058.72894688007,0,0,1,0,1,0,0,1,0
43,38,4,4,2,4,1,2,3636,4,26,11,2,0,13,2.33,102997.714045,2542,99361.714045,1,0,0,0,0,0,0,1,0
49,14,3,2,1,2,4,4,13995,3,16,13,3,1,16,2.33,69047.72894688007,12784,55052.72894688007,1,0,0,0,1,0,0,1,0
48,2,4,1,2,4,3,2,2559,5,1,0,0,0,0,3.0,17372.83423076923,33,14813.83423076923,0,1,0,0,0,0,0,0,0
46,30,1,3,1,4,1,3,8527,1,14,11,6,1,17,2.0,69047.72894688007,12784,60520.72894688007,1,0,0,1,0,0,0,1,0
42,1,3,2,3,2,3,3,4907,1,20,16,11,1,27,2.67,91683.75438596492,139,86776.75438596492,0,0,1,0,0,0,0,1,0
34,6,3,1,1,2,3,3,2960,2,4,2,1,0,3,2.0,89817.88593023256,119,86857.88593023256,0,1,0,0,0,1,0,0,1
49,5,4,5,3,1,4,3,11886,3,3,8,4,1,12,2.67,102997.714045,2542,91111.714045,0,1,0,1,0,1,0,0,0
32,8,4,2,3,3,3,2,5175,5,5,3,1,0,4,3.0,89817.88593023256,119,84642.88593023256,0,0,1,0,0,1,0,0,0
48,6,2,3,1,3,4,4,8225,1,12,12,1,0,13,2.67,69047.72894688007,12784,60822.72894688007,1,0,1,1,0,0,0,1,1
31,29,1,4,3,1,4,2,7104,1,10,9,4,1,13,2.67,69047.72894688007,12784,61943.72894688007,0,0,0,0,0,0,1,0,0
26,21,2,5,2,4,3,2,11591,1,24,14,0,0,14,3.0,69047.72894688007,12784,57456.72894688007,1,0,1,1,0,0,0,1,1
36,30,1,5,5,1,3,3,14793,2,8,5,3,1,8,3.0,102997.714045,2542,88204.714045,0,1,0,0,1,0,1,0,0
54,12,3,5,3,4,4,2,4988,3,21,3,6,1,9,3.67,69047.72894688007,12784,64059.72894688007,0,0,1,0,0,0,0,1,0
47,9,3,5,4,2,4,4,6089,1,10,13,3,1,16,3.33,102997.714045,2542,96908.714045,0,0,0,0,0,0,1,0,0
28,1,3,1,4,3,2,3,2706,1,3,2,2,0,4,3.0,61845.10984536083,269,59139.10984536083,0,0,0,0,0,1,0,0,0
43,10,2,2,3,3,2,4,5257,1,9,7,0,0,7,2.67,17372.83423076923,33,12115.83423076923,0,0,0,0,0,0,1,0,0
33,12,3,4,3,2,2,3,19287,2,22,7,3,1,10,2.33,69047.72894688007,12784,49760.72894688007,1,1,0,0,1,0,0,1,0
54,13,1,4,3,3,3,4,12760,2,9,3,8,1,11,3.0,69047.72894688007,12784,56287.72894688007,0,1,0,1,0,0,1,0,0
44,30,2,4,3,4,4,1,19979,4,19,13,1,0,14,3.67,69047.72894688007,12784,49068.72894688007,0,0,1,0,1,0,0,1,0
56,39,1,1,1,2,2,2,3545,4,27,5,3,1,8,1.67,69047.72894688007,12784,65502.72894688007,0,0,1,0,0,0,0,1,0
24,25,2,2,5,2,1,2,13437,1,6,13,8,1,21,2.67,69047.72894688007,12784,55610.72894688007,0,1,0,1,0,0,1,0,0
34,19,1,5,4,2,4,3,14122,4,17,14,7,1,21,3.33,69047.72894688007,12784,54925.72894688007,1,0,0,0,1,0,0,1,0
40,17,1,5,3,4,4,1,15538,2,25,9,1,0,10,3.67,102997.714045,2542,87459.714045,1,0,0,0,1,0,0,1,0
44,48,1,1,3,4,2,2,11930,2,12,10,9,1,19,3.0,102997.714045,2542,91067.714045,0,0,1,1,0,0,0,1,1
32,14,1,3,5,4,3,2,14820,2,13,9,1,0,10,4.0,69047.72894688007,12784,54227.72894688007,0,1,0,0,1,0,0,1,0
58,9,1,2,4,4,1,2,7003,2,23,11,5,1,16,3.0,69047.72894688007,12784,62044.72894688007,1,0,1,0,0,0,0,1,1
45,2,2,2,4,4,1,3,5770,1,10,7,3,1,10,3.0,69047.72894688007,12784,63277.72894688007,0,0,0,0,0,0,1,0,0
55,16,4,3,2,2,3,3,10021,4,21,13,2,0,15,2.33,69047.72894688007,12784,59026.72894688007,1,0,0,1,0,0,0,1,0
43,42,1,2,1,4,3,2,8299,3,25,8,6,1,14,2.67,69047.72894688007,12784,60748.72894688007,0,0,1,1,0,0,0,1,0
44,1,3,2,3,1,3,2,4768,7,1,0,0,0,0,2.33,91683.75438596492,139,86915.75438596492,0,0,1,0,0,0,0,0,0
42,24,4,1,3,2,4,3,17549,3,4,12,4,1,16,3.0,69047.72894688007,12784,51498.72894688007,0,0,0,0,1,1,0,0,0
38,26,2,4,2,4,2,4,6842,1,18,13,2,0,15,2.67,69047.72894688007,12784,62205.72894688007,1,0,0,0,0,0,0,1,0
27,4,3,1,3,1,2,3,2517,1,5,3,0,0,3,2.0,89817.88593023256,119,87300.88593023256,0,0,0,0,0,1,0,0,0
21,33,3,4,5,1,2,3,16999,2,7,9,0,0,9,2.67,69047.72894688007,12784,52048.72894688007,1,1,0,0,1,0,1,0,0
42,48,2,2,5,4,1,2,13611,2,5,9,8,1,17,3.33,69047.72894688007,12784,55436.72894688007,0,1,0,1,0,1,0,0,0
32,28,2,1,5,3,4,4,6170,3,22,5,8,1,13,4.0,102997.714045,2542,96827.714045,1,0,1,0,0,0,0,1,0
32,11,2,1,5,2,3,3,13935,4,21,14,2,0,16,3.33,69047.72894688007,12784,55112.72894688007,0,1,0,0,1,0,0,1,1
51,2,3,4,1,2,1,1,6959,1,3,4,3,1,7,1.33,69047.72894688007,12784,62088.72894688007,1,0,1,0,0,1,0,0,0
48,34,4,3,3,1,1,3,10493,1,7,12,1,0,13,1.67,69047.72894688007,12784,58554.72894688007,0,0,0,1,0,0,1,0,0
50,2,3,5,3,2,4,2,19237,2,8,1,7,1,8,3.0,69047.72894688007,12784,49810.72894688007,1,0,1,0,1,0,1,0,0
40,14,4,2,5,3,3,1,13576,2,25,5,6,1,11,3.67,102997.714045,2542,89421.714045,0,0,1,1,0,0,0,1,0
36,43,4,4,4,3,2,2,11054,1,15,7,1,0,8,3.0,69047.72894688007,12784,57993.72894688007,0,0,1,1,0,0,0,1,1
57,30,2,5,2,1,2,4,11927,3,2,11,3,1,14,1.67,69047.72894688007,12784,57120.72894688007,0,0,1,1,0,0,0,0,0
39,49,3,5,2,1,3,1,8063,1,26,5,1,0,6,2.0,69047.72894688007,12784,60984.72894688007,1,0,1,1,0,0,0,1,0
23,45,2,4,3,1,1,3,4208,2,8,9,5,1,14,1.67,69047.72894688007,12784,64839.72894688007,0,0,1,0,0,0,1,0,0
52,25,2,5,2,4,3,2,18805,1,20,4,4,1,8,3.0,69047.72894688007,12784,50242.72894688007,1,0,1,0,1,0,0,1,0
55,13,4,4,3,1,3,2,13695,6,19,7,3,1,10,2.33,91683.75438596492,139,77988.75438596492,1,1,0,1,0,0,0,1,1
47,34,4,2,5,2,1,4,17183,1,24,11,9,1,20,2.67,69047.72894688007,12784,51864.72894688007,0,0,0,0,1,0,0,1,1
43,48,2,4,3,1,3,2,18315,3,10,2,4,1,6,2.33,102997.714045,2542,84682.714045,0,0,0,0,1,0,1,0,1
25,25,4,3,2,3,1,3,5610,1,21,8,2,0,10,2.0,69047.72894688007,12784,63437.72894688007,1,0,0,0,0,0,0,1,0
51,23,4,2,2,4,2,3,5642,4,9,11,9,1,20,2.67,102997.714045,2542,97355.714045,1,0,0,0,0,0,1,0,0
49,20,3,2,1,3,3,2,6567,1,15,11,5,1,16,2.33,69047.72894688007,12784,62480.72894688007,0,0,1,0,0,0,0,1,0
54,32,3,5,5,1,1,2,9599,3,8,14,7,1,21,2.33,102997.714045,2542,93398.714045,1,1,0,1,0,0,1,0,0
23,37,2,1,4,2,2,4,7846,2,23,7,5,1,12,2.67,69047.72894688007,12784,61201.72894688007,0,0,0,1,0,0,0,1,1
31,38,2,2,5,1,2,4,5391,4,17,12,6,1,18,2.67,69047.72894688007,12784,63656.72894688007,1,1,0,0,0,0,0,1,0
34,12,4,3,5,4,2,2,6527,4,11,5,2,0,7,3.67,69047.72894688007,12784,62520.72894688007,0,0,0,0,0,0,0,1,0
38,11,3,1,1,2,1,2,8583,1,18,8,7,1,15,1.33,69047.72894688007,12784,60464.72894688007,1,0,0,1,0,0,0,1,0
23,36,3,4,5,1,1,1,3625,2,6,5,9,1,14,2.33,69047.72894688007,12784,65422.72894688007,1,0,0,0,0,0,1,0,0
22,4,1,1,5,2,1,1,5497,4,20,9,9,1,18,2.67,69047.72894688007,12784,63550.72894688007,1,1,0,0,0,0,0,1,1
37,37,4,1,2,2,4,2,18653,3,12,6,7,1,13,2.67,69047.72894688007,12784,50394.72894688007,0,0,0,0,1,0,0,1,0
54,45,1,5,4,4,1,2,7855,1,21,13,2,0,15,3.0,69047.72894688007,12784,61192.72894688007,0,1,0,1,0,0,0,1,0
53,43,4,4,4,4,2,1,11929,4,25,13,8,1,21,3.33,69047.72894688007,12784,57118.72894688007,1,0,0,1,0,0,0,1,0
50,24,4,5,4,2,2,2,19971,3,24,8,2,0,10,2.67,102997.714045,2542,83026.714045,1,0,0,0,1,0,0,1,0
28,8,3,1,4,4,4,3,3310,1,5,3,0,0,3,4.0,89817.88593023256,119,86507.88593023256,0,1,0,0,0,1,0,0,0
39,9,1,5,2,3,2,1,13392,3,8,12,9,1,21,2.33,69047.72894688007,12784,55655.72894688007,0,1,0,1,0,0,1,0,0
23,26,3,1,4,3,3,2,2904,1,4,2,0,0,2,3.33,89817.88593023256,119,86913.88593023256,0,0,0,0,0,1,0,0,0
50,3,2,2,4,1,1,4,3835,2,17,3,0,0,3,2.0,69047.72894688007,12784,65212.72894688007,0,0,0,0,0,0,0,1,0
28,4,2,5,3,1,3,1,17681,3,5,7,3,1,10,2.33,69047.72894688007,12784,51366.72894688007,1,1,0,0,1,1,0,0,0
58,29,1,1,3,4,2,3,18495,2,23,3,0,0,3,3.0,69047.72894688007,12784,50552.72894688007,1,1,0,0,1,0,0,1,0
27,17,3,4,2,3,1,2,18538,2,9,10,8,1,18,2.0,102997.714045,2542,84459.714045,0,1,0,0,1,0,1,0,0
21,4,2,4,4,2,2,2,14454,1,4,5,8,1,13,2.67,69047.72894688007,12784,54593.72894688007,0,0,0,0,1,1,0,0,0
51,16,1,5,5,2,2,1,7457,3,14,1,3,1,4,3.0,69047.72894688007,12784,61590.72894688007,1,0,1,0,0,0,0,1,1
50,5,1,3,3,4,2,1,17411,1,3,8,8,1,16,3.0,69047.72894688007,12784,51636.72894688007,0,0,1,0,1,1,0,0,0
27,35,1,1,2,3,2,1,19650,3,3,11,0,0,11,2.33,102997.714045,2542,83347.714045,1,1,0,0,1,1,0,0,0
23,22,2,2,1,1,1,2,3739,3,17,14,3,1,17,1.0,69047.72894688007,12784,65308.72894688007,1,0,1,0,0,0,0,1,1
42,27,4,2,1,2,4,3,17255,3,20,3,3,1,6,2.33,102997.714045,2542,85742.714045,1,1,0,0,1,0,0,1,0
28,46,2,3,1,1,1,4,12374,2,15,5,3,1,8,1.0,69047.72894688007,12784,56673.72894688007,0,1,0,1,0,0,0,1,0
22,46,2,3,4,4,3,4,6671,4,15,13,0,0,13,3.67,69047.72894688007,12784,62376.72894688007,0,1,0,0,0,0,0,1,0
51,12,3,2,1,2,3,3,5899,3,13,13,1,0,14,2.0,102997.714045,2542,97098.714045,0,1,0,0,0,0,0,1,0
56,23,3,1,5,1,4,4,17558,2,1,3,8,1,11,3.33,69047.72894688007,12784,51489.72894688007,1,1,0,0,1,0,0,0,1
41,35,1,2,3,2,1,4,5600,2,9,14,3,1,17,2.0,69047.72894688007,12784,63447.72894688007,0,1,0,0,0,0,1,0,0
55,47,4,2,4,4,1,4,11780,3,19,6,2,0,8,3.0,102997.714045,2542,91217.714045,1,0,1,1,0,0,0,1,0
26,43,2,3,3,3,1,2,18290,3,21,13,1,0,14,2.33,69047.72894688007,12784,50757.72894688007,1,1,0,0,1,0,0,1,0
20,42,3,3,4,1,1,1,4240,4,2,13,6,1,19,2.0,69047.72894688007,12784,64807.72894688007,0,0,1,0,0,0,0,0,0
37,9,4,5,1,3,1,2,15669,3,12,9,8,1,17,1.67,69047.72894688007,12784,53378.72894688007,0,0,1,0,1,0,0,1,0
26,20,2,4,2,2,1,3,14370,3,17,7,6,1,13,1.67,69047.72894688007,12784,54677.72894688007,0,0,0,0,1,0,0,1,0
46,2,3,5,4,3,3,3,19328,7,2,1,2,0,3,3.33,69047.72894688007,12784,49719.72894688007,1,0,0,0,1,0,0,0,0
54,16,4,2,4,1,2,2,10922,2,17,5,5,1,10,2.33,69047.72894688007,12784,58125.72894688007,1,1,0,1,0,0,0,1,0
59,7,2,2,4,4,1,2,4106,4,27,10,6,1,16,3.0,102997.714045,2542,98891.714045,0,0,0,0,0,0,0,1,0
24,3,1,4,1,4,4,3,12468,3,8,2,5,1,7,3.0,69047.72894688007,12784,56579.72894688007,0,0,1,1,0,0,1,0,0
59,45,2,4,2,2,3,2,13272,2,1,4,4,1,8,2.33,69047.72894688007,12784,55775.72894688007,1,0,0,1,0,0,0,0,0
34,46,3,5,3,3,3,2,7408,2,14,4,0,0,4,3.0,102997.714045,2542,95589.714045,0,1,0,0,0,0,0,1,0
34,43,4,4,2,2,4,4,11591,4,4,9,1,0,10,2.67,69047.72894688007,12784,57456.72894688007,1,1,0,1,0,1,0,0,0
49,37,4,2,3,3,2,3,6850,2,4,8,4,1,12,2.67,69047.72894688007,12784,62197.72894688007,1,0,1,0,0,1,0,0,0
26,35,2,1,4,1,1,4,10474,1,25,2,8,1,10,2.0,102997.714045,2542,92523.714045,1,1,0,1,0,0,0,1,0
51,19,1,2,5,1,3,3,9017,3,19,5,5,1,10,3.0,102997.714045,2542,93980.714045,1,0,1,1,0,0,0,1,0
58,24,3,3,1,4,1,1,14153,4,20,8,6,1,14,2.0,69047.72894688007,12784,54894.72894688007,1,0,1,0,1,0,0,1,0
48,48,2,5,1,4,4,2,8873,1,20,3,4,1,7,3.0,69047.72894688007,12784,60174.72894688007,1,1,0,1,0,0,0,1,1
26,1,2,2,1,3,2,3,4294,1,7,7,0,0,7,2.0,91683.75438596492,139,87389.75438596492,0,1,0,0,0,0,1,0,0
52,21,2,5,2,3,4,2,17580,3,1,6,6,1,12,3.0,69047.72894688007,12784,51467.72894688007,0,0,0,0,1,0,0,0,0
45,42,3,2,5,2,2,1,9508,4,11,4,0,0,4,3.0,69047.72894688007,12784,59539.72894688007,1,1,0,1,0,0,0,1,0
59,19,1,3,1,2,4,2,3810,3,8,1,7,1,8,2.33,102997.714045,2542,99187.714045,0,0,0,0,0,0,1,0,0
24,10,3,1,4,1,4,3,2145,0,2,2,2,0,4,3.0,61845.10984536083,269,59700.10984536083,0,0,1,0,0,0,0,0,0
42,30,3,4,2,1,4,2,5919,1,6,12,7,1,19,2.33,69047.72894688007,12784,63128.72894688007,0,1,0,0,0,0,1,0,0
50,8,3,1,2,4,4,3,3875,7,2,2,2,0,4,3.33,69047.72894688007,12784,65172.72894688007,0,0,1,0,0,0,0,0,0
54,47,4,3,2,3,3,1,14111,4,22,14,1,0,15,2.67,69047.72894688007,12784,54936.72894688007,0,0,1,0,1,0,0,1,0
26,15,1,3,1,4,2,1,7095,1,22,13,7,1,20,2.33,69047.72894688007,12784,61952.72894688007,0,0,1,0,0,0,0,1,1
45,49,4,2,5,1,1,3,14441,1,15,8,3,1,11,2.33,102997.714045,2542,88556.714045,0,0,1,0,1,0,0,1,0
42,17,2,1,4,1,1,1,6851,2,17,5,1,0,6,2.0,69047.72894688007,12784,62196.72894688007,0,0,0,0,0,0,0,1,1
39,40,4,4,1,1,3,2,6744,2,7,3,4,1,7,1.67,69047.72894688007,12784,62303.72894688007,1,0,0,0,0,0,1,0,0
58,22,3,4,3,1,2,3,13083,2,18,6,6,1,12,2.0,69047.72894688007,12784,55964.72894688007,0,0,0,1,0,0,0,1,1
23,3,3,4,4,2,1,4,11909,1,15,2,0,0,2,2.33,69047.72894688007,12784,57138.72894688007,1,0,1,1,0,0,0,1,0
58,41,1,1,3,1,2,4,10574,1,15,6,9,1,15,2.0,69047.72894688007,12784,58473.72894688007,1,1,0,1,0,0,0,1,0
28,31,3,3,4,4,1,4,6199,4,9,3,0,0,3,3.0,69047.72894688007,12784,62848.72894688007,1,0,0,0,0,0,1,0,0
23,9,3,2,5,4,2,2,16566,1,19,7,2,0,9,3.67,69047.72894688007,12784,52481.72894688007,1,1,0,0,1,0,0,1,0
44,25,2,2,5,4,2,3,15474,2,12,2,1,0,3,3.67,69047.72894688007,12784,53573.72894688007,1,0,1,0,1,0,0,1,0
52,29,1,1,3,4,2,1,16929,1,29,9,7,1,16,3.0,69047.72894688007,12784,52118.72894688007,0,0,0,0,1,0,0,1,0
29,28,2,5,5,1,3,2,17031,2,27,3,7,1,10,3.0,102997.714045,2542,85966.714045,0,0,0,0,1,0,0,1,0
32,35,2,3,2,4,2,1,3515,3,14,1,5,1,6,2.67,102997.714045,2542,99482.714045,0,1,0,0,0,0,0,1,0
21,44,4,3,2,2,3,1,13006,4,19,14,5,1,19,2.33,102997.714045,2542,89991.714045,0,0,1,1,0,0,0,1,0
43,48,1,1,5,1,1,3,13408,3,4,4,9,1,13,2.33,69047.72894688007,12784,55639.72894688007,0,0,0,1,0,1,0,0,0
45,36,3,5,1,4,2,1,8081,1,1,10,8,1,18,2.33,69047.72894688007,12784,60966.72894688007,0,1,0,1,0,0,0,0,0
37,40,4,3,1,4,2,2,4442,4,25,6,2,0,8,2.33,69047.72894688007,12784,64605.72894688007,0,0,0,0,0,0,0,1,0
37,35,2,1,1,3,4,2,7364,1,29,5,8,1,13,2.67,69047.72894688007,12784,61683.72894688007,1,0,1,0,0,0,0,1,0
23,3,1,2,1,3,1,2,17337,2,1,14,6,1,20,1.67,69047.72894688007,12784,51710.72894688007,0,0,0,0,1,0,0,0,1
39,7,4,3,1,1,1,2,19013,4,9,12,6,1,18,1.0,69047.72894688007,12784,50034.72894688007,0,0,1,0,1,0,1,0,0
42,22,2,2,1,4,4,4,6089,1,17,7,2,0,9,3.0,69047.72894688007,12784,62958.72894688007,1,1,0,0,0,0,0,1,0
44,32,3,3,3,3,1,2,6583,4,11,7,1,0,8,2.33,102997.714045,2542,96414.714045,1,0,1,0,0,0,0,1,1
52,45,3,3,4,3,2,3,4376,4,5,9,3,1,12,3.0,69047.72894688007,12784,64671.72894688007,0,0,1,0,0,1,0,0,0
24,29,4,3,5,1,1,3,17060,2,18,8,0,0,8,2.33,69047.72894688007,12784,51987.72894688007,1,1,0,0,1,0,0,1,0
55,21,1,5,3,1,1,4,19199,1,10,14,0,0,14,1.67,69047.72894688007,12784,49848.72894688007,1,0,0,0,1,0,1,0,1
51,30,1,4,4,1,3,2,12902,4,12,5,6,1,11,2.67,69047.72894688007,12784,56145.72894688007,1,0,1,1,0,0,0,1,0
58,4,4,3,1,2,4,1,14509,1,12,6,8,1,14,2.33,69047.72894688007,12784,54538.72894688007,1,1,0,0,1,0,0,1,0
27,38,2,5,1,4,3,2,14684,2,18,7,2,0,9,2.67,69047.72894688007,12784,54363.72894688007,0,1,0,0,1,0,0,1,1
32,8,2,2,2,3,4,3,5228,1,13,12,11,1,23,3.0,91683.75438596492,139,86455.75438596492,1,0,1,0,0,0,0,1,0
42,17,2,3,1,3,4,4,5372,2,20,4,2,0,6,2.67,69047.72894688007,12784,63675.72894688007,1,0,0,0,0,0,0,1,0
28,17,3,4,3,3,1,3,16202,4,8,12,2,0,14,2.33,102997.714045,2542,86795.714045,1,0,1,0,1,0,1,0,1
38,47,3,1,4,1,2,4,7963,1,29,2,0,0,2,2.33,69047.72894688007,12784,61084.72894688007,1,0,1,1,0,0,0,1,0
25,33,3,4,1,4,1,4,7920,2,8,3,5,1,8,2.0,69047.72894688007,12784,61127.72894688007,0,0,1,1,0,0,1,0,1
36,15,3,3,5,3,1,2,12488,3,26,13,9,1,22,3.0,69047.72894688007,12784,56559.72894688007,1,1,0,1,0,0,0,1,0
23,4,4,1,3,3,3,2,14419,3,10,10,2,0,12,3.0,102997.714045,2542,88578.714045,0,0,0,0,1,0,1,0,0
55,49,4,3,1,1,4,1,3211,3,9,13,6,1,19,2.0,69047.72894688007,12784,65836.72894688007,0,0,1,0,0,0,1,0,0
29,36,2,3,5,2,4,4,18652,2,24,6,2,0,8,3.67,69047.72894688007,12784,50395.72894688007,0,0,1,0,1,0,0,1,0
31,29,2,2,4,1,1,3,5468,1,12,7,5,1,12,2.0,91683.75438596492,139,86215.75438596492,0,0,1,0,0,0,0,1,0
36,6,2,2,2,3,3,4,5404,3,5,4,7,1,11,2.67,69047.72894688007,12784,63643.72894688007,0,0,0,0,0,1,0,0,0
36,33,3,5,5,3,4,3,12549,4,25,6,1,0,7,4.0,102997.714045,2542,90448.714045,0,1,0,1,0,0,0,1,0
52,11,4,3,4,3,2,2,10177,3,29,3,8,1,11,3.0,69047.72894688007,12784,58870.72894688007,1,0,1,1,0,0,0,1,0
28,31,2,5,3,1,4,1,11106,3,4,3,5,1,8,2.67,69047.72894688007,12784,57941.72894688007,1,0,1,1,0,1,0,0,1
49,30,4,5,4,2,3,2,19282,1,6,5,5,1,10,3.0,69047.72894688007,12784,49765.72894688007,1,0,0,0,1,0,1,0,1
41,30,1,5,2,2,2,4,8502,4,21,5,7,1,12,2.0,102997.714045,2542,94495.714045,1,0,1,1,0,0,0,1,1
41,12,1,1,3,2,3,4,16051,2,4,9,1,0,10,2.67,69047.72894688007,12784,52996.72894688007,1,0,0,0,1,1,0,0,0
39,4,2,2,3,4,3,4,5902,4,15,11,5,1,16,3.33,91683.75438596492,139,85781.75438596492,0,0,1,0,0,0,0,1,0
58,48,2,4,5,2,1,4,6516,4,13,8,9,1,17,2.67,69047.72894688007,12784,62531.72894688007,0,0,1,0,0,0,0,1,0
29,2,3,2,4,2,1,2,4554,1,10,7,0,0,7,2.33,91683.75438596492,139,87129.75438596492,0,1,0,0,0,0,1,0,0
37,21,2,1,3,1,3,1,4821,4,7,14,7,1,21,2.33,69047.72894688007,12784,64226.72894688007,0,0,0,0,0,0,1,0,0
31,34,3,1,5,1,3,4,16260,1,9,13,3,1,16,3.0,69047.72894688007,12784,52787.72894688007,0,1,0,0,1,0,1,0,0
39,32,4,2,5,3,4,3,6670,2,11,13,8,1,21,4.0,69047.72894688007,12784,62377.72894688007,0,0,0,0,0,0,0,1,0
55,10,4,2,5,4,1,4,5855,1,3,13,2,0,15,3.33,69047.72894688007,12784,63192.72894688007,0,0,0,0,0,1,0,0,1
48,5,1,1,1,3,2,1,7605,1,8,1,5,1,6,2.0,69047.72894688007,12784,61442.72894688007,0,0,1,0,0,0,1,0,0
58,39,3,3,3,3,1,3,8545,3,29,7,5,1,12,2.33,69047.72894688007,12784,60502.72894688007,0,0,0,1,0,0,0,1,0
40,37,4,2,2,3,3,2,4530,2,11,8,0,0,8,2.67,69047.72894688007,12784,64517.72894688007,1,0,1,0,0,0,0,1,1
45,12,2,3,2,4,3,2,16877,1,13,13,6,1,19,3.0,69047.72894688007,12784,52170.72894688007,0,0,0,0,1,0,0,1,1
35,18,4,2,1,2,2,2,4124,1,28,10,8,1,18,1.67,102997.714045,2542,98873.714045,1,1,0,0,0,0,0,1,0
52,37,4,5,5,1,1,4,12861,4,28,4,4,1,8,2.33,102997.714045,2542,90136.714045,1,0,0,1,0,0,0,1,0
52,16,4,1,3,2,1,4,15457,2,25,12,6,1,18,2.0,69047.72894688007,12784,53590.72894688007,0,1,0,0,1,0,0,1,0
54,35,2,2,3,2,2,1,3389,1,4,12,1,0,13,2.33,69047.72894688007,12784,65658.72894688007,1,0,0,0,0,1,0,0,0
35,33,1,3,2,4,4,2,9489,2,2,10,4,1,14,3.33,69047.72894688007,12784,59558.72894688007,0,0,0,1,0,0,0,0,0
24,39,1,3,4,3,1,1,17148,2,18,2,0,0,2,2.67,69047.72894688007,12784,51899.72894688007,0,0,0,0,1,0,0,1,0
20,27,4,2,2,2,3,4,15775,4,17,9,9,1,18,2.33,69047.72894688007,12784,53272.72894688007,1,0,1,0,1,0,0,1,1
48,23,2,3,1,4,3,3,14572,3,19,6,1,0,7,2.67,69047.72894688007,12784,54475.72894688007,0,0,1,0,1,0,0,1,0
31,2,1,1,4,4,3,3,1129,1,1,0,0,0,0,3.67,17372.83423076923,33,16243.83423076923,1,0,0,0,0,0,0,0,0
38,18,3,3,3,2,1,3,18591,3,12,3,2,0,5,2.0,69047.72894688007,12784,50456.72894688007,0,0,0,0,1,0,0,1,0
58,22,2,3,2,1,4,1,10489,2,12,6,6,1,12,2.33,69047.72894688007,12784,58558.72894688007,0,1,0,1,0,0,0,1,0
30,24,3,3,2,4,2,1,17615,4,26,8,9,1,17,2.67,69047.72894688007,12784,51432.72894688007,0,1,0,0,1,0,0,1,0
45,39,4,2,5,2,2,4,10581,3,10,9,0,0,9,3.0,102997.714045,2542,92416.714045,1,0,1,1,0,0,1,0,0
37,13,3,1,1,4,1,2,9926,2,7,14,0,0,14,2.0,102997.714045,2542,93071.714045,0,1,0,1,0,0,1,0,1
21,42,1,3,4,2,2,2,5476,3,3,1,6,1,7,2.67,69047.72894688007,12784,63571.72894688007,0,0,0,0,0,1,0,0,0
53,1,1,1,1,4,2,4,18293,3,10,10,7,1,17,2.33,102997.714045,2542,84704.714045,1,0,1,0,1,0,1,0,0
33,41,4,4,1,3,2,4,11011,3,1,3,4,1,7,2.0,69047.72894688007,12784,58036.72894688007,1,1,0,1,0,0,0,0,1
58,49,1,1,1,2,1,3,4553,4,23,3,9,1,12,1.33,102997.714045,2542,98444.714045,0,0,1,0,0,0,0,1,1
55,44,4,1,3,2,3,3,4666,1,29,3,0,0,3,2.67,69047.72894688007,12784,64381.72894688007,0,0,1,0,0,0,0,1,0
57,45,1,4,5,3,1,3,8233,2,4,9,4,1,13,3.0,69047.72894688007,12784,60814.72894688007,0,0,1,1,0,1,0,0,0
56,30,1,1,1,2,3,1,8747,1,2,4,8,1,12,2.0,102997.714045,2542,94250.714045,1,0,1,1,0,0,0,0,0
32,44,2,5,3,3,3,3,6154,3,22,13,0,0,13,3.0,69047.72894688007,12784,62893.72894688007,0,1,0,0,0,0,0,1,0
27,47,1,3,5,3,1,2,15407,4,7,9,7,1,16,3.0,69047.72894688007,12784,53640.72894688007,1,0,1,0,1,0,1,0,0
59,17,1,4,2,3,2,4,8241,1,24,9,9,1,18,2.33,69047.72894688007,12784,60806.72894688007,1,0,0,1,0,0,0,1,0
40,1,2,5,5,2,3,2,9905,4,13,10,6,1,16,3.33,69047.72894688007,12784,59142.72894688007,0,0,0,1,0,0,0,1,0
21,44,2,3,5,4,1,3,12725,4,25,13,1,0,14,3.33,69047.72894688007,12784,56322.72894688007,0,1,0,1,0,0,0,1,0
39,8,1,3,2,1,1,2,17750,3,22,3,4,1,7,1.33,69047.72894688007,12784,51297.72894688007,1,1,0,0,1,0,0,1,0
45,20,1,1,3,4,3,2,6180,1,22,9,9,1,18,3.33,69047.72894688007,12784,62867.72894688007,0,0,1,0,0,0,0,1,0
24,2,4,5,4,2,2,2,9902,3,29,9,7,1,16,2.67,102997.714045,2542,93095.714045,1,0,1,1,0,0,0,1,0
53,8,1,1,3,4,4,4,16866,4,15,7,7,1,14,3.67,69047.72894688007,12784,52181.72894688007,0,0,0,0,1,0,0,1,0
43,20,4,5,5,2,4,1,15367,3,1,14,3,1,17,3.67,69047.72894688007,12784,53680.72894688007,1,1,0,0,1,0,0,0,0
54,15,3,4,4,3,2,2,4718,3,7,11,1,0,12,3.0,102997.714045,2542,98279.714045,1,1,0,0,0,0,1,0,0
35,12,2,1,5,3,3,2,9336,4,28,13,8,1,21,3.67,102997.714045,2542,93661.714045,0,0,0,1,0,0,0,1,0
39,23,4,2,5,4,1,1,18573,2,3,3,2,0,5,3.33,69047.72894688007,12784,50474.72894688007,0,0,1,0,1,1,0,0,0
40,40,3,3,4,3,2,4,19289,2,1,13,6,1,19,3.0,102997.714045,2542,83708.714045,1,1,0,0,1,0,0,0,0
20,22,2,2,5,4,1,4,19964,1,19,5,4,1,9,3.33,69047.72894688007,12784,49083.72894688007,0,0,1,0,1,0,0,1,0
30,13,1,4,5,1,4,3,10313,1,10,8,0,0,8,3.33,69047.72894688007,12784,58734.72894688007,1,1,0,1,0,0,1,0,0
37,42,2,1,3,2,3,3,4876,2,12,9,9,1,18,2.67,102997.714045,2542,98121.714045,0,0,0,0,0,0,0,1,1
47,25,3,3,1,2,3,2,16406,3,2,1,6,1,7,2.0,69047.72894688007,12784,52641.72894688007,1,0,0,0,1,0,0,0,1
26,26,4,2,3,1,4,4,6910,4,27,4,8,1,12,2.67,102997.714045,2542,96087.714045,0,1,0,0,0,0,0,1,1
21,16,1,3,3,4,1,3,18968,3,29,6,2,0,8,2.67,102997.714045,2542,84029.714045,1,1,0,0,1,0,0,1,0
26,1,3,2,3,3,2,3,5296,1,8,7,7,1,14,2.67,91683.75438596492,139,86387.75438596492,0,0,1,0,0,0,1,0,0
37,37,4,4,5,3,1,2,14069,4,5,13,4,1,17,3.0,102997.714045,2542,88928.714045,0,0,0,0,1,1,0,0,0
24,11,3,3,5,1,3,3,18678,1,1,2,3,1,5,3.0,69047.72894688007,12784,50369.72894688007,1,1,0,0,1,0,0,0,0
40,21,1,5,1,4,3,1,7839,3,10,12,6,1,18,2.67,69047.72894688007,12784,61208.72894688007,1,1,0,1,0,0,1,0,0
41,6,3,3,3,2,1,4,6298,4,26,13,0,0,13,2.0,69047.72894688007,12784,62749.72894688007,1,0,1,0,0,0,0,1,0
48,37,4,2,2,3,4,3,19957,2,20,6,5,1,11,3.0,69047.72894688007,12784,49090.72894688007,0,0,1,0,1,0,0,1,0
50,37,3,5,5,1,3,1,13369,1,15,7,5,1,12,3.0,69047.72894688007,12784,55678.72894688007,1,0,1,1,0,0,0,1,0
43,29,1,1,2,4,4,2,18765,2,18,10,7,1,17,3.33,102997.714045,2542,84232.714045,1,0,0,0,1,0,0,1,1
53,19,2,4,3,4,3,1,17932,2,14,7,5,1,12,3.33,69047.72894688007,12784,51115.72894688007,1,0,1,0,1,0,0,1,0
58,41,4,3,3,1,1,2,18814,3,21,9,1,0,10,1.67,69047.72894688007,12784,50233.72894688007,1,0,1,0,1,0,0,1,0
53,46,2,4,5,4,2,2,9869,3,11,14,4,1,18,3.67,102997.714045,2542,93128.714045,0,0,0,1,0,0,0,1,0
45,20,1,2,3,1,4,3,18882,4,27,1,5,1,6,2.67,69047.72894688007,12784,50165.72894688007,0,0,1,0,1,0,0,1,1
20,18,2,4,5,1,1,2,8385,2,22,8,7,1,15,2.33,69047.72894688007,12784,60662.72894688007,1,1,0,1,0,0,0,1,0
58,42,1,4,3,4,4,2,6336,4,17,2,4,1,6,3.67,69047.72894688007,12784,62711.72894688007,1,1,0,0,0,0,0,1,0
41,18,1,5,5,1,1,2,14284,1,19,14,3,1,17,2.33,69047.72894688007,12784,54763.72894688007,0,1,0,0,1,0,0,1,0
34,3,3,2,4,1,3,2,7756,0,6,2,0,0,2,2.67,69047.72894688007,12784,61291.72894688007,0,1,0,1,0,0,1,0,0
45,7,3,3,1,1,1,3,5210,1,24,9,9,1,18,1.0,17372.83423076923,33,12162.83423076923,0,0,0,0,0,0,0,1,0
44,10,3,2,1,1,1,1,3488,2,13,7,0,0,7,1.0,69047.72894688007,12784,65559.72894688007,0,1,0,0,0,0,0,1,0
54,25,1,1,1,3,4,2,8662,2,21,14,7,1,21,2.67,102997.714045,2542,94335.714045,0,0,1,1,0,0,0,1,0
37,36,2,1,4,2,3,2,19911,4,18,1,3,1,4,3.0,69047.72894688007,12784,49136.72894688007,1,0,0,0,1,0,0,1,1
39,15,3,4,1,2,1,3,13341,0,20,8,11,1,19,1.33,91683.75438596492,139,78342.75438596492,0,1,0,1,0,0,0,1,0
39,26,4,3,2,2,3,3,16427,4,17,2,1,0,3,2.33,69047.72894688007,12784,52620.72894688007,0,1,0,0,1,0,0,1,1
23,1,4,4,5,1,3,3,14924,3,21,7,7,1,14,3.0,69047.72894688007,12784,54123.72894688007,0,0,1,0,1,0,0,1,0
36,20,4,3,5,4,1,3,17164,4,19,12,9,1,21,3.33,102997.714045,2542,85833.714045,0,0,1,0,1,0,0,1,0
38,38,3,4,1,1,4,3,7028,2,2,14,9,1,23,2.0,69047.72894688007,12784,62019.72894688007,0,0,1,0,0,0,0,0,1
27,28,4,5,3,4,2,2,16996,1,4,2,6,1,8,3.0,69047.72894688007,12784,52051.72894688007,0,0,0,0,1,1,0,0,0
45,18,1,1,3,3,4,4,6663,4,18,8,7,1,15,3.33,69047.72894688007,12784,62384.72894688007,1,0,1,0,0,0,0,1,0
31,42,3,3,4,4,3,4,14111,4,25,3,6,1,9,3.67,69047.72894688007,12784,54936.72894688007,0,0,1,0,1,0,0,1,0
46,34,4,1,5,4,4,1,16966,2,11,10,8,1,18,4.33,69047.72894688007,12784,52081.72894688007,0,0,1,0,1,0,0,1,0
42,8,3,5,4,2,2,2,18430,1,24,7,14,1,21,2.67,102997.714045,2542,84567.714045,0,0,0,0,1,0,0,1,0
31,21,4,2,2,3,1,2,6825,4,7,13,4,1,17,2.0,69047.72894688007,12784,62222.72894688007,0,0,0,0,0,0,1,0,0
38,40,1,3,3,2,3,3,10891,1,28,11,8,1,19,2.67,102997.714045,2542,92106.714045,0,0,0,1,0,0,0,1,0
34,19,2,3,2,4,4,1,3980,1,2,10,5,1,15,3.33,69047.72894688007,12784,65067.72894688007,0,0,0,0,0,0,0,0,0
33,44,4,3,5,4,3,4,6718,4,19,14,6,1,20,4.0,69047.72894688007,12784,62329.72894688007,1,0,1,0,0,0,0,1,0
36,26,3,1,3,4,4,1,6467,4,3,1,2,0,3,3.67,69047.72894688007,12784,62580.72894688007,0,0,0,0,0,1,0,0,0
34,20,4,1,3,3,4,2,2585,0,1,0,0,0,0,3.33,89817.88593023256,119,87232.88593023256,0,0,1,0,0,0,0,0,0
33,42,4,5,3,3,2,1,18929,3,15,5,0,0,5,2.67,102997.714045,2542,84068.714045,1,0,1,0,1,0,0,1,0
46,35,3,1,1,2,3,3,3173,2,18,6,3,1,9,2.0,102997.714045,2542,99824.714045,1,0,1,0,0,0,0,1,1
32,2,2,3,3,1,2,3,3521,4,9,3,6,1,9,2.0,69047.72894688007,12784,65526.72894688007,1,1,0,0,0,0,1,0,0
37,12,3,3,5,2,4,2,15257,2,3,5,9,1,14,3.67,69047.72894688007,12784,53790.72894688007,0,0,1,0,1,1,0,0,0
20,14,1,2,2,3,2,1,6165,2,27,11,9,1,20,2.33,69047.72894688007,12784,62882.72894688007,0,1,0,0,0,0,0,1,0
34,35,2,5,2,3,1,2,8605,3,9,1,9,1,10,2.0,69047.72894688007,12784,60442.72894688007,0,1,0,1,0,0,1,0,0
41,33,2,1,5,3,1,1,5370,2,4,11,2,0,13,3.0,69047.72894688007,12784,63677.72894688007,1,1,0,0,0,1,0,0,0
33,3,3,1,1,1,1,3,3348,1,10,8,9,1,17,1.0,89817.88593023256,119,86469.88593023256,1,1,0,0,0,0,1,0,1
55,8,2,2,3,2,3,4,18650,1,18,2,0,0,2,2.67,69047.72894688007,12784,50397.72894688007,0,0,0,0,1,0,0,1,0
56,4,4,1,3,3,2,2,3175,3,3,3,0,0,3,2.67,69047.72894688007,12784,65872.72894688007,0,0,0,0,0,1,0,0,0
27,10,4,5,1,4,3,4,4426,4,29,10,5,1,15,2.67,69047.72894688007,12784,64621.72894688007,0,0,0,0,0,0,0,1,0
29,19,3,5,5,1,3,2,7813,2,26,9,5,1,14,3.0,69047.72894688007,12784,61234.72894688007,0,0,1,1,0,0,0,1,0
40,39,3,2,3,1,3,1,5411,1,1,10,7,1,17,2.33,69047.72894688007,12784,63636.72894688007,1,1,0,0,0,0,0,0,0
48,26,2,5,1,1,3,3,13682,1,11,12,2,0,14,1.67,69047.72894688007,12784,55365.72894688007,0,1,0,1,0,0,0,1,0
41,43,2,3,2,4,1,2,6684,3,25,3,2,0,5,2.33,69047.72894688007,12784,62363.72894688007,1,0,0,0,0,0,0,1,0
27,14,3,1,1,1,4,2,2235,1,9,7,6,1,13,2.0,89817.88593023256,119,87582.88593023256,1,0,1,0,0,0,1,0,0
46,16,1,3,3,1,2,2,19816,3,28,8,8,1,16,2.0,69047.72894688007,12784,49231.72894688007,1,0,0,0,1,0,0,1,1
30,41,2,4,4,3,2,2,14938,3,28,9,8,1,17,3.0,69047.72894688007,12784,54109.72894688007,0,1,0,0,1,0,0,1,0
57,3,1,3,4,3,3,2,18490,2,18,8,6,1,14,3.33,69047.72894688007,12784,50557.72894688007,0,0,0,0,1,0,0,1,1
55,40,1,4,2,3,4,3,12463,4,2,10,5,1,15,3.0,69047.72894688007,12784,56584.72894688007,0,1,0,1,0,0,0,0,0
35,49,1,1,1,1,4,3,11881,1,2,5,1,0,6,2.0,102997.714045,2542,91116.714045,1,1,0,1,0,0,0,0,0
51,31,3,3,4,3,1,4,10851,3,2,8,5,1,13,2.67,69047.72894688007,12784,58196.72894688007,0,0,0,1,0,0,0,0,0
51,18,3,5,4,4,4,2,16250,2,3,7,4,1,11,4.0,69047.72894688007,12784,52797.72894688007,1,1,0,0,1,1,0,0,0
59,3,2,2,4,3,4,3,5171,5,6,1,0,0,1,3.67,91683.75438596492,139,86512.75438596492,0,1,0,0,0,0,1,0,0
22,21,1,4,1,2,3,4,11220,1,18,5,6,1,11,2.0,102997.714045,2542,91777.714045,1,1,0,1,0,0,0,1,1
44,15,2,3,2,4,2,2,10101,4,28,2,9,1,11,2.67,102997.714045,2542,92896.714045,1,0,0,1,0,0,0,1,0
53,46,4,1,5,4,3,3,10996,4,21,14,3,1,17,4.0,69047.72894688007,12784,58051.72894688007,0,1,0,1,0,0,0,1,0
41,18,3,5,3,3,3,2,10918,1,14,3,5,1,8,3.0,69047.72894688007,12784,58129.72894688007,1,0,0,1,0,0,0,1,0
23,26,2,3,2,1,2,3,8782,4,29,9,4,1,13,1.67,69047.72894688007,12784,60265.72894688007,0,0,1,1,0,0,0,1,1
50,30,4,2,5,4,2,3,14123,4,22,1,6,1,7,3.67,69047.72894688007,12784,54924.72894688007,1,0,0,0,1,0,0,1,0
49,15,1,1,1,4,2,1,8561,2,28,2,7,1,9,2.33,69047.72894688007,12784,60486.72894688007,1,0,1,1,0,0,0,1,0
36,36,2,5,2,3,1,3,7446,1,25,10,1,0,11,2.0,69047.72894688007,12784,61601.72894688007,0,0,0,0,0,0,0,1,0
39,38,1,4,1,2,4,1,11335,4,17,1,8,1,9,2.33,69047.72894688007,12784,57712.72894688007,0,1,0,1,0,0,0,1,0
45,2,1,5,2,1,1,3,18824,2,24,10,1,0,11,1.33,102997.714045,2542,84173.714045,1,1,0,0,1,0,0,1,1
32,9,2,3,4,2,3,3,17448,4,21,4,1,0,5,3.0,69047.72894688007,12784,51599.72894688007,1,0,1,0,1,0,0,1,0
36,42,4,4,5,4,2,2,9868,1,18,3,5,1,8,3.67,69047.72894688007,12784,59179.72894688007,1,0,0,1,0,0,0,1,0
46,5,3,2,2,2,3,4,8177,3,18,4,9,1,13,2.33,69047.72894688007,12784,60870.72894688007,0,1,0,1,0,0,0,1,1
59,11,1,4,5,3,2,3,11094,2,22,3,7,1,10,3.33,69047.72894688007,12784,57953.72894688007,1,1,0,1,0,0,0,1,1
50,7,1,1,5,1,1,4,17593,1,15,14,2,0,16,2.33,102997.714045,2542,85404.714045,0,0,0,0,1,0,0,1,0
39,9,4,5,1,2,4,2,13946,1,26,10,8,1,18,2.33,69047.72894688007,12784,55101.72894688007,1,1,0,0,1,0,0,1,0
51,33,4,3,4,4,2,3,7618,3,10,9,9,1,18,3.33,69047.72894688007,12784,61429.72894688007,0,1,0,1,0,0,1,0,0
48,26,2,3,3,2,1,2,16952,2,29,12,0,0,12,2.0,102997.714045,2542,86045.714045,0,0,0,0,1,0,0,1,0
25,21,2,2,3,3,4,3,7666,4,25,9,2,0,11,3.33,102997.714045,2542,95331.714045,0,0,0,1,0,0,0,1,0
53,24,2,5,5,4,2,3,3892,3,24,10,9,1,19,3.67,69047.72894688007,12784,65155.72894688007,0,0,0,0,0,0,0,1,0
49,33,1,1,2,1,3,4,12409,3,13,2,7,1,9,2.0,69047.72894688007,12784,56638.72894688007,1,0,0,1,0,0,0,1,1
21,34,3,1,4,3,2,1,14678,2,10,11,1,0,12,3.0,102997.714045,2542,88319.714045,1,1,0,0,1,0,1,0,1
20,48,1,4,3,2,3,3,8656,2,23,2,7,1,9,2.67,69047.72894688007,12784,60391.72894688007,1,0,1,1,0,0,0,1,0
39,6,1,2,5,4,1,4,7225,2,16,14,1,0,15,3.33,69047.72894688007,12784,61822.72894688007,1,0,0,0,0,0,0,1,1
46,34,3,4,4,4,4,1,11526,2,22,7,8,1,15,4.0,69047.72894688007,12784,57521.72894688007,0,0,1,1,0,0,0,1,0
35,43,1,4,2,1,4,4,16582,4,18,9,6,1,15,2.33,69047.72894688007,12784,52465.72894688007,1,1,0,0,1,0,0,1,1
56,28,4,1,5,2,4,2,18208,2,13,13,0,0,13,3.67,102997.714045,2542,84789.714045,1,0,0,0,1,0,0,1,0
44,9,4,2,3,2,2,1,11065,2,9,1,2,0,3,2.33,69047.72894688007,12784,57982.72894688007,1,0,0,1,0,0,1,0,0
51,20,2,5,3,4,1,1,13763,4,7,1,1,0,2,2.67,69047.72894688007,12784,55284.72894688007,1,0,0,0,1,0,1,0,0
52,3,2,4,1,3,1,4,16856,1,34,6,1,0,7,1.67,102997.714045,2542,86141.714045,0,0,1,0,1,0,0,1,0
44,42,1,1,5,3,2,2,8434,1,16,8,5,1,13,3.33,102997.714045,2542,94563.714045,1,0,0,1,0,0,0,1,0
50,36,4,5,1,4,4,1,7716,4,1,6,0,0,6,3.0,69047.72894688007,12784,61331.72894688007,1,0,1,1,0,0,0,0,0
44,44,2,2,4,4,2,1,11429,2,1,9,2,0,11,3.33,69047.72894688007,12784,57618.72894688007,1,0,1,1,0,0,0,0,0
27,47,2,4,3,2,1,1,14678,2,8,2,7,1,9,2.0,102997.714045,2542,88319.714045,1,1,0,0,1,0,1,0,0
39,42,2,3,3,4,1,1,17724,2,16,1,0,0,1,2.67,69047.72894688007,12784,51323.72894688007,0,1,0,0,1,0,0,1,1
21,32,3,1,3,1,2,4,4208,1,2,7,3,1,10,2.0,69047.72894688007,12784,64839.72894688007,1,1,0,0,0,0,0,0,0
47,1,4,5,3,2,4,4,4494,4,6,8,6,1,14,3.0,69047.72894688007,12784,64553.72894688007,1,1,0,0,0,0,1,0,0
23,30,1,5,1,2,4,3,4501,4,10,6,4,1,10,2.33,102997.714045,2542,98496.714045,1,0,1,0,0,0,1,0,0
35,30,1,5,1,3,2,3,19684,1,22,10,8,1,18,2.0,69047.72894688007,12784,49363.72894688007,1,0,0,0,1,0,0,1,0
32,13,2,1,2,3,3,3,2743,1,2,2,2,0,4,2.67,17372.83423076923,33,14629.83423076923,0,0,1,0,0,0,0,0,0
30,27,2,3,5,3,1,3,5214,4,8,11,3,1,14,3.0,102997.714045,2542,97783.714045,0,1,0,0,0,0,1,0,0
51,43,1,2,1,1,2,4,13616,4,2,10,3,1,13,1.33,102997.714045,2542,89381.714045,0,0,0,1,0,0,0,0,1
24,42,1,3,5,1,2,3,7638,1,5,10,0,0,10,2.67,69047.72894688007,12784,61409.72894688007,0,1,0,1,0,1,0,0,1
31,48,3,2,4,4,3,4,5455,1,24,7,7,1,14,3.67,102997.714045,2542,97542.714045,0,1,0,0,0,0,0,1,1
24,26,4,4,5,3,2,3,10602,4,3,3,4,1,7,3.33,102997.714045,2542,92395.714045,0,0,0,1,0,1,0,0,1
49,44,4,3,4,4,2,2,15598,3,16,10,5,1,15,3.33,102997.714045,2542,87399.714045,0,0,0,0,1,0,0,1,0
37,38,3,5,2,1,2,3,14812,3,28,14,4,1,18,1.67,69047.72894688007,12784,54235.72894688007,1,1,0,0,1,0,0,1,0
44,36,1,4,4,1,2,1,10805,4,18,4,4,1,8,2.33,69047.72894688007,12784,58242.72894688007,0,0,1,1,0,0,0,1,0
26,32,2,2,2,3,4,1,12620,2,4,10,0,0,10,3.0,69047.72894688007,12784,56427.72894688007,0,0,0,1,0,1,0,0,0
28,12,3,2,3,2,4,2,9868,2,1,5,2,0,7,3.0,69047.72894688007,12784,59179.72894688007,0,1,0,1,0,0,0,0,0
40,38,1,1,3,1,2,4,11802,1,16,10,1,0,11,2.0,69047.72894688007,12784,57245.72894688007,0,0,0,1,0,0,0,1,0
55,4,4,1,4,3,1,2,10786,2,15,5,2,0,7,2.67,69047.72894688007,12784,58261.72894688007,1,1,0,1,0,0,0,1,1
34,24,3,5,1,3,3,3,4263,4,4,8,9,1,17,2.33,69047.72894688007,12784,64784.72894688007,1,0,1,0,0,1,0,0,0
55,14,4,4,1,3,3,1,9550,4,28,11,2,0,13,2.33,69047.72894688007,12784,59497.72894688007,0,0,1,1,0,0,0,1,0
22,44,4,3,3,2,3,3,6974,3,17,2,3,1,5,2.67,69047.72894688007,12784,62073.72894688007,1,1,0,0,0,0,0,1,0
56,35,1,4,5,4,4,3,7954,2,19,7,2,0,9,4.33,102997.714045,2542,95043.714045,0,0,0,1,0,0,0,1,1
49,11,1,4,4,2,3,3,11813,1,5,8,3,1,11,3.0,69047.72894688007,12784,57234.72894688007,0,0,1,1,0,1,0,0,0
48,36,1,4,1,4,4,1,10381,3,23,4,8,1,12,3.0,69047.72894688007,12784,58666.72894688007,0,0,0,1,0,0,0,1,0
40,40,3,2,2,2,1,4,13792,2,24,12,3,1,15,1.67,69047.72894688007,12784,55255.72894688007,1,0,0,0,1,0,0,1,0
28,21,1,5,4,2,1,3,17533,2,3,7,6,1,13,2.33,69047.72894688007,12784,51514.72894688007,1,1,0,0,1,1,0,0,0
26,33,1,5,5,2,1,3,7528,4,6,7,9,1,16,2.67,69047.72894688007,12784,61519.72894688007,1,1,0,0,0,0,1,0,0
40,28,3,1,3,4,1,2,8574,4,14,5,6,1,11,2.67,69047.72894688007,12784,60473.72894688007,0,0,0,1,0,0,0,1,1
45,40,4,3,4,1,3,3,9297,1,16,11,6,1,17,2.67,102997.714045,2542,93700.714045,0,1,0,1,0,0,0,1,0
42,10,1,4,3,4,2,2,8862,3,29,1,5,1,6,3.0,69047.72894688007,12784,60185.72894688007,0,0,1,1,0,0,0,1,0
52,1,4,5,3,4,1,3,16635,3,18,5,4,1,9,2.67,102997.714045,2542,86362.714045,1,1,0,0,1,0,0,1,1
38,2,3,2,3,4,2,3,6553,9,1,0,0,0,0,3.0,69047.72894688007,12784,62494.72894688007,0,0,1,0,0,0,0,0,0
47,11,4,5,4,3,4,2,4299,2,27,7,8,1,15,3.67,69047.72894688007,12784,64748.72894688007,1,0,0,0,0,0,0,1,0
44,27,1,4,1,4,3,3,13557,1,10,11,7,1,18,2.67,69047.72894688007,12784,55490.72894688007,0,0,0,1,0,0,1,0,0
41,1,1,4,1,4,4,4,10456,3,29,9,3,1,12,3.0,69047.72894688007,12784,58591.72894688007,0,0,0,1,0,0,0,1,1
50,17,1,1,1,1,3,1,14657,3,22,2,4,1,6,1.67,69047.72894688007,12784,54390.72894688007,0,0,1,0,1,0,0,1,0
23,9,2,1,1,3,2,4,3197,3,26,13,5,1,18,2.0,69047.72894688007,12784,65850.72894688007,1,0,0,0,0,0,0,1,0
52,42,3,3,1,1,4,2,11698,3,1,13,7,1,20,2.0,69047.72894688007,12784,57349.72894688007,0,0,1,1,0,0,0,0,0
59,36,4,2,5,2,4,2,3047,2,10,12,6,1,18,3.67,69047.72894688007,12784,66000.72894688007,1,0,1,0,0,0,1,0,0
29,8,1,1,2,3,3,1,3269,2,14,2,2,0,4,2.67,69047.72894688007,12784,65778.72894688007,1,0,0,0,0,0,0,1,0
27,8,3,3,3,4,4,3,8726,1,9,8,1,0,9,3.67,91683.75438596492,139,82957.75438596492,0,1,0,1,0,0,1,0,0
58,13,2,2,5,1,3,4,3050,1,3,1,3,1,4,3.0,69047.72894688007,12784,65997.72894688007,0,1,0,0,0,1,0,0,0
33,10,3,2,3,2,2,2,5487,1,10,4,0,0,4,2.33,91683.75438596492,139,86196.75438596492,0,1,0,0,0,0,1,0,0
45,8,4,2,1,4,2,4,7303,4,18,4,4,1,8,2.33,102997.714045,2542,95694.714045,0,0,0,0,0,0,0,1,0
38,8,2,4,5,4,1,2,10754,4,5,8,7,1,15,3.33,69047.72894688007,12784,58293.72894688007,1,0,0,1,0,1,0,0,1
33,9,2,3,5,3,1,2,5803,2,11,13,4,1,17,3.0,69047.72894688007,12784,63244.72894688007,1,0,0,0,0,0,0,1,0
41,27,4,4,2,1,1,3,17084,4,8,6,0,0,6,1.33,69047.72894688007,12784,51963.72894688007,0,0,0,0,1,0,1,0,1
30,30,3,5,3,3,1,3,4298,3,19,8,1,0,9,2.33,69047.72894688007,12784,64749.72894688007,1,0,0,0,0,0,0,1,1
25,33,1,4,4,1,3,1,4373,2,24,4,4,1,8,2.67,102997.714045,2542,98624.714045,0,0,0,0,0,0,0,1,0
21,7,2,4,5,4,4,4,9953,3,14,2,1,0,3,4.33,69047.72894688007,12784,59094.72894688007,0,0,0,1,0,0,0,1,1
39,16,4,2,5,3,3,3,12629,3,15,3,6,1,9,3.67,69047.72894688007,12784,56418.72894688007,1,0,0,1,0,0,0,1,0
28,33,3,5,3,4,2,3,7092,4,29,11,6,1,17,3.0,69047.72894688007,12784,61955.72894688007,1,1,0,0,0,0,0,1,0
22,31,1,5,2,1,2,4,10105,1,8,4,5,1,9,1.67,69047.72894688007,12784,58942.72894688007,1,0,1,1,0,0,1,0,0
49,6,2,4,4,1,4,2,3247,3,6,10,5,1,15,3.0,69047.72894688007,12784,65800.72894688007,1,1,0,0,0,0,1,0,0
50,44,1,1,1,2,4,2,7309,3,22,4,0,0,4,2.33,69047.72894688007,12784,61738.72894688007,1,1,0,0,0,0,0,1,1
44,11,3,5,5,3,3,4,13977,3,14,6,2,0,8,3.67,69047.72894688007,12784,55070.72894688007,1,1,0,0,1,0,0,1,0
30,7,3,2,1,4,2,3,4779,7,3,2,0,0,2,2.33,91683.75438596492,139,86904.75438596492,0,0,0,0,0,1,0,0,0
48,48,3,1,2,4,4,2,10088,2,21,1,8,1,9,3.33,69047.72894688007,12784,58959.72894688007,1,0,1,1,0,0,0,1,1
21,14,1,1,1,1,4,1,16071,4,15,7,4,1,11,2.0,69047.72894688007,12784,52976.72894688007,0,1,0,0,1,0,0,1,0
25,12,4,1,4,3,4,2,15203,3,9,10,2,0,12,3.67,69047.72894688007,12784,53844.72894688007,1,1,0,0,1,0,1,0,1
54,44,3,4,2,2,2,3,19698,4,23,5,6,1,11,2.0,69047.72894688007,12784,49349.72894688007,0,0,0,0,1,0,0,1,0
29,5,3,3,3,2,3,1,13060,2,21,13,0,0,13,2.67,69047.72894688007,12784,55987.72894688007,1,0,1,1,0,0,0,1,0
36,44,2,3,3,4,1,4,13357,4,8,4,4,1,8,2.67,69047.72894688007,12784,55690.72894688007,1,0,1,1,0,0,1,0,0
43,2,3,2,4,4,1,3,7847,1,10,9,8,1,17,3.0,91683.75438596492,139,83836.75438596492,1,0,1,1,0,0,1,0,0
27,5,3,1,2,3,2,2,2478,1,4,3,1,0,4,2.33,89817.88593023256,119,87339.88593023256,1,1,0,0,0,1,0,0,0
27,17,3,1,3,4,4,3,2394,1,8,2,7,1,9,3.67,89817.88593023256,119,87423.88593023256,1,1,0,0,0,0,1,0,1
26,18,4,1,4,2,4,1,14458,1,24,11,7,1,18,3.33,69047.72894688007,12784,54589.72894688007,0,0,0,0,1,0,0,1,1
39,24,3,2,4,1,1,3,4108,7,7,7,1,0,8,2.0,89817.88593023256,119,85709.88593023256,0,1,0,0,0,0,1,0,0
51,8,1,4,2,1,2,4,5074,3,16,5,1,0,6,1.67,69047.72894688007,12784,63973.72894688007,1,0,0,0,0,0,0,1,0
24,48,1,1,2,4,1,2,10934,3,2,13,9,1,22,2.33,69047.72894688007,12784,58113.72894688007,0,0,0,1,0,0,0,0,0
52,6,4,5,5,3,4,1,14636,2,16,12,6,1,18,4.0,69047.72894688007,12784,54411.72894688007,1,0,0,0,1,0,0,1,0
57,11,2,5,2,2,2,2,17958,1,20,2,9,1,11,2.0,102997.714045,2542,85039.714045,0,1,0,0,1,0,0,1,1
31,38,3,3,3,4,4,3,13995,4,4,8,6,1,14,3.67,69047.72894688007,12784,55052.72894688007,0,1,0,0,1,1,0,0,0
54,4,3,1,1,2,4,1,19919,1,19,13,9,1,22,2.33,69047.72894688007,12784,49128.72894688007,0,0,1,0,1,0,0,1,0
40,7,3,5,2,2,2,2,19833,1,21,8,12,1,20,2.0,102997.714045,2542,83164.714045,0,1,0,0,1,0,0,1,0
42,19,1,5,3,1,3,1,17092,1,12,8,6,1,14,2.33,102997.714045,2542,85905.714045,1,0,0,0,1,0,0,1,0
25,19,4,2,1,1,4,3,7494,3,5,10,6,1,16,2.0,102997.714045,2542,95503.714045,1,0,0,0,0,1,0,0,1
30,16,3,1,4,2,2,2,2862,1,10,0,0,0,0,2.67,89817.88593023256,119,86955.88593023256,0,0,1,0,0,0,1,0,0
25,13,2,2,5,2,4,1,10058,1,16,7,4,1,11,3.67,69047.72894688007,12784,58989.72894688007,1,0,1,1,0,0,0,1,1
38,35,3,5,2,1,4,1,6612,4,2,11,9,1,20,2.33,69047.72894688007,12784,62435.72894688007,1,1,0,0,0,0,0,0,0
24,7,4,5,4,1,1,4,10970,3,21,5,9,1,14,2.0,69047.72894688007,12784,58077.72894688007,1,0,1,1,0,0,0,1,0
36,27,3,1,3,1,1,1,13745,3,7,7,6,1,13,1.67,69047.72894688007,12784,55302.72894688007,1,1,0,0,1,0,1,0,0
58,40,3,4,1,1,1,1,4903,4,13,13,7,1,20,1.0,69047.72894688007,12784,64144.72894688007,1,1,0,0,0,0,0,1,0
27,6,3,1,3,1,2,3,11901,4,21,14,8,1,22,2.0,69047.72894688007,12784,57146.72894688007,1,1,0,1,0,0,0,1,0
52,22,1,5,3,2,3,2,12471,3,4,3,3,1,6,2.67,69047.72894688007,12784,56576.72894688007,1,1,0,1,0,1,0,0,0
24,37,2,2,5,4,2,4,7582,4,7,1,5,1,6,3.67,69047.72894688007,12784,61465.72894688007,0,0,1,0,0,0,1,0,0
32,10,3,2,3,4,4,4,3846,3,28,8,4,1,12,3.67,102997.714045,2542,99151.714045,0,0,1,0,0,0,0,1,0
43,29,4,1,5,2,1,3,10504,2,11,3,7,1,10,2.67,69047.72894688007,12784,58543.72894688007,0,0,0,1,0,0,0,1,0
56,3,1,1,2,2,2,3,3665,3,28,13,3,1,16,2.0,69047.72894688007,12784,65382.72894688007,0,0,1,0,0,0,0,1,1
40,41,2,5,1,1,2,3,6065,2,16,8,3,1,11,1.33,69047.72894688007,12784,62982.72894688007,1,1,0,0,0,0,0,1,0
46,2,3,3,4,3,4,4,7098,3,21,10,9,1,19,3.67,69047.72894688007,12784,61949.72894688007,0,0,1,0,0,0,0,1,0
55,32,2,4,5,1,3,2,14474,4,12,5,8,1,13,3.0,69047.72894688007,12784,54573.72894688007,0,0,0,0,1,0,0,1,0
31,26,3,4,5,2,4,2,16779,3,19,6,4,1,10,3.67,69047.72894688007,12784,52268.72894688007,1,0,1,0,1,0,0,1,0
52,47,1,3,3,1,1,2,11032,2,4,8,8,1,16,1.67,102997.714045,2542,91965.714045,0,1,0,1,0,1,0,0,0
42,42,2,3,3,3,2,3,3614,1,29,8,9,1,17,2.67,69047.72894688007,12784,65433.72894688007,1,0,0,0,0,0,0,1,0
20,15,3,4,4,2,3,3,13139,1,28,8,2,0,10,3.0,69047.72894688007,12784,55908.72894688007,0,0,0,1,0,0,0,1,0
52,20,3,2,2,2,4,4,3371,2,10,14,2,0,16,2.67,69047.72894688007,12784,65676.72894688007,1,1,0,0,0,0,1,0,0
36,13,3,1,5,2,1,4,19179,3,20,5,2,0,7,2.67,69047.72894688007,12784,49868.72894688007,1,0,0,0,1,0,0,1,0
43,4,2,1,5,2,1,2,16248,2,10,3,6,1,9,2.67,69047.72894688007,12784,52799.72894688007,1,1,0,0,1,0,1,0,0
53,23,3,4,4,4,3,3,14275,6,12,9,3,1,12,3.67,69047.72894688007,12784,54772.72894688007,0,1,0,0,1,0,0,1,0
44,8,1,5,4,1,2,1,17741,4,27,1,3,1,4,2.33,69047.72894688007,12784,51306.72894688007,1,0,1,0,1,0,0,1,0
35,21,3,3,4,1,4,3,6601,1,26,1,0,0,1,3.0,69047.72894688007,12784,62446.72894688007,0,0,0,0,0,0,0,1,0
21,47,4,2,2,3,2,2,3208,3,4,4,3,1,7,2.33,69047.72894688007,12784,65839.72894688007,1,0,1,0,0,1,0,0,0
21,10,2,1,3,1,3,1,2625,1,2,2,2,0,4,2.33,17372.83423076923,33,14747.83423076923,0,1,0,0,0,0,0,0,1
25,29,1,3,4,4,4,2,4063,4,16,2,9,1,11,4.0,69047.72894688007,12784,64984.72894688007,1,0,0,0,0,0,0,1,0
29,26,2,3,1,3,3,4,13383,2,15,1,6,1,7,2.33,69047.72894688007,12784,55664.72894688007,1,0,0,1,0,0,0,1,0
48,30,3,2,4,3,3,2,3648,1,23,6,0,0,6,3.33,69047.72894688007,12784,65399.72894688007,0,0,0,0,0,0,0,1,0
49,5,4,5,4,3,3,1,11254,2,27,5,8,1,13,3.33,102997.714045,2542,91743.714045,0,1,0,1,0,0,0,1,0
45,26,3,4,3,4,4,1,4400,2,12,10,3,1,13,3.67,69047.72894688007,12784,64647.72894688007,1,0,0,0,0,0,0,1,0
39,23,3,1,1,3,1,3,3904,0,5,2,0,0,2,1.67,89817.88593023256,119,85913.88593023256,0,1,0,0,0,1,0,0,1
48,45,1,3,1,2,1,3,16590,2,22,12,9,1,21,1.33,69047.72894688007,12784,52457.72894688007,1,1,0,0,1,0,0,1,1
50,22,1,4,4,3,4,3,14411,1,32,6,13,1,19,3.67,69047.72894688007,12784,54636.72894688007,1,1,0,0,1,0,0,1,0
44,31,3,3,1,4,4,2,16768,3,16,6,3,1,9,3.0,102997.714045,2542,86229.714045,0,1,0,0,1,0,0,1,0
50,32,1,1,3,2,4,3,3819,1,15,11,8,1,19,3.0,69047.72894688007,12784,65228.72894688007,1,0,1,0,0,0,0,1,0
49,13,4,2,5,1,1,1,14092,4,5,14,8,1,22,2.33,69047.72894688007,12784,54955.72894688007,0,1,0,0,1,1,0,0,0
57,11,4,4,1,4,1,3,4359,1,4,10,6,1,16,2.0,69047.72894688007,12784,64688.72894688007,0,1,0,0,0,1,0,0,0
42,14,2,5,1,3,1,4,19149,1,8,12,5,1,17,1.67,69047.72894688007,12784,49898.72894688007,0,0,0,0,1,0,1,0,0
37,30,2,5,4,1,1,3,5503,2,4,14,7,1,21,2.0,69047.72894688007,12784,63544.72894688007,0,0,0,0,0,1,0,0,0
22,47,4,4,3,3,4,4,12198,1,6,11,2,0,13,3.33,69047.72894688007,12784,56849.72894688007,0,1,0,1,0,0,1,0,0
33,1,4,2,1,1,1,3,4037,1,9,8,0,0,8,1.0,91683.75438596492,139,87646.75438596492,0,0,0,0,0,0,1,0,0
56,9,3,4,4,1,4,1,8861,1,29,13,8,1,21,3.0,69047.72894688007,12784,60186.72894688007,1,0,0,1,0,0,0,1,0
45,11,4,3,3,4,1,3,17180,1,11,14,3,1,17,2.67,69047.72894688007,12784,51867.72894688007,1,0,0,0,1,0,0,1,0
52,9,2,3,3,4,1,3,10408,3,26,13,7,1,20,2.67,102997.714045,2542,92589.714045,1,0,0,1,0,0,0,1,0
39,31,3,1,1,4,3,1,14451,1,24,2,0,0,2,2.67,69047.72894688007,12784,54596.72894688007,1,1,0,0,1,0,0,1,0
48,11,3,1,3,1,2,1,3828,1,6,6,5,1,11,2.0,69047.72894688007,12784,65219.72894688007,0,0,1,0,0,0,1,0,0
51,40,1,3,5,4,2,1,12349,3,3,3,2,0,5,3.67,69047.72894688007,12784,56698.72894688007,1,1,0,1,0,1,0,0,1
32,38,3,1,1,2,4,3,3555,1,18,6,0,0,6,2.33,102997.714045,2542,99442.714045,0,0,0,0,0,0,0,1,0
37,2,2,2,1,3,2,2,9094,3,8,9,5,1,14,2.0,69047.72894688007,12784,59953.72894688007,0,0,1,1,0,0,1,0,1
34,1,3,5,5,2,3,2,9902,2,8,6,4,1,10,3.33,69047.72894688007,12784,59145.72894688007,1,0,1,1,0,0,1,0,0
40,32,1,4,2,3,2,2,13317,2,23,1,4,1,5,2.33,69047.72894688007,12784,55730.72894688007,0,0,1,1,0,0,0,1,0
45,1,3,2,3,2,3,3,5399,4,4,2,0,0,2,2.67,69047.72894688007,12784,63648.72894688007,0,1,0,0,0,1,0,0,0
30,39,3,2,1,4,4,3,16195,3,3,4,0,0,4,3.0,69047.72894688007,12784,52852.72894688007,1,0,0,0,1,1,0,0,0
51,45,4,1,1,4,1,2,16767,3,5,6,8,1,14,2.0,69047.72894688007,12784,52280.72894688007,0,0,0,0,1,1,0,0,0
56,2,2,3,2,2,4,3,7258,1,2,12,4,1,16,2.67,69047.72894688007,12784,61789.72894688007,1,1,0,0,0,0,0,0,0
22,11,3,4,4,4,2,3,8190,4,21,3,7,1,10,3.33,102997.714045,2542,94807.714045,0,1,0,1,0,0,0,1,0
32,44,4,5,1,3,2,2,11973,2,16,2,4,1,6,2.0,69047.72894688007,12784,57074.72894688007,1,0,1,1,0,0,0,1,1
42,4,3,5,4,3,4,3,19232,1,22,17,11,1,28,3.67,102997.714045,2542,83765.714045,0,0,1,0,1,0,0,1,0
38,12,1,5,3,2,2,4,16135,1,10,8,6,1,14,2.33,69047.72894688007,12784,52912.72894688007,0,1,0,0,1,0,1,0,0
35,3,4,5,3,2,4,2,17700,2,8,3,4,1,7,3.0,69047.72894688007,12784,51347.72894688007,1,1,0,0,1,0,1,0,0
52,15,1,3,2,4,1,2,18946,1,27,2,4,1,6,2.33,69047.72894688007,12784,50101.72894688007,0,1,0,0,1,0,0,1,0
55,3,4,3,5,1,2,2,9103,1,23,5,8,1,13,2.67,69047.72894688007,12784,59944.72894688007,0,0,1,1,0,0,0,1,0
46,17,2,4,3,2,2,3,14454,4,7,5,7,1,12,2.33,102997.714045,2542,88543.714045,1,0,0,0,1,0,1,0,1
50,42,2,2,5,4,2,4,3877,1,17,11,0,0,11,3.67,69047.72894688007,12784,65170.72894688007,0,0,1,0,0,0,0,1,0
28,1,1,4,1,2,2,1,5984,1,6,3,9,1,12,1.67,102997.714045,2542,97013.714045,1,1,0,0,0,0,1,0,1
47,19,1,1,2,2,3,1,18773,1,3,3,0,0,3,2.33,102997.714045,2542,84224.714045,1,1,0,0,1,1,0,0,1
34,38,4,3,2,3,3,3,12048,3,12,4,6,1,10,2.67,102997.714045,2542,90949.714045,0,0,0,1,0,0,0,1,0
45,22,1,5,4,1,3,3,10204,1,29,13,6,1,19,2.67,69047.72894688007,12784,58843.72894688007,0,1,0,1,0,0,0,1,0
34,13,3,3,3,4,3,2,8628,1,8,7,1,0,8,3.33,91683.75438596492,139,83055.75438596492,0,0,0,1,0,0,1,0,0
34,49,2,1,4,4,2,2,12628,4,29,8,5,1,13,3.33,102997.714045,2542,90369.714045,1,0,1,1,0,0,0,1,0
22,28,2,5,1,2,4,4,4305,4,21,11,7,1,18,2.33,69047.72894688007,12784,64742.72894688007,0,0,0,0,0,0,0,1,0
55,39,1,3,4,4,3,3,10391,4,29,4,3,1,7,3.67,69047.72894688007,12784,58656.72894688007,0,0,1,1,0,0,0,1,0
49,28,3,1,5,4,1,3,6977,4,9,12,4,1,16,3.33,69047.72894688007,12784,62070.72894688007,1,0,0,0,0,0,1,0,0
20,41,1,1,2,1,3,2,3775,1,22,6,3,1,9,2.0,102997.714045,2542,99222.714045,0,0,0,0,0,0,0,1,0
41,46,2,4,1,1,1,1,16510,4,23,1,5,1,6,1.0,69047.72894688007,12784,52537.72894688007,0,1,0,0,1,0,0,1,0
54,23,1,5,1,4,3,2,8419,4,25,2,8,1,10,2.67,102997.714045,2542,94578.714045,0,0,1,1,0,0,0,1,0
36,35,4,1,5,3,4,3,6703,4,20,11,9,1,20,4.0,69047.72894688007,12784,62344.72894688007,0,0,1,0,0,0,0,1,1
49,25,2,4,1,1,1,3,12172,2,6,13,2,0,15,1.0,69047.72894688007,12784,56875.72894688007,0,0,1,1,0,0,1,0,0
43,42,4,3,3,3,2,2,18008,3,9,8,9,1,17,2.67,69047.72894688007,12784,51039.72894688007,0,1,0,0,1,0,1,0,0
45,28,1,2,1,2,2,4,14812,3,8,6,1,0,7,1.67,69047.72894688007,12784,54235.72894688007,1,0,0,0,1,0,1,0,0
28,4,3,2,3,2,2,4,4221,1,5,4,0,0,4,2.33,91683.75438596492,139,87462.75438596492,0,0,1,0,0,1,0,0,0
53,3,3,3,3,2,2,2,5729,1,14,1,6,1,7,2.33,69047.72894688007,12784,63318.72894688007,0,0,0,0,0,0,0,1,0
49,6,4,1,4,4,2,4,4336,2,27,1,4,1,5,3.33,102997.714045,2542,98661.714045,0,0,1,0,0,0,0,1,0
58,7,1,1,5,1,4,3,12819,2,21,14,7,1,21,3.33,69047.72894688007,12784,56228.72894688007,0,0,0,1,0,0,0,1,0
46,10,2,4,2,3,1,1,18044,1,8,1,4,1,5,2.0,69047.72894688007,12784,51003.72894688007,0,1,0,0,1,0,1,0,0
32,1,2,1,2,3,3,3,2332,6,3,0,0,0,0,2.67,17372.83423076923,33,15040.83423076923,0,0,1,0,0,1,0,0,0
42,30,3,3,1,1,4,3,8513,4,21,14,1,0,15,2.0,69047.72894688007,12784,60534.72894688007,0,0,0,1,0,0,0,1,0
49,35,4,4,3,3,4,2,19844,1,24,11,8,1,19,3.33,69047.72894688007,12784,49203.72894688007,1,1,0,0,1,0,0,1,0
31,13,4,5,5,4,1,1,15719,3,2,12,9,1,21,3.33,69047.72894688007,12784,53328.72894688007,0,0,1,0,1,0,0,0,0
39,1,1,4,2,2,1,2,9613,1,20,5,9,1,14,1.67,69047.72894688007,12784,59434.72894688007,0,0,0,1,0,0,0,1,0
47,9,2,4,3,3,4,4,7490,2,26,7,6,1,13,3.33,69047.72894688007,12784,61557.72894688007,1,0,0,0,0,0,0,1,1
36,48,3,1,5,2,1,4,15233,1,2,7,8,1,15,2.67,69047.72894688007,12784,53814.72894688007,1,0,1,0,1,0,0,0,0
53,7,4,2,5,3,3,3,7966,3,2,2,5,1,7,3.67,69047.72894688007,12784,61081.72894688007,1,1,0,1,0,0,0,0,1
52,2,3,2,5,3,1,2,7601,3,22,10,9,1,19,3.0,69047.72894688007,12784,61446.72894688007,1,0,1,0,0,0,0,1,1
23,45,4,1,5,3,2,1,5052,1,26,5,1,0,6,3.33,69047.72894688007,12784,63995.72894688007,0,0,0,0,0,0,0,1,0
56,21,4,5,2,1,1,1,13100,3,14,4,3,1,7,1.33,69047.72894688007,12784,55947.72894688007,1,1,0,1,0,0,0,1,0
34,3,3,2,2,4,3,3,5433,1,11,8,7,1,15,3.0,89817.88593023256,119,84384.88593023256,0,0,0,0,0,0,0,1,0
49,21,1,3,4,3,3,1,6401,2,10,13,8,1,21,3.33,102997.714045,2542,96596.714045,0,0,0,0,0,0,1,0,1
41,5,4,2,2,2,1,1,6870,3,3,2,1,0,3,1.67,69047.72894688007,12784,62177.72894688007,0,1,0,0,0,1,0,0,0
41,8,4,3,2,1,4,3,4773,1,5,1,7,1,8,2.33,102997.714045,2542,98224.714045,1,0,1,0,0,1,0,0,0
40,38,3,1,2,1,1,1,6538,2,4,10,0,0,10,1.33,69047.72894688007,12784,62509.72894688007,1,1,0,0,0,1,0,0,0
46,10,3,2,3,3,4,2,15715,3,22,6,9,1,15,3.33,69047.72894688007,12784,53332.72894688007,1,0,1,0,1,0,0,1,0
44,21,4,3,5,1,4,3,12412,1,2,7,3,1,10,3.33,69047.72894688007,12784,56635.72894688007,1,0,0,1,0,0,0,0,0
21,9,3,2,2,3,4,3,13582,3,4,13,8,1,21,3.0,102997.714045,2542,89415.714045,0,0,1,1,0,1,0,0,1
43,24,3,4,2,2,3,2,9093,4,5,2,8,1,10,2.33,69047.72894688007,12784,59954.72894688007,0,0,0,1,0,1,0,0,0
38,10,2,3,3,3,2,3,8740,0,8,7,2,0,9,2.67,91683.75438596492,139,82943.75438596492,1,0,0,1,0,0,1,0,0
34,7,3,4,2,4,3,3,5096,2,5,11,4,1,15,3.0,69047.72894688007,12784,63951.72894688007,0,1,0,0,0,1,0,0,0
53,34,3,4,4,2,2,2,13127,1,11,1,2,0,3,2.67,69047.72894688007,12784,55920.72894688007,0,0,0,1,0,0,0,1,0
51,4,1,4,4,1,4,4,15101,1,14,14,3,1,17,3.0,69047.72894688007,12784,53946.72894688007,0,1,0,0,1,0,0,1,1
56,43,3,1,2,1,2,4,7405,2,28,2,4,1,6,1.67,69047.72894688007,12784,61642.72894688007,1,0,1,0,0,0,0,1,0
21,22,3,1,3,3,3,3,3447,1,3,2,1,0,3,3.0,69047.72894688007,12784,65600.72894688007,0,1,0,0,0,1,0,0,0
50,1,3,2,3,4,1,3,6347,0,18,7,0,0,7,2.67,91683.75438596492,139,85336.75438596492,0,0,1,0,0,0,0,1,0
59,40,3,5,4,4,2,3,4331,3,28,12,4,1,16,3.33,69047.72894688007,12784,64716.72894688007,1,0,0,0,0,0,0,1,0
56,40,1,4,3,3,2,3,9509,4,1,10,3,1,13,2.67,69047.72894688007,12784,59538.72894688007,1,1,0,1,0,0,0,0,0
32,20,1,3,1,1,3,1,17871,3,18,2,0,0,2,1.67,69047.72894688007,12784,51176.72894688007,0,0,0,0,1,0,0,1,0
48,6,1,2,1,4,3,1,4949,1,7,8,9,1,17,2.67,69047.72894688007,12784,64098.72894688007,1,0,1,0,0,0,1,0,0
49,2,2,2,2,4,4,2,5390,2,9,6,0,0,6,3.33,91683.75438596492,139,86293.75438596492,0,0,1,0,0,0,1,0,0
29,8,1,1,1,2,4,2,2119,1,7,7,0,0,7,2.33,17372.83423076923,33,15253.83423076923,1,0,1,0,0,0,1,0,1
29,20,3,5,2,4,3,1,19568,2,26,7,7,1,14,3.0,69047.72894688007,12784,49479.72894688007,0,0,1,0,1,0,0,1,0
20,3,2,3,5,3,2,1,3838,2,26,14,9,1,23,3.33,69047.72894688007,12784,65209.72894688007,0,1,0,0,0,0,0,1,0
21,44,4,4,5,1,2,4,7843,3,4,11,8,1,19,2.67,69047.72894688007,12784,61204.72894688007,1,0,1,1,0,1,0,0,1
53,39,1,1,2,4,3,1,18115,3,25,6,9,1,15,3.0,69047.72894688007,12784,50932.72894688007,1,0,1,0,1,0,0,1,1
32,49,4,4,3,1,3,3,11144,2,25,2,6,1,8,2.33,69047.72894688007,12784,57903.72894688007,0,0,0,1,0,0,0,1,0
31,13,2,5,1,2,3,2,15108,1,26,1,2,0,3,2.0,69047.72894688007,12784,53939.72894688007,0,0,0,0,1,0,0,1,0
30,27,3,4,1,2,4,1,8777,2,2,5,5,1,10,2.33,69047.72894688007,12784,60270.72894688007,1,0,1,1,0,0,0,0,0
45,43,2,4,5,4,1,4,9296,2,27,12,1,0,13,3.33,69047.72894688007,12784,59751.72894688007,0,0,0,1,0,0,0,1,1
40,5,2,3,1,4,3,3,10475,5,18,13,1,0,14,2.67,91683.75438596492,139,81208.75438596492,1,0,1,1,0,0,0,1,0
48,44,2,5,5,2,2,1,17472,1,2,11,5,1,16,3.0,69047.72894688007,12784,51575.72894688007,0,0,1,0,1,0,0,0,0
32,26,2,4,3,3,2,1,7448,4,26,6,8,1,14,2.67,102997.714045,2542,95549.714045,1,0,0,0,0,0,0,1,1
30,43,2,1,2,1,4,1,5364,4,8,5,7,1,12,2.33,69047.72894688007,12784,63683.72894688007,0,0,0,0,0,0,1,0,0
44,27,4,1,5,4,3,1,15775,1,14,6,9,1,15,4.0,102997.714045,2542,87222.714045,1,0,1,0,1,0,0,1,0
56,31,3,3,3,1,1,1,5402,2,24,11,1,0,12,1.67,69047.72894688007,12784,63645.72894688007,0,1,0,0,0,0,0,1,0
45,37,2,4,5,1,2,3,7440,1,16,6,1,0,7,2.67,69047.72894688007,12784,61607.72894688007,0,1,0,0,0,0,0,1,0
25,30,1,5,1,4,4,1,8516,4,19,11,7,1,18,3.0,69047.72894688007,12784,60531.72894688007,0,0,1,1,0,0,0,1,0
33,31,1,1,5,2,4,4,17815,2,18,2,5,1,7,3.67,69047.72894688007,12784,51232.72894688007,1,0,0,0,1,0,0,1,0
25,3,1,5,5,3,2,2,17942,1,10,3,7,1,10,3.33,69047.72894688007,12784,51105.72894688007,1,0,1,0,1,0,1,0,0
32,21,1,1,4,1,4,1,13120,3,20,4,4,1,8,3.0,102997.714045,2542,89877.714045,0,1,0,1,0,0,0,1,0
41,5,2,1,1,1,1,1,2107,6,1,0,0,0,0,1.0,89817.88593023256,119,87710.88593023256,0,0,0,0,0,0,0,0,1
56,20,1,3,4,4,2,4,15164,1,8,7,8,1,15,3.33,69047.72894688007,12784,53883.72894688007,0,1,0,0,1,0,1,0,0
55,47,4,2,1,4,2,4,17852,2,23,8,0,0,8,2.33,69047.72894688007,12784,51195.72894688007,1,1,0,0,1,0,0,1,0
24,1,3,1,2,1,2,3,3202,1,5,3,1,0,4,1.67,69047.72894688007,12784,65845.72894688007,1,1,0,0,0,1,0,0,1
53,39,4,5,1,2,4,3,16268,1,24,11,8,1,19,2.33,69047.72894688007,12784,52779.72894688007,1,0,0,0,1,0,0,1,1
58,3,4,1,2,3,3,4,13396,2,14,10,2,0,12,2.67,69047.72894688007,12784,55651.72894688007,0,0,0,1,0,0,0,1,0
37,20,3,2,2,3,2,4,12180,4,18,12,2,0,14,2.33,69047.72894688007,12784,56867.72894688007,1,1,0,1,0,0,0,1,0
31,44,1,4,3,4,1,3,3574,3,12,8,1,0,9,2.67,69047.72894688007,12784,65473.72894688007,1,0,1,0,0,0,0,1,1
47,27,3,5,2,4,4,4,4044,2,20,2,5,1,7,3.33,69047.72894688007,12784,65003.72894688007,1,1,0,0,0,0,0,1,0
39,22,3,3,1,4,3,3,10880,1,21,6,2,0,8,2.67,69047.72894688007,12784,58167.72894688007,1,1,0,1,0,0,0,1,0
26,10,3,3,2,4,3,1,16972,1,6,2,7,1,9,3.0,69047.72894688007,12784,52075.72894688007,1,0,1,0,1,0,1,0,1
46,3,1,4,5,4,3,2,15789,1,8,4,1,0,5,4.0,69047.72894688007,12784,53258.72894688007,1,0,1,0,1,0,1,0,0
55,7,1,5,2,4,4,1,5378,1,13,1,6,1,7,3.33,69047.72894688007,12784,63669.72894688007,0,0,0,0,0,0,0,1,1
45,23,3,2,1,4,3,3,3633,1,9,8,0,0,8,2.67,17372.83423076923,33,13739.83423076923,1,0,1,0,0,0,1,0,0
32,36,3,3,3,2,1,1,6727,2,17,1,6,1,7,2.0,69047.72894688007,12784,62320.72894688007,1,0,0,0,0,0,0,1,0
38,15,3,5,1,2,2,2,18169,1,5,2,0,0,2,1.67,102997.714045,2542,84828.714045,0,0,1,0,1,1,0,0,0
58,46,4,5,3,1,4,4,7178,2,4,9,1,0,10,2.67,69047.72894688007,12784,61869.72894688007,1,1,0,0,0,1,0,0,1
56,10,3,1,5,4,2,1,5585,3,8,5,7,1,12,3.67,69047.72894688007,12784,63462.72894688007,0,0,1,0,0,0,1,0,0
57,33,1,1,3,3,4,3,14947,2,6,14,8,1,22,3.33,102997.714045,2542,88050.714045,1,1,0,0,1,0,1,0,0
47,11,3,4,3,3,4,4,17134,3,10,2,1,0,3,3.33,69047.72894688007,12784,51913.72894688007,1,1,0,0,1,0,1,0,0
27,14,4,4,5,2,2,1,10073,4,16,6,6,1,12,3.0,102997.714045,2542,92924.714045,0,0,1,1,0,0,0,1,0
34,49,4,5,2,3,2,2,16399,2,15,12,0,0,12,2.33,102997.714045,2542,86598.714045,1,0,0,0,1,0,0,1,1
36,42,1,1,4,3,2,2,16766,2,21,2,1,0,3,3.0,102997.714045,2542,86231.714045,1,0,1,0,1,0,0,1,0
33,14,3,1,4,3,3,1,2436,5,5,4,0,0,4,3.33,17372.83423076923,33,14936.83423076923,1,0,1,0,0,1,0,0,1
28,17,2,1,4,3,1,2,2367,5,4,1,0,0,1,2.67,17372.83423076923,33,15005.83423076923,0,0,0,0,0,1,0,0,1
20,6,1,2,4,3,4,2,14148,4,22,10,9,1,19,3.67,69047.72894688007,12784,54899.72894688007,1,0,0,0,1,0,0,1,0
59,12,4,3,1,4,2,4,6131,4,12,12,8,1,20,2.33,102997.714045,2542,96866.714045,1,0,1,0,0,0,0,1,0
42,29,2,3,4,3,4,2,7965,3,28,4,2,0,6,3.67,69047.72894688007,12784,61082.72894688007,0,0,0,1,0,0,0,1,1
35,38,1,1,2,4,3,4,6795,3,17,5,1,0,6,3.0,102997.714045,2542,96202.714045,0,1,0,0,0,0,0,1,0
31,13,3,5,4,2,4,3,7680,4,25,1,0,0,1,3.33,69047.72894688007,12784,61367.72894688007,1,0,0,1,0,0,0,1,0
54,10,3,2,1,3,4,3,4440,6,5,2,1,0,3,2.67,69047.72894688007,12784,64607.72894688007,1,1,0,0,0,1,0,0,0
42,12,3,1,2,2,2,2,2766,8,5,3,0,0,3,2.0,17372.83423076923,33,14606.83423076923,0,0,0,0,0,1,0,0,0
43,20,2,4,1,4,3,4,8225,2,13,7,1,0,8,2.67,102997.714045,2542,94772.714045,0,0,1,1,0,0,0,1,0
53,5,4,2,3,1,2,2,18950,4,5,11,1,0,12,2.0,102997.714045,2542,84047.714045,1,1,0,0,1,1,0,0,1
36,1,1,3,1,3,3,3,10252,2,7,7,7,1,14,2.33,69047.72894688007,12784,58795.72894688007,1,0,0,1,0,0,1,0,0
50,30,2,4,1,2,2,3,19059,1,10,9,3,1,12,1.67,102997.714045,2542,83938.714045,0,0,1,0,1,0,1,0,0
22,41,2,4,4,2,2,1,13908,1,25,13,1,0,14,2.67,102997.714045,2542,89089.714045,1,1,0,0,1,0,0,1,1
21,7,1,3,1,4,1,2,17061,1,18,9,0,0,9,2.0,102997.714045,2542,85936.714045,0,1,0,0,1,0,0,1,0
50,5,2,5,5,1,1,3,8696,1,23,10,6,1,16,2.33,69047.72894688007,12784,60351.72894688007,0,0,1,1,0,0,0,1,0
38,10,3,4,4,1,4,2,13423,3,10,13,9,1,22,3.0,69047.72894688007,12784,55624.72894688007,1,1,0,1,0,0,1,0,0
47,25,2,3,3,4,1,4,3045,3,21,13,8,1,21,2.67,69047.72894688007,12784,66002.72894688007,1,1,0,0,0,0,0,1,1
44,33,1,2,1,2,3,1,11448,3,15,9,7,1,16,2.0,69047.72894688007,12784,57599.72894688007,1,1,0,1,0,0,0,1,0
55,36,3,4,1,4,4,3,19674,4,13,6,2,0,8,3.0,69047.72894688007,12784,49373.72894688007,0,0,0,0,1,0,0,1,0
47,46,1,1,3,1,2,2,8315,2,12,3,0,0,3,2.0,69047.72894688007,12784,60732.72894688007,0,1,0,1,0,0,0,1,0
20,18,3,1,3,3,1,2,18090,4,7,5,8,1,13,2.33,69047.72894688007,12784,50957.72894688007,1,1,0,0,1,0,1,0,0
58,22,3,4,4,1,4,3,7189,1,8,1,2,0,3,3.0,69047.72894688007,12784,61858.72894688007,1,1,0,0,0,0,1,0,0
42,34,3,4,2,4,2,2,11658,2,10,7,5,1,12,2.67,69047.72894688007,12784,57389.72894688007,0,0,0,1,0,0,1,0,1
30,38,4,5,2,4,2,2,5352,3,26,9,5,1,14,2.67,69047.72894688007,12784,63695.72894688007,1,1,0,0,0,0,0,1,0
50,48,3,3,1,2,4,3,7530,4,16,12,5,1,17,2.33,69047.72894688007,12784,61517.72894688007,0,1,0,0,0,0,0,1,0
20,44,3,4,2,4,4,4,12706,4,14,7,0,0,7,3.33,69047.72894688007,12784,56341.72894688007,1,1,0,1,0,0,0,1,0
56,13,1,1,2,1,2,4,11496,3,9,6,8,1,14,1.67,69047.72894688007,12784,57551.72894688007,1,0,1,1,0,0,1,0,0
24,31,3,4,2,2,3,1,12784,3,24,7,8,1,15,2.33,69047.72894688007,12784,56263.72894688007,0,1,0,1,0,0,0,1,0
32,5,4,2,3,1,2,2,13490,4,7,14,4,1,18,2.0,69047.72894688007,12784,55557.72894688007,0,0,1,1,0,0,1,0,1
36,11,1,1,3,2,1,3,12240,4,29,4,7,1,11,2.0,102997.714045,2542,90757.714045,0,0,1,1,0,0,0,1,0
48,11,3,3,2,4,4,1,9761,2,9,3,2,0,5,3.33,69047.72894688007,12784,59286.72894688007,0,0,0,1,0,0,1,0,0
23,32,3,4,4,4,3,2,10430,4,3,3,8,1,11,3.67,69047.72894688007,12784,58617.72894688007,0,0,1,1,0,1,0,0,1
51,46,4,1,1,1,4,1,13637,2,6,9,5,1,14,2.0,69047.72894688007,12784,55410.72894688007,1,0,0,1,0,0,1,0,0
40,15,1,3,3,1,3,4,5484,3,6,3,1,0,4,2.33,69047.72894688007,12784,63563.72894688007,1,0,1,0,0,0,1,0,1
52,4,2,1,4,2,4,2,18724,1,13,13,3,1,16,3.33,69047.72894688007,12784,50323.72894688007,1,0,1,0,1,0,0,1,0
23,44,4,3,3,3,1,3,16920,1,21,2,7,1,9,2.33,69047.72894688007,12784,52127.72894688007,0,1,0,0,1,0,0,1,0
58,26,1,3,4,3,3,4,8634,2,21,3,4,1,7,3.33,69047.72894688007,12784,60413.72894688007,1,0,1,1,0,0,0,1,0
51,11,1,5,4,3,4,4,4700,1,5,14,4,1,18,3.67,69047.72894688007,12784,64347.72894688007,0,0,0,0,0,1,0,0,0
27,9,2,1,1,1,4,4,19031,4,25,14,6,1,20,2.0,102997.714045,2542,83966.714045,1,0,1,0,1,0,0,1,0
43,10,4,2,1,2,3,1,9090,2,3,9,3,1,12,2.0,102997.714045,2542,93907.714045,1,1,0,1,0,1,0,0,0
57,14,4,1,3,4,1,2,6526,4,20,5,5,1,10,2.67,69047.72894688007,12784,62521.72894688007,0,0,0,0,0,0,0,1,0
30,31,1,1,2,4,4,4,6086,1,28,6,7,1,13,3.33,102997.714045,2542,96911.714045,1,1,0,0,0,0,0,1,0
38,45,2,1,4,3,2,3,10089,3,23,7,0,0,7,3.0,69047.72894688007,12784,58958.72894688007,0,1,0,1,0,0,0,1,0
57,36,1,1,3,2,3,3,15657,1,12,14,3,1,17,2.67,69047.72894688007,12784,53390.72894688007,1,1,0,0,1,0,0,1,0
58,4,3,4,1,4,4,3,6932,3,17,8,9,1,17,3.0,102997.714045,2542,96065.714045,0,1,0,0,0,0,0,1,0
32,3,3,3,4,3,3,4,17100,2,24,8,9,1,17,3.33,69047.72894688007,12784,51947.72894688007,0,1,0,0,1,0,0,1,0
20,11,2,2,1,3,3,1,6305,1,12,13,7,1,20,2.33,69047.72894688007,12784,62742.72894688007,0,0,1,0,0,0,0,1,0
36,48,3,1,4,2,1,4,18689,2,21,7,4,1,11,2.33,69047.72894688007,12784,50358.72894688007,1,0,0,0,1,0,0,1,0
23,2,3,1,1,3,3,3,2322,3,0,0,0,0,0,2.33,69047.72894688007,12784,66725.72894688007,0,0,0,0,0,0,0,0,0
33,39,3,1,5,1,1,1,5850,2,23,10,2,0,12,2.33,69047.72894688007,12784,63197.72894688007,1,1,0,0,0,0,0,1,0
55,32,4,3,4,4,2,1,18280,4,3,13,0,0,13,3.33,102997.714045,2542,84717.714045,0,1,0,0,1,1,0,0,0
30,8,4,3,1,2,3,2,11416,0,8,7,1,0,8,2.0,69047.72894688007,12784,57631.72894688007,1,0,1,1,0,0,1,0,0
42,35,3,5,5,2,1,3,3177,2,13,6,1,0,7,2.67,69047.72894688007,12784,65870.72894688007,0,0,0,0,0,0,0,1,1
33,31,4,2,4,3,4,4,18606,1,22,3,6,1,9,3.67,69047.72894688007,12784,50441.72894688007,1,0,1,0,1,0,0,1,0
36,28,1,4,4,1,2,3,10616,2,8,14,9,1,23,2.33,69047.72894688007,12784,58431.72894688007,1,1,0,1,0,0,1,0,0
44,44,1,4,3,2,1,1,7327,1,5,12,1,0,13,2.0,69047.72894688007,12784,61720.72894688007,0,1,0,0,0,1,0,0,1
23,30,3,1,4,1,3,3,15061,3,11,11,5,1,16,2.67,69047.72894688007,12784,53986.72894688007,0,0,0,0,1,0,0,1,0
50,27,1,2,4,3,3,3,19295,2,5,14,7,1,21,3.33,102997.714045,2542,83702.714045,0,0,0,0,1,1,0,0,0
52,10,2,4,2,1,1,1,8657,3,9,12,1,0,13,1.33,69047.72894688007,12784,60390.72894688007,1,1,0,1,0,0,1,0,1
38,2,2,1,2,4,2,3,2440,1,4,3,3,1,6,2.67,17372.83423076923,33,14932.83423076923,0,1,0,0,0,1,0,0,0
38,11,1,3,2,1,3,2,11736,4,21,8,8,1,16,2.0,69047.72894688007,12784,57311.72894688007,1,1,0,1,0,0,0,1,0
33,16,3,2,1,1,3,3,5324,5,3,2,0,0,2,1.67,91683.75438596492,139,86359.75438596492,0,1,0,0,0,1,0,0,1
29,36,4,1,4,4,4,3,5600,3,28,14,5,1,19,4.0,69047.72894688007,12784,63447.72894688007,1,0,0,0,0,0,0,1,1
29,10,3,1,2,4,4,3,2297,1,2,2,2,0,4,3.33,69047.72894688007,12784,66750.72894688007,0,0,0,0,0,0,0,0,0
39,23,1,5,3,3,2,2,12745,4,26,11,7,1,18,2.67,102997.714045,2542,90252.714045,0,1,0,1,0,0,0,1,0
59,47,4,4,5,3,1,2,18651,1,11,12,5,1,17,3.0,69047.72894688007,12784,50396.72894688007,0,0,1,0,1,0,0,1,1
22,11,3,5,1,3,4,3,9746,3,15,4,3,1,7,2.67,69047.72894688007,12784,59301.72894688007,1,0,0,1,0,0,0,1,1
35,49,1,2,3,3,4,4,15730,2,4,14,6,1,20,3.33,69047.72894688007,12784,53317.72894688007,1,0,1,0,1,1,0,0,0
27,20,3,3,1,1,4,1,6488,3,8,1,6,1,7,2.0,69047.72894688007,12784,62559.72894688007,0,0,0,0,0,0,1,0,0
44,12,2,2,3,3,2,3,19092,2,22,4,7,1,11,2.67,102997.714045,2542,83905.714045,1,0,0,0,1,0,0,1,0
28,13,4,3,1,1,4,3,18714,2,22,4,3,1,7,2.0,69047.72894688007,12784,50333.72894688007,0,1,0,0,1,0,0,1,0
32,47,4,1,5,1,3,3,12512,4,26,8,5,1,13,3.0,69047.72894688007,12784,56535.72894688007,1,0,0,1,0,0,0,1,0
41,14,1,5,4,4,3,2,13304,3,8,1,1,0,2,3.67,69047.72894688007,12784,55743.72894688007,0,0,1,1,0,0,1,0,0
35,4,1,3,3,2,4,1,3998,2,4,4,5,1,9,3.0,69047.72894688007,12784,65049.72894688007,0,0,1,0,0,1,0,0,0
21,43,2,4,2,1,3,2,5199,2,25,2,3,1,5,2.0,69047.72894688007,12784,63848.72894688007,1,0,1,0,0,0,0,1,0
54,45,4,3,5,2,4,3,12260,1,23,3,8,1,11,3.67,69047.72894688007,12784,56787.72894688007,0,1,0,1,0,0,0,1,0
25,16,2,3,4,2,3,1,17218,2,13,1,4,1,5,3.0,69047.72894688007,12784,51829.72894688007,0,0,0,0,1,0,0,1,0
43,15,1,5,1,4,1,1,6334,2,12,14,6,1,20,2.0,69047.72894688007,12784,62713.72894688007,1,0,1,0,0,0,0,1,0
24,6,3,4,2,2,4,4,10521,3,13,12,6,1,18,2.67,102997.714045,2542,92476.714045,1,0,1,1,0,0,0,1,0
37,45,3,4,5,4,1,3,19199,1,27,14,3,1,17,3.33,69047.72894688007,12784,49848.72894688007,1,0,1,0,1,0,0,1,0
45,29,1,1,3,2,2,1,19717,3,29,6,3,1,9,2.33,69047.72894688007,12784,49330.72894688007,1,0,1,0,1,0,0,1,0
38,1,3,2,4,4,4,4,4735,7,13,11,2,0,13,4.0,89817.88593023256,119,85082.88593023256,0,0,1,0,0,0,0,1,0
39,41,2,1,4,4,4,1,17038,4,15,1,5,1,6,4.0,69047.72894688007,12784,52009.72894688007,1,1,0,0,1,0,0,1,0
30,8,1,1,4,2,3,2,10154,4,27,14,0,0,14,3.0,69047.72894688007,12784,58893.72894688007,0,0,1,1,0,0,0,1,0
25,15,1,5,2,3,3,2,19381,2,5,7,4,1,11,2.67,69047.72894688007,12784,49666.72894688007,1,1,0,0,1,1,0,0,1
27,9,3,2,4,4,1,3,4105,1,7,7,0,0,7,3.0,91683.75438596492,139,87578.75438596492,0,1,0,0,0,0,1,0,0
21,13,3,1,2,2,4,1,11495,4,2,5,3,1,8,2.67,69047.72894688007,12784,57552.72894688007,1,0,0,1,0,0,0,0,1
55,26,1,3,2,1,1,1,6866,4,4,2,1,0,3,1.33,69047.72894688007,12784,62181.72894688007,0,1,0,0,0,1,0,0,1
31,19,4,2,4,1,2,2,19533,1,9,12,6,1,18,2.33,69047.72894688007,12784,49514.72894688007,1,0,1,0,1,0,1,0,0
27,40,4,2,1,3,2,4,15611,1,11,6,5,1,11,2.0,69047.72894688007,12784,53436.72894688007,0,0,0,0,1,0,0,1,0
32,29,3,4,4,1,2,3,12414,1,6,1,4,1,5,2.33,69047.72894688007,12784,56633.72894688007,1,0,1,1,0,0,1,0,0
51,44,1,5,4,1,2,2,3381,3,2,5,7,1,12,2.33,69047.72894688007,12784,65666.72894688007,0,0,0,0,0,0,0,0,0
35,10,3,1,4,2,1,2,3917,1,3,2,1,0,3,2.33,17372.83423076923,33,13455.83423076923,0,0,0,0,0,1,0,0,0
31,8,4,1,2,1,4,4,12721,1,27,5,0,0,5,2.33,102997.714045,2542,90276.714045,1,1,0,1,0,0,0,1,0
22,14,2,2,5,3,2,2,16623,1,1,10,5,1,15,3.33,69047.72894688007,12784,52424.72894688007,1,0,1,0,1,0,0,0,0
25,19,1,4,3,4,4,4,7592,2,27,10,6,1,16,3.67,69047.72894688007,12784,61455.72894688007,1,1,0,0,0,0,0,1,0
58,26,3,4,3,3,4,2,12533,3,26,14,0,0,14,3.33,69047.72894688007,12784,56514.72894688007,0,0,0,1,0,0,0,1,0
56,29,1,1,4,1,4,2,7539,2,4,3,2,0,5,3.0,102997.714045,2542,95458.714045,0,0,0,0,0,1,0,0,0
40,42,2,1,3,4,1,2,15103,4,14,9,3,1,12,2.67,69047.72894688007,12784,53944.72894688007,1,0,1,0,1,0,0,1,0
46,18,2,3,3,2,2,4,15749,2,12,4,6,1,10,2.33,69047.72894688007,12784,53298.72894688007,1,0,1,0,1,0,0,1,0
47,46,4,5,5,4,4,2,11052,3,12,10,7,1,17,4.33,69047.72894688007,12784,57995.72894688007,0,0,1,1,0,0,0,1,0
30,22,3,1,3,1,2,3,2132,4,5,2,0,0,2,2.0,89817.88593023256,119,87685.88593023256,1,0,1,0,0,1,0,0,1
38,29,3,2,4,4,1,1,6261,3,7,7,1,0,8,3.0,69047.72894688007,12784,62786.72894688007,0,0,1,0,0,0,1,0,0
53,44,1,4,2,4,3,2,10443,4,1,5,1,0,6,3.0,69047.72894688007,12784,58604.72894688007,1,0,0,1,0,0,0,0,0
42,4,3,2,1,2,4,4,5155,7,6,4,1,0,5,2.33,91683.75438596492,139,86528.75438596492,0,1,0,0,0,0,1,0,0
21,28,3,3,1,2,1,3,12493,1,15,6,7,1,13,1.33,69047.72894688007,12784,56554.72894688007,1,0,0,1,0,0,0,1,0
59,20,1,3,1,3,3,1,8115,1,28,6,6,1,12,2.33,69047.72894688007,12784,60932.72894688007,0,1,0,1,0,0,0,1,1
30,39,2,2,3,4,2,1,4173,1,20,14,8,1,22,3.0,69047.72894688007,12784,64874.72894688007,0,1,0,0,0,0,0,1,0
52,2,1,1,2,4,3,3,6247,2,8,2,3,1,5,3.0,69047.72894688007,12784,62800.72894688007,0,1,0,0,0,0,1,0,0
37,47,1,4,5,2,2,1,8808,3,18,4,1,0,5,3.0,69047.72894688007,12784,60239.72894688007,0,0,0,1,0,0,0,1,0
36,39,1,1,5,2,2,4,15427,2,24,12,6,1,18,3.0,102997.714045,2542,87570.714045,1,0,1,0,1,0,0,1,0
42,30,2,4,3,4,3,1,16406,1,13,13,2,0,15,3.33,69047.72894688007,12784,52641.72894688007,1,1,0,0,1,0,0,1,0
37,6,3,1,5,2,1,3,18350,1,17,13,9,1,22,2.67,69047.72894688007,12784,50697.72894688007,0,1,0,0,1,0,0,1,0
59,46,3,2,5,1,2,4,6764,1,27,4,8,1,12,2.67,69047.72894688007,12784,62283.72894688007,0,0,0,0,0,0,0,1,1
35,37,1,4,1,1,1,1,14634,4,20,7,6,1,13,1.0,102997.714045,2542,88363.714045,0,0,0,0,1,0,0,1,0
27,36,1,4,5,1,3,4,16011,2,15,13,4,1,17,3.0,69047.72894688007,12784,53036.72894688007,0,0,1,0,1,0,0,1,0
24,35,4,3,3,1,3,4,12251,2,16,9,0,0,9,2.33,69047.72894688007,12784,56796.72894688007,0,0,1,1,0,0,0,1,0
36,6,1,1,5,3,1,1,7427,3,12,3,6,1,9,3.0,69047.72894688007,12784,61620.72894688007,1,0,1,0,0,0,0,1,0
25,5,1,1,5,1,4,4,8367,1,10,12,2,0,14,3.33,69047.72894688007,12784,60680.72894688007,0,0,1,1,0,0,1,0,0
20,2,4,5,5,3,1,3,3958,3,9,10,8,1,18,3.0,102997.714045,2542,99039.714045,0,0,0,0,0,0,1,0,0
55,27,4,1,1,1,4,3,9912,3,2,4,5,1,9,2.0,69047.72894688007,12784,59135.72894688007,0,0,0,1,0,0,0,0,0
54,15,4,4,4,4,4,1,18222,1,29,9,1,0,10,4.0,102997.714045,2542,84775.714045,1,1,0,0,1,0,0,1,1
37,47,3,3,3,4,4,3,8888,3,6,1,2,0,3,3.67,69047.72894688007,12784,60159.72894688007,0,1,0,1,0,0,1,0,1
50,1,1,5,1,4,4,3,5288,4,24,6,6,1,12,3.0,69047.72894688007,12784,63759.72894688007,0,0,1,0,0,0,0,1,0
31,40,3,4,5,4,3,1,3673,2,20,3,5,1,8,4.0,102997.714045,2542,99324.714045,0,0,0,0,0,0,0,1,0
29,7,2,4,4,3,4,4,5859,1,26,8,1,0,9,3.67,69047.72894688007,12784,63188.72894688007,0,1,0,0,0,0,0,1,0
51,6,3,4,4,1,3,3,16246,2,23,2,8,1,10,2.67,69047.72894688007,12784,52801.72894688007,1,0,1,0,1,0,0,1,0
59,10,3,5,3,3,1,2,19181,2,9,5,9,1,14,2.33,69047.72894688007,12784,49866.72894688007,1,0,1,0,1,0,1,0,0
56,42,3,5,2,1,4,1,18690,3,17,3,1,0,4,2.33,69047.72894688007,12784,50357.72894688007,0,0,1,0,1,0,0,1,0
18,8,3,1,3,3,4,3,1904,1,0,0,0,0,0,3.33,17372.83423076923,33,15468.83423076923,0,1,0,0,0,0,0,0,1
46,18,2,1,4,3,2,2,13113,3,20,8,5,1,13,3.0,69047.72894688007,12784,55934.72894688007,1,0,0,1,0,0,0,1,1
45,24,3,1,2,2,1,3,2177,1,6,3,0,0,3,1.67,61845.10984536083,269,59668.10984536083,0,1,0,0,0,0,1,0,0
29,33,1,4,2,2,3,3,7032,1,8,8,3,1,11,2.33,69047.72894688007,12784,62015.72894688007,0,1,0,0,0,0,1,0,0
25,12,1,2,4,2,4,3,19771,1,28,5,0,0,5,3.33,69047.72894688007,12784,49276.72894688007,1,0,0,0,1,0,0,1,0
24,6,1,5,3,2,4,4,10369,2,27,12,0,0,12,3.0,102997.714045,2542,92628.714045,0,0,1,1,0,0,0,1,0
44,19,4,4,2,1,3,3,15672,2,16,4,4,1,8,2.0,69047.72894688007,12784,53375.72894688007,0,1,0,0,1,0,0,1,0
31,40,4,4,2,1,3,2,6692,3,16,13,8,1,21,2.0,102997.714045,2542,96305.714045,0,0,1,0,0,0,0,1,0
56,33,3,3,5,1,1,4,14667,4,12,7,2,0,9,2.33,102997.714045,2542,88330.714045,1,0,0,0,1,0,0,1,0
37,29,2,3,5,3,3,2,10531,2,5,7,4,1,11,3.67,102997.714045,2542,92466.714045,0,0,0,1,0,1,0,0,1
55,1,4,4,4,2,4,4,14732,2,7,7,0,0,7,3.33,69047.72894688007,12784,54315.72894688007,0,0,0,0,1,0,1,0,0
38,45,1,5,4,3,1,4,16704,4,25,13,1,0,14,2.67,102997.714045,2542,86293.714045,0,0,0,0,1,0,0,1,0
27,47,3,4,4,4,2,3,10887,2,1,2,1,0,3,3.33,69047.72894688007,12784,58160.72894688007,0,0,1,1,0,0,0,0,0
26,14,1,1,2,2,1,2,6021,2,20,13,7,1,20,1.67,102997.714045,2542,96976.714045,1,0,0,0,0,0,0,1,0
52,19,2,3,5,3,3,2,17787,2,4,8,1,0,9,3.67,102997.714045,2542,85210.714045,1,0,1,0,1,1,0,0,0
40,22,2,5,1,4,2,3,13872,4,28,14,6,1,20,2.33,69047.72894688007,12784,55175.72894688007,1,0,0,0,1,0,0,1,0
51,28,1,3,3,2,2,1,18301,3,7,14,5,1,19,2.33,69047.72894688007,12784,50746.72894688007,0,0,1,0,1,0,1,0,0
24,40,1,2,4,1,3,4,16177,3,4,6,7,1,13,2.67,69047.72894688007,12784,52870.72894688007,1,0,1,0,1,1,0,0,0
53,3,1,2,1,1,1,3,19492,4,2,11,9,1,20,1.0,69047.72894688007,12784,49555.72894688007,0,1,0,0,1,0,0,0,1
30,38,2,4,1,2,1,2,12302,1,27,5,9,1,14,1.33,69047.72894688007,12784,56745.72894688007,0,0,1,1,0,0,0,1,0
26,44,1,3,3,2,3,2,18023,4,24,1,4,1,5,2.67,69047.72894688007,12784,51024.72894688007,0,0,0,0,1,0,0,1,0
28,42,3,1,3,3,1,2,7356,2,4,14,5,1,19,2.33,102997.714045,2542,95641.714045,1,1,0,0,0,1,0,0,0
41,26,3,5,3,4,2,3,9824,3,26,5,0,0,5,3.0,102997.714045,2542,93173.714045,1,1,0,1,0,0,0,1,1
25,19,1,5,3,4,1,1,5089,4,23,2,5,1,7,2.67,69047.72894688007,12784,63958.72894688007,0,0,0,0,0,0,0,1,0
21,17,3,2,4,1,1,4,17691,3,28,9,1,0,10,2.0,69047.72894688007,12784,51356.72894688007,0,0,0,0,1,0,0,1,0
29,13,3,5,1,1,1,2,5163,4,27,12,0,0,12,1.0,69047.72894688007,12784,63884.72894688007,1,0,1,0,0,0,0,1,0
52,11,1,4,4,1,3,3,7829,4,23,8,1,0,9,2.67,69047.72894688007,12784,61218.72894688007,0,1,0,1,0,0,0,1,0
55,48,4,3,4,2,4,2,10109,3,21,11,9,1,20,3.33,69047.72894688007,12784,58938.72894688007,0,1,0,1,0,0,0,1,1
30,30,1,3,1,2,3,2,13321,1,19,9,6,1,15,2.0,69047.72894688007,12784,55726.72894688007,0,0,1,1,0,0,0,1,0
28,4,3,2,1,3,2,1,8327,3,14,7,2,0,9,2.0,69047.72894688007,12784,60720.72894688007,1,1,0,1,0,0,0,1,0
44,8,4,1,4,1,3,2,2818,2,3,2,0,0,2,2.67,17372.83423076923,33,14554.83423076923,1,0,1,0,0,1,0,0,0
23,40,4,1,4,4,1,1,6367,2,7,5,9,1,14,3.0,69047.72894688007,12784,62680.72894688007,0,0,1,0,0,0,1,0,0
25,8,3,2,3,1,2,2,4907,0,5,3,0,0,3,2.0,91683.75438596492,139,86776.75438596492,1,0,0,0,0,1,0,0,0
45,48,3,4,4,1,1,3,7246,4,13,13,9,1,22,2.0,69047.72894688007,12784,61801.72894688007,0,1,0,0,0,0,0,1,0
34,26,4,1,2,3,1,4,10575,1,10,5,3,1,8,2.0,69047.72894688007,12784,58472.72894688007,1,0,0,1,0,0,1,0,0
24,17,2,5,4,2,4,4,10364,4,19,10,4,1,14,3.33,69047.72894688007,12784,58683.72894688007,1,0,0,1,0,0,0,1,0
52,47,3,2,1,3,3,1,4600,2,4,4,1,0,5,2.33,69047.72894688007,12784,64447.72894688007,0,0,1,0,0,1,0,0,1
49,45,4,4,5,4,4,1,10226,2,12,6,1,0,7,4.33,69047.72894688007,12784,58821.72894688007,0,1,0,1,0,0,0,1,0
31,19,2,1,5,4,2,3,9697,4,12,11,2,0,13,3.67,69047.72894688007,12784,59350.72894688007,0,0,1,1,0,0,0,1,0
31,7,3,3,1,1,4,3,9637,2,3,2,2,0,4,2.0,91683.75438596492,139,82046.75438596492,0,0,1,1,0,1,0,0,0
37,29,1,5,5,1,2,2,18300,1,17,10,6,1,16,2.67,69047.72894688007,12784,50747.72894688007,0,0,1,0,1,0,0,1,1
28,28,3,1,2,1,1,4,17190,4,8,12,3,1,15,1.33,69047.72894688007,12784,51857.72894688007,1,1,0,0,1,0,1,0,0
31,7,3,2,4,4,4,3,7547,4,7,7,1,0,8,4.0,91683.75438596492,139,84136.75438596492,0,0,0,0,0,0,1,0,0
34,44,1,5,3,3,1,4,19562,2,28,2,4,1,6,2.33,102997.714045,2542,83435.714045,0,1,0,0,1,0,0,1,0
28,5,4,4,3,4,4,4,10829,1,4,14,8,1,22,3.67,69047.72894688007,12784,58218.72894688007,0,0,0,1,0,1,0,0,0
31,29,4,4,3,1,3,3,12613,1,4,6,3,1,9,2.33,69047.72894688007,12784,56434.72894688007,0,0,1,1,0,1,0,0,0
43,20,1,3,2,4,3,2,13252,1,9,6,6,1,12,3.0,69047.72894688007,12784,55795.72894688007,1,1,0,1,0,0,1,0,1
24,19,1,1,1,3,1,4,6595,1,23,13,5,1,18,1.67,69047.72894688007,12784,62452.72894688007,1,0,0,0,0,0,0,1,1
42,37,3,4,1,2,4,2,11380,1,11,4,7,1,11,2.33,69047.72894688007,12784,57667.72894688007,0,0,0,1,0,0,0,1,0
35,37,2,5,1,3,2,1,14581,2,11,10,7,1,17,2.0,69047.72894688007,12784,54466.72894688007,1,1,0,0,1,0,0,1,0
52,8,3,3,1,2,1,4,3220,1,5,1,1,0,2,1.33,69047.72894688007,12784,65827.72894688007,0,1,0,0,0,1,0,0,0
50,10,2,2,3,1,2,4,3431,2,9,10,4,1,14,2.0,102997.714045,2542,99566.714045,0,0,0,0,0,0,1,0,1
26,14,4,4,1,4,4,1,10097,2,17,4,7,1,11,3.0,102997.714045,2542,92900.714045,0,1,0,1,0,0,0,1,0
57,13,2,1,2,1,3,4,14413,2,18,13,1,0,14,2.0,69047.72894688007,12784,54634.72894688007,1,0,0,0,1,0,0,1,0
40,41,4,2,3,2,3,4,19995,2,22,3,6,1,9,2.67,69047.72894688007,12784,49052.72894688007,1,0,1,0,1,0,0,1,0
53,1,4,1,3,3,2,2,11812,1,17,12,6,1,18,2.67,102997.714045,2542,91185.714045,1,1,0,1,0,0,0,1,0
25,49,3,4,5,4,4,2,10303,4,16,8,6,1,14,4.33,102997.714045,2542,92694.714045,1,0,1,1,0,0,0,1,0
40,25,4,2,2,4,1,4,18389,4,12,3,7,1,10,2.33,69047.72894688007,12784,50658.72894688007,1,0,1,0,1,0,0,1,0
42,6,3,5,4,4,3,4,17622,1,22,10,3,1,13,3.67,102997.714045,2542,85375.714045,0,1,0,0,1,0,0,1,0
23,16,2,1,2,2,3,4,11305,3,6,7,2,0,9,2.33,69047.72894688007,12784,57742.72894688007,1,0,1,1,0,0,1,0,0
33,1,1,4,5,3,3,1,15767,3,22,14,6,1,20,3.67,102997.714045,2542,87230.714045,0,0,0,0,1,0,0,1,0
38,16,4,3,1,4,2,1,11622,4,7,6,6,1,12,2.33,69047.72894688007,12784,57425.72894688007,0,0,1,1,0,0,1,0,0
33,32,3,3,2,2,1,4,13445,2,21,4,9,1,13,1.67,69047.72894688007,12784,55602.72894688007,1,1,0,1,0,0,0,1,1
24,3,3,4,3,4,3,1,10793,1,26,1,1,0,2,3.33,69047.72894688007,12784,58254.72894688007,1,1,0,1,0,0,0,1,0
46,26,2,2,2,2,3,3,7991,8,2,2,2,0,4,2.33,91683.75438596492,139,83692.75438596492,0,1,0,1,0,0,0,0,0
41,11,4,3,4,1,4,1,19671,1,27,14,8,1,22,3.0,69047.72894688007,12784,49376.72894688007,0,1,0,0,1,0,0,1,0
30,9,2,2,2,1,1,2,18685,3,16,7,0,0,7,1.33,69047.72894688007,12784,50362.72894688007,1,0,0,0,1,0,0,1,0
49,49,1,4,1,2,4,2,4343,1,13,13,7,1,20,2.33,69047.72894688007,12784,64704.72894688007,1,0,0,0,0,0,0,1,1
35,24,2,5,5,4,1,2,9930,4,16,5,6,1,11,3.33,69047.72894688007,12784,59117.72894688007,0,0,0,1,0,0,0,1,0
26,14,1,2,2,3,4,3,16129,3,28,4,2,0,6,3.0,69047.72894688007,12784,52918.72894688007,0,0,1,0,1,0,0,1,1
38,36,3,3,5,1,4,4,16546,4,4,6,1,0,7,3.33,102997.714045,2542,86451.714045,1,0,1,0,1,1,0,0,0
21,21,4,2,5,4,3,3,8710,4,26,3,6,1,9,4.0,69047.72894688007,12784,60337.72894688007,1,1,0,1,0,0,0,1,0
44,45,2,1,5,2,4,4,11950,1,14,7,2,0,9,3.67,69047.72894688007,12784,57097.72894688007,0,1,0,1,0,0,0,1,1
35,5,1,5,1,2,4,3,16624,2,27,2,7,1,9,2.33,69047.72894688007,12784,52423.72894688007,0,0,1,0,1,0,0,1,0
44,23,3,2,2,2,3,4,2042,4,3,2,1,0,3,2.33,17372.83423076923,33,15330.83423076923,0,0,1,0,0,1,0,0,0
37,9,3,1,4,2,3,2,2326,1,4,2,1,0,3,3.0,89817.88593023256,119,87491.88593023256,1,0,1,0,0,1,0,0,0
53,12,3,1,4,4,3,2,9489,2,11,1,7,1,8,3.67,69047.72894688007,12784,59558.72894688007,1,1,0,1,0,0,0,1,0
32,21,4,5,5,4,4,2,6686,2,13,1,8,1,9,4.33,102997.714045,2542,96311.714045,0,1,0,0,0,0,0,1,0
59,22,1,5,5,2,3,3,17255,4,22,10,5,1,15,3.33,102997.714045,2542,85742.714045,0,0,1,0,1,0,0,1,0
31,11,4,4,2,1,1,4,11608,3,23,7,9,1,16,1.33,69047.72894688007,12784,57439.72894688007,0,0,1,1,0,0,0,1,0
38,45,3,5,1,2,1,2,15881,2,29,13,5,1,18,1.33,102997.714045,2542,87116.714045,0,0,1,0,1,0,0,1,0
31,20,3,2,2,4,4,4,17879,3,4,12,1,0,13,3.33,69047.72894688007,12784,51168.72894688007,1,1,0,0,1,1,0,0,0
31,16,3,4,5,2,1,2,14231,2,2,5,8,1,13,2.67,69047.72894688007,12784,54816.72894688007,0,0,0,0,1,0,0,0,0
37,19,3,2,3,3,1,2,5768,3,4,3,0,0,3,2.33,69047.72894688007,12784,63279.72894688007,0,0,1,0,0,1,0,0,0
20,16,3,2,2,1,2,2,11031,2,28,8,1,0,9,1.67,69047.72894688007,12784,58016.72894688007,0,1,0,1,0,0,0,1,0
27,30,4,4,1,2,2,4,17563,3,19,2,9,1,11,1.67,69047.72894688007,12784,51484.72894688007,0,0,1,0,1,0,0,1,0
23,14,4,1,3,2,2,3,18588,1,15,9,0,0,9,2.33,69047.72894688007,12784,50459.72894688007,1,1,0,0,1,0,0,1,0
45,1,4,5,4,3,3,3,19202,0,24,0,1,0,1,3.33,102997.714045,2542,83795.714045,0,0,1,0,1,0,0,1,0
52,7,3,3,2,2,4,3,10445,7,8,6,4,1,10,2.67,69047.72894688007,12784,58602.72894688007,0,1,0,1,0,0,1,0,0
23,33,4,5,1,1,3,1,12739,1,4,10,9,1,19,1.67,69047.72894688007,12784,56308.72894688007,0,0,1,1,0,1,0,0,0
28,29,2,3,2,1,1,4,5962,2,2,3,2,0,5,1.33,102997.714045,2542,97035.714045,1,0,1,0,0,0,0,0,0
20,2,2,1,3,3,4,2,2044,1,2,2,0,0,2,3.33,69047.72894688007,12784,67003.72894688007,0,1,0,0,0,0,0,0,1
41,19,1,5,5,4,1,3,17916,3,23,2,8,1,10,3.33,69047.72894688007,12784,51131.72894688007,1,1,0,0,1,0,0,1,0
30,28,3,5,4,2,3,3,16139,2,1,9,3,1,12,3.0,69047.72894688007,12784,52908.72894688007,1,1,0,0,1,0,0,0,0
30,49,4,4,1,1,2,2,17206,3,17,13,7,1,20,1.33,69047.72894688007,12784,51841.72894688007,1,1,0,0,1,0,0,1,0
27,5,3,1,4,4,3,2,2379,0,5,4,0,0,4,3.67,17372.83423076923,33,14993.83423076923,1,1,0,0,0,1,0,0,0
40,2,2,1,3,3,4,3,2809,2,2,2,2,0,4,3.33,89817.88593023256,119,87008.88593023256,0,1,0,0,0,0,0,0,0
55,15,1,3,1,1,3,1,18474,3,29,14,0,0,14,1.67,69047.72894688007,12784,50573.72894688007,0,0,1,0,1,0,0,1,0
46,11,3,3,1,4,1,3,7233,1,1,12,5,1,17,2.0,69047.72894688007,12784,61814.72894688007,0,0,0,0,0,0,0,0,0
48,7,4,2,3,3,1,1,19566,2,23,4,1,0,5,2.33,102997.714045,2542,83431.714045,1,0,0,0,1,0,0,1,0
44,37,2,3,5,4,1,4,7319,1,26,12,2,0,14,3.33,69047.72894688007,12784,61728.72894688007,0,0,1,0,0,0,0,1,0
30,28,1,1,1,4,4,4,5558,3,22,5,5,1,10,3.0,69047.72894688007,12784,63489.72894688007,0,1,0,0,0,0,0,1,0
30,48,3,3,4,1,3,3,5983,1,22,14,6,1,20,2.67,102997.714045,2542,97014.714045,0,0,1,0,0,0,0,1,1
45,8,2,1,1,3,2,1,3961,4,20,10,2,0,12,2.0,69047.72894688007,12784,65086.72894688007,0,0,0,0,0,0,0,1,0
51,36,1,5,4,2,3,2,10552,2,14,4,4,1,8,3.0,69047.72894688007,12784,58495.72894688007,1,1,0,1,0,0,0,1,1
44,24,3,1,3,4,4,1,3161,3,1,0,0,0,0,3.67,17372.83423076923,33,14211.83423076923,1,0,0,0,0,0,0,0,1
58,42,2,3,3,1,4,4,10019,3,17,3,8,1,11,2.67,69047.72894688007,12784,59028.72894688007,0,1,0,1,0,0,0,1,0
31,25,2,4,1,3,2,1,18296,3,9,5,0,0,5,2.0,69047.72894688007,12784,50751.72894688007,1,1,0,0,1,0,1,0,0
22,7,1,4,4,2,1,4,7252,4,2,5,4,1,9,2.33,69047.72894688007,12784,61795.72894688007,0,1,0,0,0,0,0,0,0
46,41,4,1,4,3,4,1,15013,3,17,5,8,1,13,3.67,69047.72894688007,12784,54034.72894688007,1,0,0,0,1,0,0,1,0
30,2,2,2,4,3,2,2,6877,5,0,0,0,0,0,3.0,69047.72894688007,12784,62170.72894688007,1,1,0,0,0,0,0,0,0
26,41,2,2,5,2,3,1,17924,3,13,3,1,0,4,3.33,69047.72894688007,12784,51123.72894688007,1,0,1,0,1,0,0,1,0
26,3,4,4,2,4,4,2,10977,4,25,5,5,1,10,3.33,69047.72894688007,12784,58070.72894688007,0,0,0,1,0,0,0,1,0
46,41,3,4,4,3,3,4,3761,1,25,1,4,1,5,3.33,69047.72894688007,12784,65286.72894688007,0,0,1,0,0,0,0,1,0
54,16,3,4,2,1,1,2,5055,3,4,1,0,0,1,1.33,69047.72894688007,12784,63992.72894688007,0,0,1,0,0,1,0,0,0
22,8,2,1,1,4,1,4,6555,1,28,6,8,1,14,2.0,69047.72894688007,12784,62492.72894688007,1,0,1,0,0,0,0,1,1
33,32,1,2,5,1,1,2,17159,4,15,3,0,0,3,2.33,69047.72894688007,12784,51888.72894688007,0,1,0,0,1,0,0,1,0
58,44,1,3,1,1,3,2,14832,2,18,12,6,1,18,1.67,69047.72894688007,12784,54215.72894688007,1,1,0,0,1,0,0,1,0
57,37,4,5,2,4,3,2,5423,4,4,1,6,1,7,3.0,69047.72894688007,12784,63624.72894688007,1,0,0,0,0,1,0,0,0
38,2,3,5,3,3,2,2,17879,1,9,10,2,0,12,2.67,69047.72894688007,12784,51168.72894688007,0,0,0,0,1,0,1,0,0
47,39,2,5,2,3,2,4,11002,1,12,3,8,1,11,2.33,69047.72894688007,12784,58045.72894688007,0,1,0,1,0,0,0,1,0
54,15,2,2,5,2,1,3,17046,2,11,14,0,0,14,2.67,102997.714045,2542,85951.714045,1,1,0,0,1,0,0,1,0
30,29,1,1,5,3,3,4,13126,4,28,4,2,0,6,3.67,102997.714045,2542,89871.714045,0,0,0,1,0,0,0,1,0
32,17,4,3,3,3,3,3,11713,1,28,1,3,1,4,3.0,69047.72894688007,12784,57334.72894688007,0,0,0,1,0,0,0,1,0
37,39,3,2,4,1,4,3,15220,2,27,6,4,1,10,3.0,69047.72894688007,12784,53827.72894688007,0,0,0,0,1,0,0,1,0
28,1,2,1,3,1,4,1,1563,1,1,0,0,0,0,2.67,89817.88593023256,119,88254.88593023256,0,0,0,0,0,0,0,0,0
25,48,4,2,2,1,1,3,6444,3,16,10,7,1,17,1.33,69047.72894688007,12784,62603.72894688007,0,0,1,0,0,0,0,1,0
54,11,4,2,5,3,3,4,16444,1,24,6,3,1,9,3.67,69047.72894688007,12784,52603.72894688007,0,0,0,0,1,0,0,1,0
56,31,1,3,1,2,2,4,9796,3,11,8,7,1,15,1.67,102997.714045,2542,93201.714045,1,0,1,1,0,0,0,1,0
36,9,2,2,2,2,3,3,8847,2,3,2,0,0,2,2.33,69047.72894688007,12784,60200.72894688007,1,0,0,1,0,1,0,0,0
37,1,2,2,4,4,2,2,6474,1,14,8,3,1,11,3.33,69047.72894688007,12784,62573.72894688007,0,0,1,0,0,0,0,1,0
22,38,1,5,5,4,3,2,16232,3,15,4,1,0,5,4.0,69047.72894688007,12784,52815.72894688007,0,0,0,0,1,0,0,1,0
38,41,1,2,4,4,4,1,16651,4,23,13,4,1,17,4.0,102997.714045,2542,86346.714045,1,0,1,0,1,0,0,1,1
45,16,1,4,3,1,4,2,6043,2,29,1,4,1,5,2.67,102997.714045,2542,96954.714045,1,1,0,0,0,0,0,1,0
47,42,3,3,2,2,3,3,15861,4,27,5,8,1,13,2.33,69047.72894688007,12784,53186.72894688007,0,0,1,0,1,0,0,1,0
42,1,3,3,1,4,2,1,19807,1,12,11,7,1,18,2.33,69047.72894688007,12784,49240.72894688007,0,0,1,0,1,0,0,1,0
57,39,2,5,5,2,1,1,8246,1,18,4,0,0,4,2.67,102997.714045,2542,94751.714045,0,1,0,1,0,0,0,1,0
39,30,1,4,5,1,2,3,7874,3,25,7,2,0,9,2.67,69047.72894688007,12784,61173.72894688007,1,1,0,1,0,0,0,1,0
23,7,4,1,3,4,2,4,8525,4,7,14,6,1,20,3.0,69047.72894688007,12784,60522.72894688007,0,0,1,1,0,0,1,0,0
24,29,3,1,1,2,2,4,3907,1,6,2,1,0,3,1.67,17372.83423076923,33,13465.83423076923,0,0,0,0,0,0,1,0,0
38,28,2,2,5,2,4,1,7196,4,15,11,0,0,11,3.67,69047.72894688007,12784,61851.72894688007,0,1,0,0,0,0,0,1,0
42,42,4,4,2,2,1,2,5337,2,25,1,4,1,5,1.67,69047.72894688007,12784,63710.72894688007,1,0,1,0,0,0,0,1,0
39,1,2,4,4,4,3,3,12742,1,21,6,11,1,17,3.67,69047.72894688007,12784,56305.72894688007,0,0,1,1,0,0,0,1,0
48,15,1,2,4,3,4,1,3389,3,11,9,8,1,17,3.67,69047.72894688007,12784,65658.72894688007,0,0,1,0,0,0,0,1,0
42,2,3,5,2,3,3,2,8479,4,16,14,5,1,19,2.67,69047.72894688007,12784,60568.72894688007,1,1,0,1,0,0,0,1,0
37,1,3,3,4,1,1,3,13603,2,5,2,0,0,2,2.0,69047.72894688007,12784,55444.72894688007,1,0,0,1,0,1,0,0,0
41,4,3,3,2,1,3,3,14549,2,21,11,4,1,15,2.0,69047.72894688007,12784,54498.72894688007,1,0,0,0,1,0,0,1,0
47,41,4,1,4,1,2,4,16549,3,3,7,3,1,10,2.33,69047.72894688007,12784,52498.72894688007,1,0,1,0,1,1,0,0,0
26,48,4,1,3,2,1,2,16306,2,1,11,4,1,15,2.0,102997.714045,2542,86691.714045,0,0,0,0,1,0,0,0,0
22,35,3,2,1,1,3,3,11437,4,20,1,3,1,4,1.67,69047.72894688007,12784,57610.72894688007,1,0,0,1,0,0,0,1,0
57,27,1,5,2,3,1,3,19916,3,18,3,0,0,3,2.0,69047.72894688007,12784,49131.72894688007,0,1,0,0,1,0,0,1,0
53,44,3,3,3,1,1,3,7667,2,8,7,6,1,13,1.67,69047.72894688007,12784,61380.72894688007,0,0,1,1,0,0,1,0,0
27,20,2,1,3,3,2,1,19244,3,23,3,5,1,8,2.67,102997.714045,2542,83753.714045,1,0,1,0,1,0,0,1,0
26,11,1,2,4,2,4,2,6058,4,17,5,1,0,6,3.33,102997.714045,2542,96939.714045,0,1,0,0,0,0,0,1,0
47,31,2,4,3,2,1,3,18391,3,6,9,0,0,9,2.0,102997.714045,2542,84606.714045,1,1,0,0,1,0,1,0,1
50,5,4,5,4,1,3,2,8385,2,18,1,1,0,2,2.67,69047.72894688007,12784,60662.72894688007,1,1,0,1,0,0,0,1,0
47,29,3,3,2,1,4,2,11849,1,10,7,9,1,16,2.33,102997.714045,2542,91148.714045,1,0,1,1,0,0,1,0,1
47,41,2,2,4,4,3,2,17877,4,12,13,9,1,22,3.67,69047.72894688007,12784,51170.72894688007,0,0,0,0,1,0,0,1,0
36,7,3,1,2,1,3,3,2013,2,4,3,1,0,4,2.0,17372.83423076923,33,15359.83423076923,0,1,0,0,0,1,0,0,0
28,7,2,4,3,2,1,3,5464,1,22,6,6,1,12,2.0,69047.72894688007,12784,63583.72894688007,0,1,0,0,0,0,0,1,0
27,6,2,4,3,4,2,4,10525,1,29,14,2,0,16,3.0,69047.72894688007,12784,58522.72894688007,1,0,1,1,0,0,0,1,0
39,46,3,3,1,1,1,2,7163,4,22,13,7,1,20,1.0,69047.72894688007,12784,61884.72894688007,0,0,0,0,0,0,0,1,0
49,47,3,2,5,3,2,3,19945,4,27,6,9,1,15,3.33,69047.72894688007,12784,49102.72894688007,0,1,0,0,1,0,0,1,0
39,6,4,4,1,1,4,3,3394,2,18,11,5,1,16,2.0,69047.72894688007,12784,65653.72894688007,1,1,0,0,0,0,0,1,0
58,2,4,3,2,2,4,4,12104,1,22,3,4,1,7,2.67,69047.72894688007,12784,56943.72894688007,0,0,1,1,0,0,0,1,0
49,21,4,3,2,1,4,1,16187,4,18,9,3,1,12,2.33,102997.714045,2542,86810.714045,1,0,1,0,1,0,0,1,0
45,8,3,2,4,1,1,4,5274,4,13,1,0,0,1,2.0,69047.72894688007,12784,63773.72894688007,0,0,1,0,0,0,0,1,1
35,20,4,2,2,1,1,3,13804,3,9,14,0,0,14,1.33,102997.714045,2542,89193.714045,0,0,1,0,1,0,1,0,1
55,46,2,2,1,2,3,3,11239,3,9,2,3,1,5,2.0,69047.72894688007,12784,57808.72894688007,0,0,0,1,0,0,1,0,0
23,23,2,2,4,3,2,3,19155,1,11,2,8,1,10,3.0,69047.72894688007,12784,49892.72894688007,1,1,0,0,1,0,0,1,0
37,39,2,1,4,3,2,2,18998,1,17,4,1,0,5,3.0,69047.72894688007,12784,50049.72894688007,1,1,0,0,1,0,0,1,0
44,28,1,5,5,3,3,2,6984,2,7,2,3,1,5,3.67,69047.72894688007,12784,62063.72894688007,0,1,0,0,0,0,1,0,0
30,4,2,2,2,1,2,1,19619,4,9,5,0,0,5,1.67,102997.714045,2542,83378.714045,1,0,0,0,1,0,1,0,0
55,6,3,2,2,4,1,1,6205,3,1,14,4,1,18,2.33,69047.72894688007,12784,62842.72894688007,0,0,1,0,0,0,0,0,0
35,46,2,1,4,1,2,2,8865,1,14,5,3,1,8,2.33,102997.714045,2542,94132.714045,1,0,1,1,0,0,0,1,0
28,2,2,3,5,2,3,1,5265,2,14,10,1,0,11,3.33,69047.72894688007,12784,63782.72894688007,1,0,0,0,0,0,0,1,0
44,28,4,5,3,1,4,3,6520,2,9,5,1,0,6,2.67,69047.72894688007,12784,62527.72894688007,0,1,0,0,0,0,1,0,0
49,36,3,2,2,2,1,4,3987,4,14,5,2,0,7,1.67,102997.714045,2542,99010.714045,1,0,1,0,0,0,0,1,1
53,13,1,3,2,4,3,1,7542,1,8,13,8,1,21,3.0,69047.72894688007,12784,61505.72894688007,1,0,0,0,0,0,1,0,1
51,26,3,4,2,2,4,3,9718,2,28,8,2,0,10,2.67,69047.72894688007,12784,59329.72894688007,1,0,1,1,0,0,0,1,0
29,3,2,3,4,1,4,2,14631,4,20,4,3,1,7,3.0,69047.72894688007,12784,54416.72894688007,0,1,0,0,1,0,0,1,0
28,17,3,4,3,4,3,3,18216,3,19,12,4,1,16,3.33,102997.714045,2542,84781.714045,0,0,0,0,1,0,0,1,0
42,16,3,2,3,1,4,1,3999,1,7,12,9,1,21,2.67,69047.72894688007,12784,65048.72894688007,1,0,0,0,0,0,1,0,0
36,40,4,1,4,4,4,4,19662,4,20,9,0,0,9,4.0,69047.72894688007,12784,49385.72894688007,1,0,0,0,1,0,0,1,1
29,10,2,5,1,1,4,4,18575,2,25,11,0,0,11,2.0,69047.72894688007,12784,50472.72894688007,0,0,0,0,1,0,0,1,1
58,43,2,5,3,4,2,2,14760,2,20,12,3,1,15,3.0,69047.72894688007,12784,54287.72894688007,1,1,0,0,1,0,0,1,1
49,21,2,2,5,2,3,4,6332,3,26,9,2,0,11,3.33,102997.714045,2542,96665.714045,1,1,0,0,0,0,0,1,0
54,31,1,1,5,3,4,4,14538,2,17,6,1,0,7,4.0,69047.72894688007,12784,54509.72894688007,1,1,0,0,1,0,0,1,0
33,4,2,1,2,3,4,3,2622,6,3,2,1,0,3,3.0,89817.88593023256,119,87195.88593023256,0,0,1,0,0,1,0,0,0
41,34,4,1,2,2,1,3,7270,2,12,7,2,0,9,1.67,69047.72894688007,12784,61777.72894688007,1,1,0,0,0,0,0,1,0
31,49,3,3,3,3,2,3,6115,2,18,2,3,1,5,2.67,102997.714045,2542,96882.714045,0,0,1,0,0,0,0,1,0
58,13,4,1,4,2,4,4,3822,2,17,7,7,1,14,3.33,69047.72894688007,12784,65225.72894688007,0,0,1,0,0,0,0,1,1
23,15,1,4,5,2,2,3,18358,4,8,4,7,1,11,3.0,69047.72894688007,12784,50689.72894688007,1,0,1,0,1,0,1,0,0
38,16,3,2,2,2,2,4,4198,2,3,2,1,0,3,2.0,91683.75438596492,139,87485.75438596492,0,1,0,0,0,1,0,0,0
32,38,1,4,3,1,4,3,14625,2,23,4,8,1,12,2.67,69047.72894688007,12784,54422.72894688007,0,0,1,0,1,0,0,1,1
26,19,3,1,4,1,2,4,5482,3,25,13,9,1,22,2.33,69047.72894688007,12784,63565.72894688007,1,0,1,0,0,0,0,1,1
47,31,4,1,1,2,2,3,12067,4,17,14,2,0,16,1.67,69047.72894688007,12784,56980.72894688007,1,1,0,1,0,0,0,1,0
48,10,3,1,2,2,2,2,10629,4,27,7,3,1,10,2.0,69047.72894688007,12784,58418.72894688007,0,0,1,1,0,0,0,1,1
48,25,3,3,4,3,2,2,18847,4,19,14,4,1,18,3.0,69047.72894688007,12784,50200.72894688007,1,0,0,0,1,0,0,1,0
33,48,4,3,2,2,1,3,19515,4,15,3,0,0,3,1.67,69047.72894688007,12784,49532.72894688007,1,0,0,0,1,0,0,1,1
39,19,2,3,5,1,2,1,3683,2,7,5,1,0,6,2.67,102997.714045,2542,99314.714045,0,0,0,0,0,0,1,0,0
35,34,4,2,1,2,4,4,13608,4,26,9,6,1,15,2.33,102997.714045,2542,89389.714045,1,0,1,1,0,0,0,1,0
38,42,3,3,3,3,4,2,12964,4,11,9,3,1,12,3.33,102997.714045,2542,90033.714045,1,0,0,1,0,0,0,1,1
58,34,4,2,3,4,3,1,5699,2,10,13,0,0,13,3.33,69047.72894688007,12784,63348.72894688007,1,0,1,0,0,0,1,0,0
27,46,4,1,4,3,1,2,5163,1,19,11,7,1,18,2.67,69047.72894688007,12784,63884.72894688007,1,0,0,0,0,0,0,1,0
55,15,2,3,4,4,1,3,4153,3,23,14,5,1,19,3.0,69047.72894688007,12784,64894.72894688007,1,0,1,0,0,0,0,1,0
29,3,1,4,4,1,3,2,11088,4,10,4,6,1,10,2.67,102997.714045,2542,91909.714045,1,0,0,1,0,0,1,0,0
23,3,4,5,4,3,2,1,18184,1,14,1,4,1,5,3.0,102997.714045,2542,84813.714045,0,1,0,0,1,0,0,1,1
23,11,3,5,4,2,3,2,10930,1,29,9,9,1,18,3.0,69047.72894688007,12784,58117.72894688007,0,1,0,1,0,0,0,1,0
27,26,4,2,1,1,2,4,10346,1,29,12,4,1,16,1.33,69047.72894688007,12784,58701.72894688007,1,0,1,1,0,0,0,1,0
33,44,3,2,4,1,1,1,6794,4,6,5,0,0,5,2.0,69047.72894688007,12784,62253.72894688007,0,0,0,0,0,0,1,0,0
51,15,1,2,4,4,3,1,7353,1,24,13,8,1,21,3.67,69047.72894688007,12784,61694.72894688007,1,0,0,0,0,0,0,1,0
31,44,4,4,3,2,2,4,16994,1,9,14,1,0,15,2.33,69047.72894688007,12784,52053.72894688007,1,0,0,0,1,0,1,0,0
52,35,2,5,3,4,4,4,6510,3,16,10,8,1,18,3.67,69047.72894688007,12784,62537.72894688007,1,1,0,0,0,0,0,1,1
43,27,1,1,3,4,4,1,17384,3,13,9,2,0,11,3.67,69047.72894688007,12784,51663.72894688007,1,0,0,0,1,0,0,1,0
53,10,2,3,5,2,2,4,19243,3,23,13,3,1,16,3.0,69047.72894688007,12784,49804.72894688007,1,0,0,0,1,0,0,1,0
30,49,1,4,1,2,1,4,14800,3,13,11,5,1,16,1.33,69047.72894688007,12784,54247.72894688007,0,0,0,0,1,0,0,1,1
47,4,3,2,4,4,3,3,4163,1,9,0,0,0,0,3.67,91683.75438596492,139,87520.75438596492,1,1,0,0,0,0,1,0,0
22,48,3,2,4,1,2,3,18369,4,23,12,0,0,12,2.33,69047.72894688007,12784,50678.72894688007,0,1,0,0,1,0,0,1,1
37,44,2,2,5,3,4,4,11098,1,26,12,1,0,13,4.0,69047.72894688007,12784,57949.72894688007,1,0,0,1,0,0,0,1,0
51,1,1,3,2,3,1,2,7708,2,27,8,0,0,8,2.0,69047.72894688007,12784,61339.72894688007,1,1,0,1,0,0,0,1,1
24,38,4,3,3,2,3,1,16274,2,13,9,3,1,12,2.67,102997.714045,2542,86723.714045,1,1,0,0,1,0,0,1,0
22,44,2,4,4,4,2,3,4699,2,2,7,9,1,16,3.33,69047.72894688007,12784,64348.72894688007,1,0,1,0,0,0,0,0,0
37,47,3,2,2,4,1,4,14255,2,8,7,6,1,13,2.33,69047.72894688007,12784,54792.72894688007,1,1,0,0,1,0,1,0,0
25,37,1,1,2,2,1,3,8136,3,1,12,0,0,12,1.67,102997.714045,2542,94861.714045,1,1,0,1,0,0,0,0,0
27,12,4,4,3,2,2,1,3890,3,24,13,5,1,18,2.33,69047.72894688007,12784,65157.72894688007,0,0,1,0,0,0,0,1,0
37,13,3,2,4,1,1,3,4285,1,10,8,3,1,11,2.0,89817.88593023256,119,85532.88593023256,0,0,1,0,0,0,1,0,0
55,2,3,4,4,3,3,3,16659,2,5,4,1,0,5,3.33,102997.714045,2542,86338.714045,1,1,0,0,1,1,0,0,0
26,7,3,2,1,4,4,4,14383,2,19,11,1,0,12,3.0,102997.714045,2542,88614.714045,0,0,1,0,1,0,0,1,0
31,9,4,5,3,3,4,2,10569,4,20,7,9,1,16,3.33,69047.72894688007,12784,58478.72894688007,1,0,1,1,0,0,0,1,0
51,42,3,3,4,1,3,2,17103,2,3,8,3,1,11,2.67,69047.72894688007,12784,51944.72894688007,0,0,0,0,1,1,0,0,0
33,6,3,2,4,3,3,1,7725,3,13,11,4,1,15,3.33,69047.72894688007,12784,61322.72894688007,0,0,0,1,0,0,0,1,0
21,30,1,3,1,4,2,4,11327,1,10,4,6,1,10,2.33,102997.714045,2542,91670.714045,1,1,0,1,0,0,1,0,0
42,49,3,4,3,1,1,2,17134,2,8,1,6,1,7,1.67,69047.72894688007,12784,51913.72894688007,0,1,0,0,1,0,1,0,0
33,27,4,4,1,3,2,2,4778,1,17,14,8,1,22,2.0,69047.72894688007,12784,64269.72894688007,0,0,0,0,0,0,0,1,0
29,3,2,3,3,3,3,2,14424,4,6,14,7,1,21,3.0,102997.714045,2542,88573.714045,1,0,0,0,1,0,1,0,1
39,35,3,1,1,2,3,3,11351,2,9,12,7,1,19,2.0,102997.714045,2542,91646.714045,1,1,0,1,0,0,1,0,0
20,10,3,2,1,1,2,3,16434,3,7,3,7,1,10,1.33,69047.72894688007,12784,52613.72894688007,1,1,0,0,1,0,1,0,0
53,49,3,1,1,3,3,2,11038,4,12,5,6,1,11,2.33,69047.72894688007,12784,58009.72894688007,0,0,1,1,0,0,0,1,0
52,8,2,4,5,4,4,4,5537,4,9,12,4,1,16,4.33,102997.714045,2542,97460.714045,1,1,0,0,0,0,1,0,0
39,45,2,5,1,3,4,3,6710,3,13,12,3,1,15,2.67,102997.714045,2542,96287.714045,0,0,0,0,0,0,0,1,1
30,32,1,1,1,1,3,1,15376,3,24,10,9,1,19,1.67,102997.714045,2542,87621.714045,1,0,1,0,1,0,0,1,0
38,31,1,3,5,3,1,3,11696,4,21,2,3,1,5,3.0,69047.72894688007,12784,57351.72894688007,1,0,0,1,0,0,0,1,0
40,48,4,2,1,1,2,4,19834,2,22,9,7,1,16,1.33,69047.72894688007,12784,49213.72894688007,0,0,0,0,1,0,0,1,1
32,46,3,2,2,2,3,4,12588,2,16,11,5,1,16,2.33,69047.72894688007,12784,56459.72894688007,1,1,0,1,0,0,0,1,0
48,1,2,5,5,1,3,2,13429,2,5,7,9,1,16,3.0,69047.72894688007,12784,55618.72894688007,0,0,1,1,0,1,0,0,0
52,9,1,4,1,4,2,1,11541,4,20,7,8,1,15,2.33,69047.72894688007,12784,57506.72894688007,1,0,1,1,0,0,0,1,0
26,48,1,2,1,1,2,3,15020,2,27,9,9,1,18,1.33,69047.72894688007,12784,54027.72894688007,0,0,0,0,1,0,0,1,0
33,34,1,2,3,4,1,3,3302,4,8,4,6,1,10,2.67,69047.72894688007,12784,65745.72894688007,0,0,1,0,0,0,1,0,0
43,44,1,2,5,1,3,2,4411,1,27,8,8,1,16,3.0,69047.72894688007,12784,64636.72894688007,1,0,1,0,0,0,0,1,0
30,14,3,5,1,3,2,1,15427,1,7,12,0,0,12,2.0,69047.72894688007,12784,53620.72894688007,1,0,1,0,1,0,1,0,1
31,39,4,5,2,4,4,3,10177,1,23,4,4,1,8,3.33,69047.72894688007,12784,58870.72894688007,0,1,0,1,0,0,0,1,0
33,25,3,5,3,1,2,2,3785,1,11,4,4,1,8,2.0,69047.72894688007,12784,65262.72894688007,1,0,0,0,0,0,0,1,0
47,47,4,3,2,2,3,2,6034,4,8,7,7,1,14,2.33,69047.72894688007,12784,63013.72894688007,0,1,0,0,0,0,1,0,1
53,41,3,5,2,1,1,2,8975,3,8,4,9,1,13,1.33,69047.72894688007,12784,60072.72894688007,1,1,0,1,0,0,1,0,0
47,42,3,5,5,1,1,4,9072,1,15,8,0,0,8,2.33,102997.714045,2542,93925.714045,0,1,0,1,0,0,0,1,0
56,48,1,1,2,3,2,3,17883,2,27,10,0,0,10,2.33,69047.72894688007,12784,51164.72894688007,1,0,0,0,1,0,0,1,0
46,45,2,3,2,1,3,3,13520,3,18,6,7,1,13,2.0,69047.72894688007,12784,55527.72894688007,1,0,0,1,0,0,0,1,1
55,10,4,1,2,2,1,2,5774,2,3,9,7,1,16,1.67,69047.72894688007,12784,63273.72894688007,1,0,1,0,0,1,0,0,1
29,35,1,3,3,2,2,2,5061,4,5,2,7,1,9,2.33,69047.72894688007,12784,63986.72894688007,1,0,0,0,0,1,0,0,1
50,29,2,4,3,2,2,3,17046,0,27,10,15,1,25,2.33,102997.714045,2542,85951.714045,0,0,1,0,1,0,0,1,0
36,25,2,3,1,2,1,1,5306,3,24,5,1,0,6,1.33,69047.72894688007,12784,63741.72894688007,1,0,1,0,0,0,0,1,0
40,49,3,4,1,3,3,2,13361,2,24,7,0,0,7,2.33,69047.72894688007,12784,55686.72894688007,0,0,1,1,0,0,0,1,0
35,36,2,3,1,1,2,4,13520,2,14,5,0,0,5,1.33,69047.72894688007,12784,55527.72894688007,0,0,0,1,0,0,0,1,0
28,28,4,5,3,2,1,1,5051,4,29,6,3,1,9,2.0,69047.72894688007,12784,63996.72894688007,0,0,1,0,0,0,0,1,0
55,44,1,4,1,4,3,4,16731,2,8,11,8,1,19,2.67,102997.714045,2542,86266.714045,0,1,0,0,1,0,1,0,0
51,26,4,1,3,1,3,2,14718,4,22,2,7,1,9,2.33,69047.72894688007,12784,54329.72894688007,0,0,1,0,1,0,0,1,0
29,14,1,5,5,3,4,4,14959,2,27,14,4,1,18,4.0,69047.72894688007,12784,54088.72894688007,0,0,1,0,1,0,0,1,0
38,2,2,1,4,4,3,2,12077,1,23,11,9,1,20,3.67,102997.714045,2542,90920.714045,0,0,0,1,0,0,0,1,1
32,37,3,3,5,2,1,4,10525,2,18,2,0,0,2,2.67,102997.714045,2542,92472.714045,0,0,0,1,0,0,0,1,1
30,39,1,4,4,4,1,1,11720,1,27,11,9,1,20,3.0,102997.714045,2542,91277.714045,1,1,0,1,0,0,0,1,0
21,46,1,3,1,2,1,3,6465,3,23,11,0,0,11,1.33,69047.72894688007,12784,62582.72894688007,0,0,1,0,0,0,0,1,1
30,38,2,2,3,1,4,2,6546,2,22,5,0,0,5,2.67,69047.72894688007,12784,62501.72894688007,0,0,0,0,0,0,0,1,0
47,7,3,1,4,2,4,1,14073,3,1,7,6,1,13,3.33,69047.72894688007,12784,54974.72894688007,0,0,0,0,1,0,0,0,0
55,12,4,2,2,4,2,4,3521,3,25,11,4,1,15,2.67,102997.714045,2542,99476.714045,1,0,1,0,0,0,0,1,0
32,1,1,1,4,4,4,3,17242,3,15,9,0,0,9,4.0,102997.714045,2542,85755.714045,1,0,0,0,1,0,0,1,0
32,10,3,2,3,3,2,1,14963,2,28,8,0,0,8,2.67,69047.72894688007,12784,54084.72894688007,0,0,0,0,1,0,0,1,0
25,45,4,2,1,3,4,4,7534,1,16,3,7,1,10,2.67,69047.72894688007,12784,61513.72894688007,1,1,0,0,0,0,0,1,1
27,24,4,5,5,2,4,4,16413,4,4,3,0,0,3,3.67,69047.72894688007,12784,52634.72894688007,0,0,0,0,1,1,0,0,0
38,2,3,2,1,2,4,3,6893,3,7,7,1,0,8,2.33,91683.75438596492,139,84790.75438596492,0,0,0,0,0,0,1,0,0
59,23,2,1,3,4,1,2,5127,3,16,10,0,0,10,2.67,69047.72894688007,12784,63920.72894688007,1,1,0,0,0,0,0,1,0
36,9,4,4,2,2,4,4,17385,1,25,2,2,0,4,2.67,102997.714045,2542,85612.714045,1,0,1,0,1,0,0,1,0
29,1,3,1,3,3,4,2,2058,0,6,2,1,0,3,3.33,89817.88593023256,119,87759.88593023256,0,1,0,0,0,0,1,0,1
34,21,1,5,1,1,3,4,3004,3,1,3,8,1,11,1.67,69047.72894688007,12784,66043.72894688007,0,0,1,0,0,0,0,0,0
22,48,2,1,4,1,1,2,15901,2,23,4,3,1,7,2.0,69047.72894688007,12784,53146.72894688007,1,0,1,0,1,0,0,1,0
51,41,3,5,1,2,3,1,4615,2,6,11,9,1,20,2.0,69047.72894688007,12784,64432.72894688007,1,1,0,0,0,0,1,0,0
25,49,3,3,1,4,4,1,8228,3,1,8,8,1,16,3.0,102997.714045,2542,94769.714045,0,0,1,1,0,0,0,0,0
37,49,3,4,2,3,3,2,4931,2,13,10,4,1,14,2.67,69047.72894688007,12784,64116.72894688007,1,1,0,0,0,0,0,1,0
30,20,3,2,1,3,3,2,9957,0,6,2,0,0,2,2.33,69047.72894688007,12784,59090.72894688007,0,0,1,1,0,0,1,0,0
49,39,3,3,3,3,4,4,15161,2,1,12,2,0,14,3.33,69047.72894688007,12784,53886.72894688007,1,1,0,0,1,0,0,0,0
40,45,1,1,4,1,3,1,14474,2,24,2,3,1,5,2.67,102997.714045,2542,88523.714045,0,0,0,0,1,0,0,1,1
46,19,3,4,5,4,3,4,16502,2,22,4,3,1,7,4.0,69047.72894688007,12784,52545.72894688007,0,0,1,0,1,0,0,1,0
49,14,1,2,5,1,3,2,11567,1,23,13,3,1,16,3.0,69047.72894688007,12784,57480.72894688007,1,0,0,1,0,0,0,1,0
47,9,1,4,3,3,3,1,12936,7,23,5,14,1,19,3.0,91683.75438596492,139,78747.75438596492,0,0,1,1,0,0,0,1,1
52,36,3,2,2,1,1,1,11705,2,15,5,7,1,12,1.33,69047.72894688007,12784,57342.72894688007,1,1,0,1,0,0,0,1,0
43,38,3,1,5,4,4,1,16490,3,1,5,5,1,10,4.33,102997.714045,2542,86507.714045,1,0,0,0,1,0,0,0,0
56,26,3,5,1,4,1,4,5617,3,26,6,3,1,9,2.0,102997.714045,2542,97380.714045,0,1,0,0,0,0,0,1,0
23,9,3,1,1,4,1,2,1790,1,1,0,1,0,1,2.0,69047.72894688007,12784,67257.72894688007,0,0,1,0,0,0,0,0,1
29,34,3,2,1,2,1,4,4643,3,6,6,9,1,15,1.33,102997.714045,2542,98354.714045,0,0,1,0,0,0,1,0,0
59,31,3,1,3,4,4,2,8829,2,16,14,0,0,14,3.67,69047.72894688007,12784,60218.72894688007,1,0,0,1,0,0,0,1,0
55,1,1,1,2,2,1,3,15880,2,10,11,0,0,11,1.67,102997.714045,2542,87117.714045,0,0,1,0,1,0,1,0,0
56,32,2,4,5,3,3,1,7616,1,14,5,2,0,7,3.67,69047.72894688007,12784,61431.72894688007,1,0,0,1,0,0,0,1,0
35,1,2,3,1,4,4,2,13703,3,22,13,0,0,13,3.0,69047.72894688007,12784,55344.72894688007,1,0,1,1,0,0,0,1,1
33,2,3,1,4,3,1,4,2500,0,3,1,0,0,1,2.67,89817.88593023256,119,87317.88593023256,0,1,0,0,0,1,0,0,0
22,24,4,3,3,2,4,3,18009,4,2,5,4,1,9,3.0,69047.72894688007,12784,51038.72894688007,1,0,0,0,1,0,0,0,0
54,11,4,5,4,1,1,3,19415,1,6,4,1,0,5,2.0,69047.72894688007,12784,49632.72894688007,1,0,0,0,1,0,1,0,1
27,8,3,2,2,2,1,3,6214,1,8,7,0,0,7,1.67,91683.75438596492,139,85469.75438596492,0,0,1,0,0,0,1,0,0
30,49,3,3,3,3,1,3,4784,4,6,6,8,1,14,2.33,69047.72894688007,12784,64263.72894688007,1,0,0,0,0,0,1,0,0
49,10,2,2,2,4,3,1,10639,3,2,8,0,0,8,3.0,69047.72894688007,12784,58408.72894688007,0,0,0,1,0,0,0,0,1
46,40,3,5,2,2,1,4,10513,1,4,3,2,0,5,1.67,69047.72894688007,12784,58534.72894688007,0,0,0,1,0,1,0,0,1
52,32,1,2,3,2,2,1,11015,2,6,1,5,1,6,2.33,69047.72894688007,12784,58032.72894688007,1,1,0,1,0,0,1,0,0
49,35,1,5,4,1,2,3,10657,4,7,12,4,1,16,2.33,69047.72894688007,12784,58390.72894688007,0,0,1,1,0,0,1,0,0
35,12,3,2,4,4,1,4,4581,3,11,9,6,1,15,3.0,91683.75438596492,139,87102.75438596492,1,1,0,0,0,0,0,1,1
29,17,3,5,1,2,2,4,12426,4,3,10,2,0,12,1.67,69047.72894688007,12784,56621.72894688007,0,0,0,1,0,1,0,0,0
31,48,4,4,1,3,1,1,5385,2,5,5,2,0,7,1.67,69047.72894688007,12784,63662.72894688007,1,0,0,0,0,1,0,0,0
36,35,4,5,5,1,3,1,19995,1,25,10,8,1,18,3.0,69047.72894688007,12784,49052.72894688007,0,1,0,0,1,0,0,1,0
33,3,2,2,5,3,3,3,6576,1,3,2,5,1,7,3.67,69047.72894688007,12784,62471.72894688007,0,0,0,0,0,1,0,0,0
28,20,3,1,5,1,1,2,7324,1,6,3,7,1,10,2.33,69047.72894688007,12784,61723.72894688007,0,0,1,0,0,0,1,0,0
24,31,2,5,5,2,3,4,15375,1,29,5,8,1,13,3.33,69047.72894688007,12784,53672.72894688007,0,1,0,0,1,0,0,1,0
35,5,1,1,4,4,1,3,18171,1,21,14,3,1,17,3.0,69047.72894688007,12784,50876.72894688007,1,0,1,0,1,0,0,1,1
58,1,3,5,1,4,3,3,19701,3,9,8,1,0,9,2.67,69047.72894688007,12784,49346.72894688007,1,0,1,0,1,0,1,0,0
54,16,3,1,4,4,1,2,7513,3,5,12,6,1,18,3.0,102997.714045,2542,95484.714045,1,0,0,0,0,1,0,0,0
23,17,4,2,2,2,3,2,17351,3,27,7,9,1,16,2.33,69047.72894688007,12784,51696.72894688007,0,0,1,0,1,0,0,1,0
27,16,1,3,1,2,1,3,10779,4,20,3,6,1,9,1.33,69047.72894688007,12784,58268.72894688007,0,0,1,1,0,0,0,1,0
34,17,3,3,5,2,2,3,14704,1,13,11,6,1,17,3.0,69047.72894688007,12784,54343.72894688007,0,0,0,0,1,0,0,1,1
52,39,3,4,5,2,2,1,8152,2,26,7,7,1,14,3.0,69047.72894688007,12784,60895.72894688007,0,1,0,1,0,0,0,1,1
39,47,3,5,1,3,4,2,4059,1,19,1,8,1,9,2.67,69047.72894688007,12784,64988.72894688007,0,1,0,0,0,0,0,1,0
35,2,3,2,2,2,4,3,4425,5,6,2,1,0,3,2.67,17372.83423076923,33,12947.83423076923,0,1,0,0,0,0,1,0,0
44,18,3,3,5,1,3,1,16935,4,25,10,9,1,19,3.0,102997.714045,2542,86062.714045,1,0,0,0,1,0,0,1,0
33,9,3,2,1,1,1,3,8224,0,5,2,0,0,2,1.0,91683.75438596492,139,83459.75438596492,1,1,0,1,0,1,0,0,1
43,24,1,1,5,3,2,1,6805,4,2,12,1,0,13,3.33,69047.72894688007,12784,62242.72894688007,0,1,0,0,0,0,0,0,0
36,8,4,2,4,2,3,2,18701,2,14,12,3,1,15,3.0,69047.72894688007,12784,50346.72894688007,0,0,0,0,1,0,0,1,0
55,6,4,1,2,1,2,1,12323,3,5,4,1,0,5,1.67,69047.72894688007,12784,56724.72894688007,1,0,0,1,0,1,0,0,0
41,9,1,5,5,2,3,3,11758,2,21,9,7,1,16,3.33,69047.72894688007,12784,57289.72894688007,0,0,1,1,0,0,0,1,0
50,46,3,3,3,1,1,4,11271,1,27,11,5,1,16,1.67,69047.72894688007,12784,57776.72894688007,0,0,1,1,0,0,0,1,0
50,38,4,4,3,2,1,2,18317,4,22,2,0,0,2,2.0,69047.72894688007,12784,50730.72894688007,0,0,0,0,1,0,0,1,0
45,41,3,4,4,4,1,4,13062,2,14,6,5,1,11,3.0,69047.72894688007,12784,55985.72894688007,0,1,0,1,0,0,0,1,0
56,29,2,4,3,3,1,4,18977,2,15,5,4,1,9,2.33,69047.72894688007,12784,50070.72894688007,1,1,0,0,1,0,0,1,0
30,29,2,5,3,2,4,4,12044,3,17,10,9,1,19,3.0,69047.72894688007,12784,57003.72894688007,1,0,1,1,0,0,0,1,0
26,30,1,2,3,4,4,4,16805,2,21,4,0,0,4,3.67,69047.72894688007,12784,52242.72894688007,0,1,0,0,1,0,0,1,0
47,44,1,2,4,4,4,2,3258,4,15,13,9,1,22,4.0,102997.714045,2542,99739.714045,0,0,1,0,0,0,0,1,0
37,28,2,4,2,1,4,3,13456,3,1,9,1,0,10,2.33,69047.72894688007,12784,55591.72894688007,0,0,1,1,0,0,0,0,0
54,4,1,5,3,2,1,4,12461,2,29,5,1,0,6,2.0,69047.72894688007,12784,56586.72894688007,0,0,0,1,0,0,0,1,0
31,13,3,2,1,2,3,1,4233,2,3,1,1,0,2,2.0,91683.75438596492,139,87450.75438596492,0,0,0,0,0,1,0,0,1
34,40,2,4,1,2,3,1,13130,2,25,14,6,1,20,2.0,69047.72894688007,12784,55917.72894688007,1,1,0,1,0,0,0,1,1
59,40,3,3,3,3,3,2,4055,3,24,1,6,1,7,3.0,102997.714045,2542,98942.714045,0,1,0,0,0,0,0,1,0
20,19,3,1,4,1,2,4,3194,1,22,11,6,1,17,2.33,69047.72894688007,12784,65853.72894688007,1,0,0,0,0,0,0,1,0
37,15,2,2,5,2,1,4,13458,4,5,11,3,1,14,2.67,69047.72894688007,12784,55589.72894688007,0,0,1,1,0,1,0,0,1
55,10,2,5,1,2,4,4,6571,1,2,10,6,1,16,2.33,69047.72894688007,12784,62476.72894688007,0,1,0,0,0,0,0,0,0
39,46,4,2,3,3,4,3,11178,3,16,13,1,0,14,3.33,69047.72894688007,12784,57869.72894688007,0,0,1,1,0,0,0,1,0
45,38,4,1,5,2,4,1,9052,4,8,6,5,1,11,3.67,69047.72894688007,12784,59995.72894688007,1,0,0,1,0,0,1,0,0
28,6,3,2,2,1,3,1,12204,3,4,8,1,0,9,2.0,102997.714045,2542,90793.714045,1,1,0,1,0,1,0,0,0
20,25,4,5,5,2,3,2,15598,4,9,3,6,1,9,3.33,69047.72894688007,12784,53449.72894688007,0,0,1,0,1,0,1,0,1
42,20,4,4,2,3,4,4,14517,4,7,14,2,0,16,3.0,102997.714045,2542,88480.714045,1,0,0,0,1,0,1,0,0
27,45,2,2,1,2,2,1,11801,2,24,1,0,0,1,1.67,69047.72894688007,12784,57246.72894688007,1,0,0,1,0,0,0,1,0
29,48,2,2,1,2,2,3,9673,2,12,2,0,0,2,1.67,69047.72894688007,12784,59374.72894688007,1,0,1,1,0,0,0,1,0
25,1,2,2,3,4,3,2,17583,3,19,1,3,1,4,3.33,69047.72894688007,12784,51464.72894688007,1,0,1,0,1,0,0,1,0
52,10,4,1,5,1,4,2,19258,2,22,2,7,1,9,3.33,69047.72894688007,12784,49789.72894688007,1,1,0,0,1,0,0,1,0
51,41,3,5,1,2,4,1,14620,1,4,13,9,1,22,2.33,102997.714045,2542,88377.714045,0,1,0,0,1,1,0,0,1
46,18,2,1,5,3,1,2,13785,3,24,2,6,1,8,3.0,69047.72894688007,12784,55262.72894688007,1,0,0,0,1,0,0,1,0
25,41,2,5,1,2,1,2,15838,2,23,12,1,0,13,1.33,69047.72894688007,12784,53209.72894688007,1,0,1,0,1,0,0,1,1
44,1,3,1,1,3,3,4,7614,1,24,1,8,1,9,2.33,69047.72894688007,12784,61433.72894688007,1,1,0,1,0,0,0,1,0
42,17,1,3,3,3,1,4,16921,1,29,3,0,0,3,2.33,69047.72894688007,12784,52126.72894688007,1,0,0,0,1,0,0,1,0
39,5,1,5,3,1,2,3,9473,1,24,14,4,1,18,2.0,69047.72894688007,12784,59574.72894688007,1,0,1,1,0,0,0,1,1
26,1,3,1,1,3,4,2,2867,0,7,7,7,1,14,2.67,17372.83423076923,33,14505.83423076923,0,1,0,0,0,0,1,0,0
34,21,1,3,5,3,4,2,9122,1,7,11,8,1,19,4.0,69047.72894688007,12784,59925.72894688007,1,1,0,1,0,0,1,0,0
27,46,1,3,4,4,3,3,15830,4,22,7,1,0,8,3.67,102997.714045,2542,87167.714045,0,0,0,0,1,0,0,1,1
39,1,1,1,5,1,1,3,11830,2,23,13,6,1,19,2.33,69047.72894688007,12784,57217.72894688007,1,0,0,1,0,0,0,1,0
26,33,2,2,4,3,4,3,7780,3,8,13,4,1,17,3.67,69047.72894688007,12784,61267.72894688007,1,1,0,1,0,0,1,0,0
47,42,3,2,4,3,3,3,14218,4,23,11,8,1,19,3.33,69047.72894688007,12784,54829.72894688007,1,1,0,0,1,0,0,1,1
21,42,2,2,3,3,2,4,5087,4,3,8,3,1,11,2.67,69047.72894688007,12784,63960.72894688007,0,1,0,0,0,1,0,0,0
52,10,1,1,1,3,4,4,18002,1,26,4,9,1,13,2.67,69047.72894688007,12784,51045.72894688007,1,0,1,0,1,0,0,1,0
22,24,4,4,4,1,1,4,13677,4,3,11,0,0,11,2.0,102997.714045,2542,89320.714045,0,0,1,1,0,1,0,0,0
25,27,1,2,1,4,1,4,19663,4,8,11,6,1,17,2.0,102997.714045,2542,83334.714045,1,1,0,0,1,0,1,0,0
26,11,1,5,5,4,3,2,17928,3,22,7,3,1,10,4.0,69047.72894688007,12784,51119.72894688007,0,1,0,0,1,0,0,1,1
29,43,3,2,2,4,2,2,18964,2,29,14,8,1,22,2.67,102997.714045,2542,84033.714045,0,1,0,0,1,0,0,1,0
40,12,3,5,4,2,2,3,19003,3,26,8,3,1,11,2.67,69047.72894688007,12784,50044.72894688007,1,0,0,0,1,0,0,1,0
57,35,2,4,1,3,1,1,4933,4,4,12,7,1,19,1.67,69047.72894688007,12784,64114.72894688007,1,1,0,0,0,1,0,0,0
54,5,1,4,5,1,3,2,9504,3,10,6,7,1,13,3.0,69047.72894688007,12784,59543.72894688007,1,0,1,1,0,0,1,0,0
42,46,4,1,5,2,4,4,19804,1,13,1,7,1,8,3.67,69047.72894688007,12784,49243.72894688007,1,0,1,0,1,0,0,1,0
25,40,2,3,3,1,4,1,8226,3,8,14,0,0,14,2.67,69047.72894688007,12784,60821.72894688007,1,0,1,1,0,0,1,0,0
45,39,2,2,2,2,3,2,7776,2,3,8,1,0,9,2.33,69047.72894688007,12784,61271.72894688007,0,1,0,1,0,1,0,0,0
27,4,4,5,2,1,3,2,16295,1,28,7,2,0,9,2.0,69047.72894688007,12784,52752.72894688007,1,1,0,0,1,0,0,1,0
47,2,4,5,1,3,1,2,8504,1,10,11,3,1,14,1.67,69047.72894688007,12784,60543.72894688007,1,0,1,1,0,0,1,0,0
46,47,3,3,5,3,1,3,12744,3,17,7,2,0,9,3.0,69047.72894688007,12784,56303.72894688007,0,1,0,1,0,0,0,1,0
35,1,3,2,3,1,4,3,4859,1,5,4,0,0,4,2.67,91683.75438596492,139,86824.75438596492,0,1,0,0,0,1,0,0,0
24,30,2,1,4,2,4,3,6143,2,7,9,2,0,11,3.33,69047.72894688007,12784,62904.72894688007,0,0,0,0,0,0,1,0,0
50,16,4,4,1,2,1,4,16693,3,24,1,9,1,10,1.33,69047.72894688007,12784,52354.72894688007,0,1,0,0,1,0,0,1,0
55,40,4,1,2,3,2,1,14609,4,26,4,5,1,9,2.33,69047.72894688007,12784,54438.72894688007,0,0,0,0,1,0,0,1,0
29,26,4,2,4,2,2,3,13771,2,17,12,5,1,17,2.67,69047.72894688007,12784,55276.72894688007,1,0,1,0,1,0,0,1,1
30,43,4,2,5,4,4,4,4328,2,8,9,6,1,15,4.33,69047.72894688007,12784,64719.72894688007,0,0,1,0,0,0,1,0,0
30,2,3,1,4,3,3,2,2564,0,11,7,6,1,13,3.33,17372.83423076923,33,14808.83423076923,0,1,0,0,0,0,0,1,0
58,7,1,3,1,4,2,3,3607,3,17,4,3,1,7,2.33,102997.714045,2542,99390.714045,0,1,0,0,0,0,0,1,0
23,8,2,1,2,2,3,2,9427,3,16,6,3,1,9,2.33,69047.72894688007,12784,59620.72894688007,0,0,1,1,0,0,0,1,0
23,32,3,5,1,3,3,3,12934,2,7,3,8,1,11,2.33,69047.72894688007,12784,56113.72894688007,0,0,0,1,0,0,1,0,0
48,46,1,5,1,2,1,1,12240,1,13,8,3,1,11,1.33,69047.72894688007,12784,56807.72894688007,1,1,0,1,0,0,0,1,0
27,31,1,4,1,3,3,1,14781,4,18,2,7,1,9,2.33,69047.72894688007,12784,54266.72894688007,0,1,0,0,1,0,0,1,0
22,49,1,3,1,1,3,1,13480,1,7,9,1,0,10,1.67,102997.714045,2542,89517.714045,1,0,1,1,0,0,1,0,0
59,19,3,1,3,3,4,1,12863,4,25,1,1,0,2,3.33,69047.72894688007,12784,56184.72894688007,1,1,0,1,0,0,0,1,0
23,46,3,1,2,2,1,2,8481,2,3,6,4,1,10,1.67,69047.72894688007,12784,60566.72894688007,1,1,0,1,0,1,0,0,0
42,16,2,2,1,4,4,3,19737,1,26,2,7,1,9,3.0,102997.714045,2542,83260.714045,1,1,0,0,1,0,0,1,0
34,33,1,2,2,3,2,1,5848,4,18,9,4,1,13,2.33,69047.72894688007,12784,63199.72894688007,1,1,0,0,0,0,0,1,0
35,6,1,2,4,2,2,3,6646,1,17,11,11,1,22,2.67,89817.88593023256,119,83171.88593023256,0,1,0,0,0,0,0,1,0
37,14,1,1,3,1,2,2,3926,1,29,9,5,1,14,2.0,102997.714045,2542,99071.714045,0,0,0,0,0,0,0,1,0
50,48,4,2,3,1,4,3,10199,2,25,7,9,1,16,2.67,69047.72894688007,12784,58848.72894688007,0,0,1,1,0,0,0,1,0
37,41,3,1,1,1,1,1,15332,1,24,9,9,1,18,1.0,69047.72894688007,12784,53715.72894688007,1,0,0,0,1,0,0,1,1
55,20,1,4,3,4,4,1,3185,3,10,4,8,1,12,3.67,69047.72894688007,12784,65862.72894688007,0,0,0,0,0,0,1,0,0
22,20,2,4,4,4,4,4,8544,2,8,6,4,1,10,4.0,69047.72894688007,12784,60503.72894688007,1,0,1,1,0,0,1,0,0
44,7,1,5,5,4,4,2,8874,2,23,14,0,0,14,4.33,69047.72894688007,12784,60173.72894688007,1,1,0,1,0,0,0,1,1
39,21,3,3,4,4,3,3,9627,2,3,7,9,1,16,3.67,69047.72894688007,12784,59420.72894688007,0,0,0,1,0,1,0,0,0
47,32,1,5,2,2,2,2,10139,3,13,10,7,1,17,2.0,69047.72894688007,12784,58908.72894688007,0,0,1,1,0,0,0,1,1
41,2,2,2,3,1,1,3,6811,2,8,7,0,0,7,1.67,69047.72894688007,12784,62236.72894688007,1,1,0,0,0,0,1,0,0
53,41,2,1,5,1,3,2,3647,4,28,11,2,0,13,3.0,69047.72894688007,12784,65400.72894688007,0,0,1,0,0,0,0,1,0
59,1,2,4,4,1,1,4,5837,3,8,2,2,0,4,2.0,102997.714045,2542,97160.714045,0,1,0,0,0,0,1,0,0
46,27,4,5,4,3,1,1,19273,1,11,14,0,0,14,2.67,69047.72894688007,12784,49774.72894688007,1,0,1,0,1,0,0,1,0
42,49,4,2,1,4,4,4,16946,2,26,14,4,1,18,3.0,102997.714045,2542,86051.714045,0,1,0,0,1,0,0,1,0
24,40,4,1,3,1,2,1,11530,1,10,3,4,1,7,2.0,102997.714045,2542,91467.714045,1,0,0,1,0,0,1,0,1
41,43,4,5,3,4,3,1,17582,2,17,3,3,1,6,3.33,69047.72894688007,12784,51465.72894688007,1,1,0,0,1,0,0,1,0
47,2,3,4,4,3,3,2,16752,1,26,14,3,1,17,3.33,102997.714045,2542,86245.714045,1,0,1,0,1,0,0,1,0
52,18,3,3,1,4,1,1,7877,2,8,8,0,0,8,2.0,69047.72894688007,12784,61170.72894688007,1,1,0,1,0,0,1,0,0
35,10,3,5,2,2,4,2,3170,2,1,3,3,1,6,2.67,102997.714045,2542,99827.714045,0,1,0,0,0,0,0,0,0
39,47,2,1,3,3,2,2,19012,2,3,9,7,1,16,2.67,69047.72894688007,12784,50035.72894688007,0,0,1,0,1,1,0,0,0
32,37,3,3,5,1,1,3,6969,4,16,1,0,0,1,2.33,102997.714045,2542,96028.714045,0,0,0,0,0,0,0,1,0
57,33,4,5,5,3,2,1,17214,3,24,13,6,1,19,3.33,69047.72894688007,12784,51833.72894688007,0,0,1,0,1,0,0,1,0
25,6,2,5,5,4,3,1,12318,1,12,4,5,1,9,4.0,69047.72894688007,12784,56729.72894688007,0,0,1,1,0,0,0,1,0
57,13,4,4,3,4,2,3,16979,4,4,11,8,1,19,3.0,102997.714045,2542,86018.714045,1,0,0,0,1,1,0,0,1
20,49,4,4,4,2,1,4,10455,3,15,4,7,1,11,2.33,69047.72894688007,12784,58592.72894688007,0,0,0,1,0,0,0,1,0
21,18,3,1,4,4,1,2,2693,1,1,0,0,0,0,3.0,89817.88593023256,119,87124.88593023256,0,1,0,0,0,0,0,0,1
51,7,2,5,5,2,1,3,15058,2,5,12,4,1,16,2.67,69047.72894688007,12784,53989.72894688007,1,0,1,0,1,1,0,0,0
58,2,3,1,3,4,1,3,2479,4,1,0,0,0,0,2.67,89817.88593023256,119,87338.88593023256,0,1,0,0,0,0,0,0,1
45,28,4,1,4,4,2,2,4551,4,26,3,0,0,3,3.33,69047.72894688007,12784,64496.72894688007,1,1,0,0,0,0,0,1,0
37,40,4,3,2,3,4,3,9018,3,11,3,6,1,9,3.0,69047.72894688007,12784,60029.72894688007,0,0,0,1,0,0,0,1,0
38,2,4,4,3,2,1,3,17816,2,9,13,7,1,20,2.0,69047.72894688007,12784,51231.72894688007,0,0,0,0,1,0,1,0,1
35,16,3,2,5,3,2,1,8140,1,27,2,6,1,8,3.33,69047.72894688007,12784,60907.72894688007,1,1,0,1,0,0,0,1,1
31,7,3,3,4,3,3,2,7143,1,11,9,4,1,13,3.33,69047.72894688007,12784,61904.72894688007,1,1,0,0,0,0,0,1,0
54,40,3,2,4,1,1,3,9099,2,9,14,4,1,18,2.0,69047.72894688007,12784,59948.72894688007,1,0,1,1,0,0,1,0,0
39,24,2,4,4,2,1,2,12031,0,20,9,9,1,18,2.33,91683.75438596492,139,79652.75438596492,0,0,1,1,0,0,0,1,0
46,4,2,2,4,3,4,3,9025,4,11,7,5,1,12,3.67,69047.72894688007,12784,60022.72894688007,0,1,0,1,0,0,0,1,0
45,40,3,2,3,4,3,4,13771,3,1,13,9,1,22,3.33,69047.72894688007,12784,55276.72894688007,1,1,0,0,1,0,0,0,0
22,9,3,2,3,1,4,1,16702,3,18,1,9,1,10,2.67,69047.72894688007,12784,52345.72894688007,1,0,0,0,1,0,0,1,0
45,19,4,3,2,3,2,1,16077,4,22,14,9,1,23,2.33,69047.72894688007,12784,52970.72894688007,0,0,0,0,1,0,0,1,0
59,34,2,4,1,3,2,3,12712,2,13,10,3,1,13,2.0,69047.72894688007,12784,56335.72894688007,0,0,1,1,0,0,0,1,0
24,3,4,5,4,3,4,3,8543,2,16,3,7,1,10,3.67,102997.714045,2542,94454.714045,0,0,0,1,0,0,0,1,1
30,17,4,4,1,2,4,4,13630,2,26,2,1,0,3,2.33,69047.72894688007,12784,55417.72894688007,0,0,1,1,0,0,0,1,0
48,10,2,5,2,4,4,3,19665,4,22,10,12,1,22,3.33,69047.72894688007,12784,49382.72894688007,0,0,1,0,1,0,0,1,0
38,34,2,2,3,2,4,3,15380,4,2,6,6,1,12,3.0,69047.72894688007,12784,53667.72894688007,1,0,1,0,1,0,0,0,1
33,7,2,4,2,2,3,2,14714,3,20,9,1,0,10,2.33,69047.72894688007,12784,54333.72894688007,1,0,0,0,1,0,0,1,0
19,2,2,1,4,1,3,4,2564,1,1,0,0,0,0,2.67,61845.10984536083,269,59281.10984536083,0,1,0,0,0,0,0,0,1
27,3,1,3,3,1,1,1,3697,4,7,4,1,0,5,1.67,69047.72894688007,12784,65350.72894688007,0,0,1,0,0,0,1,0,0
53,23,1,2,1,2,1,4,17492,2,9,7,6,1,13,1.33,69047.72894688007,12784,51555.72894688007,0,0,1,0,1,0,1,0,0
26,32,2,2,3,2,4,2,15562,2,8,3,9,1,12,3.0,69047.72894688007,12784,53485.72894688007,1,1,0,0,1,0,1,0,0
28,16,4,2,1,2,3,3,5661,0,8,3,0,0,3,2.0,69047.72894688007,12784,63386.72894688007,0,1,0,0,0,0,1,0,0
30,39,2,3,4,1,1,4,10980,2,13,3,5,1,8,2.0,69047.72894688007,12784,58067.72894688007,0,0,0,1,0,0,0,1,0
35,47,2,1,3,3,1,4,3000,1,5,2,4,1,6,2.33,69047.72894688007,12784,66047.72894688007,1,0,0,0,0,1,0,0,0
58,25,4,1,4,1,4,3,10306,3,16,5,9,1,14,3.0,69047.72894688007,12784,58741.72894688007,1,0,0,1,0,0,0,1,0
56,2,4,2,3,1,2,4,10317,2,18,7,1,0,8,2.0,102997.714045,2542,92680.714045,1,1,0,1,0,0,0,1,0
49,24,2,2,1,1,3,3,15142,2,1,9,2,0,11,1.67,69047.72894688007,12784,53905.72894688007,1,1,0,0,1,0,0,0,0
37,26,1,3,3,2,3,4,8378,1,27,12,2,0,14,2.67,69047.72894688007,12784,60669.72894688007,0,0,0,1,0,0,0,1,1
45,42,3,1,2,1,4,3,8741,4,20,1,6,1,7,2.33,69047.72894688007,12784,60306.72894688007,0,0,0,1,0,0,0,1,0
56,49,1,3,5,2,3,2,18172,4,18,4,6,1,10,3.33,69047.72894688007,12784,50875.72894688007,0,0,0,0,1,0,0,1,0
56,24,1,1,4,3,2,4,6649,4,3,7,2,0,9,3.0,69047.72894688007,12784,62398.72894688007,1,0,1,0,0,1,0,0,0
56,44,1,1,4,1,1,2,13002,2,22,10,3,1,13,2.0,69047.72894688007,12784,56045.72894688007,0,1,0,1,0,0,0,1,0
45,5,1,3,4,2,1,2,8259,2,11,10,2,0,12,2.33,69047.72894688007,12784,60788.72894688007,0,0,0,1,0,0,0,1,0
51,36,2,5,1,4,1,3,10589,4,19,6,9,1,15,2.0,69047.72894688007,12784,58458.72894688007,1,1,0,1,0,0,0,1,0
31,16,2,2,4,2,3,2,4114,4,13,1,9,1,10,3.0,102997.714045,2542,98883.714045,1,0,0,0,0,0,0,1,1
47,10,4,5,3,3,4,4,16124,1,2,4,3,1,7,3.33,102997.714045,2542,86873.714045,1,0,1,0,1,0,0,0,0
35,36,4,5,3,2,3,2,16990,3,27,2,0,0,2,2.67,102997.714045,2542,86007.714045,0,0,0,0,1,0,0,1,0
29,19,4,1,3,4,2,4,10521,2,29,2,0,0,2,3.0,69047.72894688007,12784,58526.72894688007,0,0,1,1,0,0,0,1,0
34,23,4,5,1,2,2,4,14675,3,29,14,3,1,17,1.67,102997.714045,2542,88322.714045,1,0,1,0,1,0,0,1,0
34,9,3,1,3,1,4,3,2742,1,2,2,2,0,4,2.67,61845.10984536083,269,59103.10984536083,0,0,1,0,0,0,0,0,1
39,6,4,1,3,4,1,2,10052,4,3,10,0,0,10,2.67,102997.714045,2542,92945.714045,0,1,0,1,0,1,0,0,0
25,2,4,1,1,1,3,2,3424,7,4,3,0,0,3,1.67,89817.88593023256,119,86393.88593023256,0,1,0,0,0,1,0,0,0
43,19,1,5,2,4,2,3,3757,4,25,4,5,1,9,2.67,69047.72894688007,12784,65290.72894688007,0,0,0,0,0,0,0,1,0
54,21,2,4,1,1,2,3,17867,1,11,4,6,1,10,1.33,102997.714045,2542,85130.714045,0,0,1,0,1,0,0,1,1
31,3,3,1,1,3,4,4,3065,1,4,2,2,0,4,2.67,89817.88593023256,119,86752.88593023256,1,0,0,0,0,1,0,0,0
42,38,3,5,3,3,2,4,11323,2,22,5,9,1,14,2.67,102997.714045,2542,91674.714045,0,1,0,1,0,0,0,1,1
57,45,2,4,5,4,2,3,5082,3,5,12,0,0,12,3.67,69047.72894688007,12784,63965.72894688007,1,0,0,0,0,1,0,0,0
52,32,4,4,4,1,4,2,17113,2,5,4,7,1,11,3.0,69047.72894688007,12784,51934.72894688007,1,1,0,0,1,1,0,0,0
52,11,2,3,2,3,2,2,19483,2,21,13,6,1,19,2.33,69047.72894688007,12784,49564.72894688007,0,0,0,0,1,0,0,1,0
34,13,1,3,5,2,4,2,13159,3,1,10,1,0,11,3.67,69047.72894688007,12784,55888.72894688007,0,0,0,1,0,0,0,0,0
50,45,2,3,2,3,2,1,13989,3,15,5,2,0,7,2.33,69047.72894688007,12784,55058.72894688007,0,0,0,0,1,0,0,1,0
27,34,2,4,5,4,3,1,14786,1,10,3,1,0,4,4.0,102997.714045,2542,88211.714045,0,0,1,0,1,0,1,0,0
45,25,4,3,2,1,4,3,7426,2,27,5,8,1,13,2.33,102997.714045,2542,95571.714045,1,0,0,0,0,0,0,1,0
29,12,3,4,5,1,3,2,19402,3,1,1,5,1,6,3.0,69047.72894688007,12784,49645.72894688007,1,0,1,0,1,0,0,0,1
26,27,1,2,5,4,1,2,5688,2,29,1,8,1,9,3.33,69047.72894688007,12784,63359.72894688007,0,1,0,0,0,0,0,1,1
54,43,2,4,3,2,4,4,12616,3,19,10,4,1,14,3.0,69047.72894688007,12784,56431.72894688007,1,0,0,1,0,0,0,1,1
43,29,2,2,2,1,1,4,15629,4,13,5,2,0,7,1.33,102997.714045,2542,87368.714045,1,0,0,0,1,0,0,1,0
23,26,1,3,1,2,4,4,13133,2,6,9,7,1,16,2.33,69047.72894688007,12784,55914.72894688007,0,0,1,1,0,0,1,0,0
33,9,3,1,4,1,2,3,2781,0,14,10,4,1,14,2.33,89817.88593023256,119,87036.88593023256,0,0,1,0,0,0,0,1,0
31,41,1,2,5,2,4,3,5156,3,3,9,4,1,13,3.67,69047.72894688007,12784,63891.72894688007,0,1,0,0,0,1,0,0,1
25,24,3,5,2,4,4,1,19085,2,1,14,2,0,16,3.33,102997.714045,2542,83912.714045,0,0,0,0,1,0,0,0,0
51,1,4,5,4,3,3,4,17429,2,4,5,4,1,9,3.33,102997.714045,2542,85568.714045,0,1,0,0,1,1,0,0,0
35,37,3,3,1,3,2,3,18229,1,10,7,2,0,9,2.0,69047.72894688007,12784,50818.72894688007,0,0,1,0,1,0,1,0,0
33,49,3,5,1,1,4,4,7740,4,25,8,5,1,13,2.0,69047.72894688007,12784,61307.72894688007,0,1,0,1,0,0,0,1,0
33,18,3,1,4,3,3,3,13482,4,5,3,9,1,12,3.33,69047.72894688007,12784,55565.72894688007,0,0,1,1,0,1,0,0,1
47,6,1,4,3,4,2,3,3066,3,16,14,2,0,16,3.0,102997.714045,2542,99931.714045,1,1,0,0,0,0,0,1,0
47,37,1,4,5,4,4,1,18831,4,16,12,6,1,18,4.33,69047.72894688007,12784,50216.72894688007,0,1,0,0,1,0,0,1,1
41,19,2,4,5,3,2,3,5809,2,2,13,2,0,15,3.33,69047.72894688007,12784,63238.72894688007,1,1,0,0,0,0,0,0,0
54,37,1,3,3,2,2,4,8082,2,25,5,1,0,6,2.33,69047.72894688007,12784,60965.72894688007,1,0,0,1,0,0,0,1,1
20,49,1,3,2,2,2,3,10812,1,8,6,2,0,8,2.0,69047.72894688007,12784,58235.72894688007,1,0,1,1,0,0,1,0,1
57,5,3,5,1,2,3,3,12474,1,27,9,6,1,15,2.0,69047.72894688007,12784,56573.72894688007,1,1,0,1,0,0,0,1,0
33,23,2,5,3,2,3,2,3916,3,16,1,1,0,2,2.67,69047.72894688007,12784,65131.72894688007,0,1,0,0,0,0,0,1,1
27,17,3,1,2,1,3,4,9244,4,3,8,5,1,13,2.0,69047.72894688007,12784,59803.72894688007,1,0,1,1,0,1,0,0,0
36,10,3,3,4,2,4,2,9980,1,10,3,9,1,12,3.33,91683.75438596492,139,81703.75438596492,0,1,0,1,0,0,1,0,0
33,14,2,5,4,1,3,2,5168,2,18,6,1,0,7,2.67,69047.72894688007,12784,63879.72894688007,0,0,1,0,0,0,0,1,0
29,21,2,4,2,2,1,4,17928,4,23,9,8,1,17,1.67,69047.72894688007,12784,51119.72894688007,1,0,1,0,1,0,0,1,0
26,30,3,5,1,2,3,4,16760,1,19,9,0,0,9,2.0,69047.72894688007,12784,52287.72894688007,1,0,0,0,1,0,0,1,0
40,2,3,2,4,3,3,3,4661,1,9,8,8,1,16,3.33,89817.88593023256,119,85156.88593023256,0,1,0,0,0,0,1,0,0
52,14,2,2,4,3,4,3,13937,2,2,2,9,1,11,3.67,69047.72894688007,12784,55110.72894688007,0,1,0,0,1,0,0,0,1
47,15,3,4,2,4,2,2,15006,4,9,10,8,1,18,2.67,102997.714045,2542,87991.714045,0,0,0,0,1,0,1,0,0
43,48,4,2,5,1,2,3,13396,2,25,10,1,0,11,2.67,69047.72894688007,12784,55651.72894688007,1,0,1,1,0,0,0,1,0
54,34,4,5,3,4,4,3,7045,3,11,13,7,1,20,3.67,69047.72894688007,12784,62002.72894688007,0,1,0,0,0,0,0,1,0
53,46,4,5,5,2,1,1,5969,3,18,3,1,0,4,2.67,69047.72894688007,12784,63078.72894688007,0,0,1,0,0,0,0,1,0
22,25,2,3,1,4,4,3,12018,4,4,1,4,1,5,3.0,69047.72894688007,12784,57029.72894688007,1,0,1,1,0,1,0,0,0
29,18,1,3,2,4,2,4,13292,1,1,6,5,1,11,2.67,69047.72894688007,12784,55755.72894688007,1,0,1,1,0,0,0,0,0
52,4,2,2,4,2,3,1,13214,1,17,5,9,1,14,3.0,102997.714045,2542,89783.714045,1,0,1,1,0,0,0,1,0
40,8,1,1,5,2,3,3,6386,4,2,9,2,0,11,3.33,69047.72894688007,12784,62661.72894688007,0,0,1,0,0,0,0,0,0
36,14,3,3,2,2,3,3,13644,4,16,4,9,1,13,2.33,69047.72894688007,12784,55403.72894688007,1,1,0,1,0,0,0,1,0
32,4,3,3,5,2,4,4,9675,4,24,9,2,0,11,3.67,69047.72894688007,12784,59372.72894688007,1,0,0,1,0,0,0,1,1
44,33,1,5,1,4,2,4,4916,4,3,3,3,1,6,2.33,102997.714045,2542,98081.714045,0,0,1,0,0,1,0,0,0
27,25,4,2,1,2,3,2,10985,2,11,6,2,0,8,2.0,69047.72894688007,12784,58062.72894688007,0,1,0,1,0,0,0,1,0
23,10,1,5,4,3,3,3,13723,1,14,11,0,0,11,3.33,69047.72894688007,12784,55324.72894688007,0,0,1,1,0,0,0,1,0
54,39,1,2,3,4,4,4,16054,3,29,13,2,0,15,3.67,69047.72894688007,12784,52993.72894688007,1,1,0,0,1,0,0,1,0
28,21,4,5,3,4,4,2,14988,2,7,7,9,1,16,3.67,69047.72894688007,12784,54059.72894688007,0,1,0,0,1,0,1,0,0
26,10,3,2,4,3,1,3,4684,1,5,3,1,0,4,2.67,91683.75438596492,139,86999.75438596492,0,1,0,0,0,1,0,0,0
56,35,3,2,1,4,1,2,4144,2,28,11,4,1,15,2.0,69047.72894688007,12784,64903.72894688007,1,0,0,0,0,0,0,1,1
54,33,1,1,2,3,1,3,15154,3,7,7,1,0,8,2.0,69047.72894688007,12784,53893.72894688007,0,0,1,0,1,0,1,0,0
59,40,4,2,4,1,2,2,5925,2,1,12,6,1,18,2.33,102997.714045,2542,97072.714045,1,1,0,0,0,0,0,0,0
48,42,4,4,4,4,3,4,14815,3,26,2,2,0,4,3.67,69047.72894688007,12784,54232.72894688007,1,0,1,0,1,0,0,1,0
29,27,3,3,4,2,4,2,7639,1,10,4,1,0,5,3.33,91683.75438596492,139,84044.75438596492,0,0,1,1,0,0,1,0,1
48,31,2,3,1,1,1,1,15322,3,19,9,4,1,13,1.0,69047.72894688007,12784,53725.72894688007,0,1,0,0,1,0,0,1,0
58,17,1,3,5,3,1,4,12661,4,2,12,7,1,19,3.0,69047.72894688007,12784,56386.72894688007,1,0,0,1,0,0,0,0,0
35,47,2,3,3,3,1,2,10788,1,29,9,3,1,12,2.33,69047.72894688007,12784,58259.72894688007,1,0,1,1,0,0,0,1,0
40,2,3,2,1,2,3,2,12264,3,10,14,7,1,21,2.0,69047.72894688007,12784,56783.72894688007,1,0,0,1,0,0,1,0,1
38,35,4,5,3,3,1,1,9725,1,17,4,2,0,6,2.33,69047.72894688007,12784,59322.72894688007,0,0,0,1,0,0,0,1,0
44,29,4,3,2,4,3,4,18691,2,15,2,1,0,3,3.0,69047.72894688007,12784,50356.72894688007,1,0,0,0,1,0,0,1,0
56,19,3,1,5,4,4,3,10412,2,3,7,8,1,15,4.33,69047.72894688007,12784,58635.72894688007,0,0,0,1,0,1,0,0,0
55,45,4,1,4,3,2,2,18084,1,9,7,3,1,10,3.0,102997.714045,2542,84913.714045,1,0,0,0,1,0,1,0,0
29,14,1,3,5,2,1,1,10787,1,16,13,6,1,19,2.67,69047.72894688007,12784,58260.72894688007,0,0,1,1,0,0,0,1,0
41,4,4,2,2,3,2,1,6933,4,13,1,7,1,8,2.33,69047.72894688007,12784,62114.72894688007,0,0,1,0,0,0,0,1,0
33,4,3,2,2,4,4,2,3055,5,9,8,1,0,9,3.33,89817.88593023256,119,86762.88593023256,0,0,0,0,0,0,1,0,0
44,14,2,3,4,4,1,1,6141,4,20,1,0,0,1,3.0,69047.72894688007,12784,62906.72894688007,1,0,0,0,0,0,0,1,0
48,36,3,2,2,2,4,1,5593,1,21,11,4,1,15,2.67,69047.72894688007,12784,63454.72894688007,0,0,1,0,0,0,0,1,0
33,11,2,4,4,4,4,4,3686,4,5,4,7,1,11,4.0,69047.72894688007,12784,65361.72894688007,0,0,0,0,0,1,0,0,0
54,43,2,1,4,3,3,2,12256,1,22,6,0,0,6,3.33,102997.714045,2542,90741.714045,1,0,1,1,0,0,0,1,0
37,1,3,1,4,4,2,3,2115,1,17,12,5,1,17,3.33,89817.88593023256,119,87702.88593023256,0,1,0,0,0,0,0,1,0
59,33,4,2,3,2,4,2,15894,1,17,6,8,1,14,3.0,69047.72894688007,12784,53153.72894688007,1,1,0,0,1,0,0,1,0
59,21,4,3,5,3,4,2,5572,3,22,8,5,1,13,4.0,69047.72894688007,12784,63475.72894688007,0,1,0,0,0,0,0,1,0
46,5,4,1,2,4,1,1,4117,2,10,5,9,1,14,2.33,69047.72894688007,12784,64930.72894688007,1,1,0,0,0,0,1,0,0
49,19,4,2,2,4,4,1,11134,4,10,12,8,1,20,3.33,69047.72894688007,12784,57913.72894688007,1,0,1,1,0,0,1,0,0
27,17,3,1,2,3,4,2,3058,0,5,2,1,0,3,3.0,89817.88593023256,119,86759.88593023256,1,0,1,0,0,1,0,0,0
23,12,1,3,1,4,2,1,5751,4,26,8,9,1,17,2.33,69047.72894688007,12784,63296.72894688007,1,0,0,0,0,0,0,1,0
38,32,4,3,2,4,4,2,7811,2,20,9,8,1,17,3.33,69047.72894688007,12784,61236.72894688007,1,0,1,1,0,0,0,1,0
59,22,2,1,1,3,2,4,11675,2,19,12,6,1,18,2.0,69047.72894688007,12784,57372.72894688007,0,1,0,1,0,0,0,1,0
43,28,3,3,4,1,3,2,14822,4,19,10,2,0,12,2.67,69047.72894688007,12784,54225.72894688007,1,0,0,0,1,0,0,1,0
35,1,1,3,4,3,4,4,18598,2,8,2,6,1,8,3.67,69047.72894688007,12784,50449.72894688007,1,0,1,0,1,0,1,0,0
49,2,3,1,3,1,2,2,17901,1,8,6,3,1,9,2.0,102997.714045,2542,85096.714045,0,1,0,0,1,0,1,0,0
56,19,1,1,2,2,3,3,16082,1,5,14,8,1,22,2.33,69047.72894688007,12784,52965.72894688007,0,0,1,0,1,1,0,0,0
33,45,2,3,2,1,4,4,13668,1,24,14,1,0,15,2.33,69047.72894688007,12784,55379.72894688007,0,1,0,1,0,0,0,1,0
26,11,4,4,1,1,2,1,13285,2,24,1,7,1,8,1.33,69047.72894688007,12784,55762.72894688007,0,0,0,1,0,0,0,1,0
23,28,1,4,3,4,2,2,12381,2,23,2,8,1,10,3.0,69047.72894688007,12784,56666.72894688007,0,0,0,1,0,0,0,1,1
35,20,3,1,5,2,1,1,4401,2,22,14,2,0,16,2.67,69047.72894688007,12784,64646.72894688007,0,1,0,0,0,0,0,1,0
22,23,4,5,2,3,2,1,17314,1,7,1,9,1,10,2.33,69047.72894688007,12784,51733.72894688007,1,1,0,0,1,0,1,0,0
46,1,2,3,1,3,3,2,10673,2,10,9,9,1,18,2.33,69047.72894688007,12784,58374.72894688007,1,0,1,1,0,0,1,0,0
57,47,4,4,3,2,2,1,6298,4,7,13,8,1,21,2.33,69047.72894688007,12784,62749.72894688007,0,0,1,0,0,0,1,0,1
51,3,4,3,4,4,2,3,12655,4,26,13,0,0,13,3.33,69047.72894688007,12784,56392.72894688007,1,0,0,1,0,0,0,1,0
53,9,4,5,2,1,1,3,5785,4,12,3,0,0,3,1.33,69047.72894688007,12784,63262.72894688007,0,1,0,0,0,0,0,1,0
35,9,3,2,3,2,2,3,5098,1,10,7,0,0,7,2.33,89817.88593023256,119,84719.88593023256,0,1,0,0,0,0,1,0,0
54,48,3,1,4,1,1,4,3608,2,1,10,3,1,13,2.0,102997.714045,2542,99389.714045,0,1,0,0,0,0,0,0,0
28,16,3,1,3,3,3,2,2144,1,5,3,1,0,4,3.0,89817.88593023256,119,87673.88593023256,0,1,0,0,0,1,0,0,0
52,1,2,5,4,1,3,3,12036,3,2,9,7,1,16,2.67,69047.72894688007,12784,57011.72894688007,0,0,0,1,0,0,0,0,0
50,36,4,2,4,4,3,4,5879,1,4,5,4,1,9,3.67,69047.72894688007,12784,63168.72894688007,0,1,0,0,0,1,0,0,0
54,8,1,4,1,2,3,4,7450,1,14,7,6,1,13,2.0,69047.72894688007,12784,61597.72894688007,0,0,1,0,0,0,0,1,0
51,20,4,1,2,3,3,4,15900,4,29,1,8,1,9,2.67,102997.714045,2542,87097.714045,1,0,0,0,1,0,0,1,0
59,7,4,2,3,1,3,4,3752,2,21,9,1,0,10,2.33,69047.72894688007,12784,65295.72894688007,0,1,0,0,0,0,0,1,0
40,24,4,3,3,1,4,4,12725,1,13,6,6,1,12,2.67,102997.714045,2542,90272.714045,1,1,0,1,0,0,0,1,0
34,20,2,1,1,1,1,2,8774,2,14,10,1,0,11,1.0,69047.72894688007,12784,60273.72894688007,1,0,0,1,0,0,0,1,0
45,37,2,5,3,1,1,3,5247,4,7,10,1,0,11,1.67,69047.72894688007,12784,63800.72894688007,1,0,1,0,0,0,1,0,0
52,20,4,5,5,4,4,4,11312,2,15,10,7,1,17,4.33,69047.72894688007,12784,57735.72894688007,1,1,0,1,0,0,0,1,0
50,36,2,3,3,4,1,1,6123,1,10,6,6,1,12,2.67,69047.72894688007,12784,62924.72894688007,1,0,1,0,0,0,1,0,1
40,20,3,3,4,1,4,3,10322,4,11,10,11,1,21,3.0,69047.72894688007,12784,58725.72894688007,0,0,1,1,0,0,0,1,0
44,45,1,1,1,2,3,1,3986,4,15,14,3,1,17,2.0,69047.72894688007,12784,65061.72894688007,0,0,0,0,0,0,0,1,1
30,34,4,4,1,1,2,1,19469,3,4,7,6,1,13,1.33,102997.714045,2542,83528.714045,0,0,1,0,1,1,0,0,0
27,34,4,3,3,2,3,1,9212,3,7,10,8,1,18,2.67,69047.72894688007,12784,59835.72894688007,1,0,0,1,0,0,1,0,1
38,3,3,2,4,2,3,3,6861,8,1,0,0,0,0,3.0,91683.75438596492,139,84822.75438596492,1,1,0,0,0,0,0,0,0
46,24,3,2,3,2,2,3,5596,2,1,4,6,1,10,2.33,69047.72894688007,12784,63451.72894688007,1,1,0,0,0,0,0,0,0
31,26,1,3,4,4,2,2,9841,4,3,8,8,1,16,3.33,69047.72894688007,12784,59206.72894688007,1,0,1,1,0,1,0,0,0
53,12,4,1,5,3,3,3,11849,4,26,6,2,0,8,3.67,102997.714045,2542,91148.714045,0,1,0,1,0,0,0,1,0
30,2,3,2,1,1,2,2,4727,2,14,7,1,0,8,1.33,69047.72894688007,12784,64320.72894688007,0,1,0,0,0,0,0,1,0
58,32,4,3,1,4,1,1,16657,4,24,10,4,1,14,2.0,69047.72894688007,12784,52390.72894688007,0,0,0,0,1,0,0,1,0
35,7,2,1,4,3,4,2,2690,1,1,0,0,0,0,3.67,17372.83423076923,33,14682.83423076923,0,0,1,0,0,0,0,0,0
48,46,1,5,1,4,4,3,11751,1,9,12,1,0,13,3.0,69047.72894688007,12784,57296.72894688007,0,0,1,1,0,0,1,0,0
45,37,1,4,3,2,1,2,6077,4,10,9,3,1,12,2.0,69047.72894688007,12784,62970.72894688007,0,1,0,0,0,0,1,0,0
24,49,2,5,4,3,1,3,14950,1,28,13,3,1,16,2.67,69047.72894688007,12784,54097.72894688007,0,0,1,0,1,0,0,1,1
33,49,3,3,1,2,4,3,8853,3,5,2,6,1,8,2.33,69047.72894688007,12784,60194.72894688007,0,0,1,1,0,1,0,0,0
32,6,3,5,1,1,1,2,16146,2,16,14,2,0,16,1.0,69047.72894688007,12784,52901.72894688007,0,0,0,0,1,0,0,1,0
34,17,2,5,4,4,2,3,3006,1,2,2,0,0,2,3.33,69047.72894688007,12784,66041.72894688007,0,0,0,0,0,0,0,0,0
40,33,4,2,4,3,1,2,6478,1,24,10,3,1,13,2.67,102997.714045,2542,96519.714045,1,0,1,0,0,0,0,1,0
55,49,4,1,2,1,2,1,19766,4,28,10,9,1,19,1.67,102997.714045,2542,83231.714045,0,0,0,0,1,0,0,1,0
33,10,1,1,4,1,1,3,3408,7,4,3,1,0,4,2.0,17372.83423076923,33,13964.83423076923,0,0,0,0,0,1,0,0,1
29,16,3,2,5,1,3,2,6892,1,6,8,7,1,15,3.0,69047.72894688007,12784,62155.72894688007,0,0,1,0,0,0,1,0,0
36,5,1,5,4,1,3,4,19684,3,14,10,5,1,15,2.67,102997.714045,2542,83313.714045,1,0,1,0,1,0,0,1,0
32,46,2,5,1,4,4,2,3850,4,4,12,4,1,16,3.0,69047.72894688007,12784,65197.72894688007,0,0,0,0,0,1,0,0,0
45,4,3,5,1,2,2,1,4661,3,6,11,7,1,18,1.67,69047.72894688007,12784,64386.72894688007,0,0,0,0,0,0,1,0,0
37,39,1,1,5,2,1,2,3878,1,14,14,5,1,19,2.67,69047.72894688007,12784,65169.72894688007,1,0,1,0,0,0,0,1,0
59,25,3,3,1,1,4,2,7637,7,21,16,7,1,23,2.0,91683.75438596492,139,84046.75438596492,0,1,0,1,0,0,0,1,0
39,19,3,4,2,1,4,1,19348,1,10,14,8,1,22,2.33,69047.72894688007,12784,49699.72894688007,0,0,0,0,1,0,1,0,1
25,15,1,5,2,1,3,1,12236,2,29,4,2,0,6,2.0,69047.72894688007,12784,56811.72894688007,1,0,1,1,0,0,0,1,0
37,38,3,3,3,1,3,4,16685,1,8,5,9,1,14,2.33,69047.72894688007,12784,52362.72894688007,1,1,0,0,1,0,1,0,0
34,22,3,1,1,3,2,2,8844,2,28,5,1,0,6,2.0,69047.72894688007,12784,60203.72894688007,0,0,0,1,0,0,0,1,0
42,3,4,3,2,1,4,4,11802,4,14,4,1,0,5,2.33,69047.72894688007,12784,57245.72894688007,0,0,1,1,0,0,0,1,0
50,15,4,2,4,2,1,1,19778,1,7,6,3,1,9,2.33,69047.72894688007,12784,49269.72894688007,1,0,1,0,1,0,1,0,0
47,16,2,4,2,1,3,4,7277,4,12,2,0,0,2,2.0,102997.714045,2542,95720.714045,1,0,0,0,0,0,0,1,1
52,33,1,2,1,2,2,4,13659,2,24,3,4,1,7,1.67,102997.714045,2542,89338.714045,1,1,0,1,0,0,0,1,0
46,48,1,2,2,4,4,2,7174,3,20,6,8,1,14,3.33,69047.72894688007,12784,61873.72894688007,1,0,0,0,0,0,0,1,0
55,29,4,3,4,1,3,2,5564,4,4,12,3,1,15,2.67,102997.714045,2542,97433.714045,1,0,0,0,0,1,0,0,1
31,5,3,1,2,4,3,2,2789,1,2,2,2,0,4,3.0,69047.72894688007,12784,66258.72894688007,0,0,0,0,0,0,0,0,0
55,6,4,2,4,3,1,3,7261,1,10,3,9,1,12,2.67,102997.714045,2542,95736.714045,1,1,0,0,0,0,1,0,0
21,15,2,2,2,3,4,4,6105,2,13,6,3,1,9,3.0,69047.72894688007,12784,62942.72894688007,0,0,0,0,0,0,0,1,1
46,1,3,3,1,2,3,3,10453,1,24,13,15,1,28,2.0,91683.75438596492,139,81230.75438596492,0,0,0,1,0,0,0,1,0
24,31,4,5,1,1,4,2,14659,1,26,6,8,1,14,2.0,102997.714045,2542,88338.714045,0,1,0,0,1,0,0,1,1
23,11,4,3,3,1,3,1,12049,4,12,13,4,1,17,2.33,69047.72894688007,12784,56998.72894688007,0,0,0,1,0,0,0,1,0
52,46,1,5,2,2,2,1,9487,3,21,6,2,0,8,2.0,69047.72894688007,12784,59560.72894688007,0,1,0,1,0,0,0,1,0
21,21,3,5,1,2,2,1,10413,4,19,6,7,1,13,1.67,69047.72894688007,12784,58634.72894688007,1,1,0,1,0,0,0,1,0
45,25,3,5,2,2,3,3,18061,3,0,0,0,0,0,2.33,102997.714045,2542,84936.714045,0,1,0,0,1,0,0,0,0
56,39,2,1,1,4,1,2,3729,1,29,13,3,1,16,2.0,69047.72894688007,12784,65318.72894688007,1,0,0,0,0,0,0,1,0
24,12,3,5,1,3,3,3,17351,2,26,1,7,1,8,2.33,69047.72894688007,12784,51696.72894688007,1,1,0,0,1,0,0,1,0
32,21,1,4,1,1,4,3,19388,2,18,11,0,0,11,2.0,69047.72894688007,12784,49659.72894688007,1,1,0,0,1,0,0,1,0
35,17,3,2,1,3,4,3,8966,3,7,7,1,0,8,2.67,91683.75438596492,139,82717.75438596492,1,0,1,1,0,0,1,0,0
43,36,2,1,2,1,3,2,9886,3,18,13,1,0,14,2.0,69047.72894688007,12784,59161.72894688007,1,0,1,1,0,0,0,1,0
52,8,3,1,1,3,3,1,2950,9,5,4,0,0,4,2.33,17372.83423076923,33,14422.83423076923,0,0,1,0,0,1,0,0,0
27,2,3,3,5,2,4,1,6860,1,14,5,1,0,6,3.67,69047.72894688007,12784,62187.72894688007,0,1,0,0,0,0,0,1,0
37,19,1,4,4,3,2,4,9903,2,17,3,3,1,6,3.0,69047.72894688007,12784,59144.72894688007,0,0,1,1,0,0,0,1,1
54,49,2,4,5,2,1,1,5073,2,4,10,3,1,13,2.67,102997.714045,2542,97924.714045,1,0,1,0,0,1,0,0,1
43,42,2,2,4,2,2,4,18470,2,29,5,6,1,11,2.67,102997.714045,2542,84527.714045,0,0,1,0,1,0,0,1,0
49,11,3,2,4,4,3,4,4507,3,5,1,0,0,1,3.67,91683.75438596492,139,87176.75438596492,0,1,0,0,0,1,0,0,0
59,1,2,2,3,1,4,2,5473,7,4,3,1,0,4,2.67,91683.75438596492,139,86210.75438596492,0,1,0,0,0,1,0,0,0
25,23,3,5,5,3,1,3,10861,3,10,1,8,1,9,3.0,102997.714045,2542,92136.714045,0,0,0,1,0,0,1,0,0
41,27,1,5,4,3,3,2,16453,2,5,1,9,1,10,3.33,69047.72894688007,12784,52594.72894688007,0,1,0,0,1,1,0,0,0
46,7,3,3,3,4,2,3,10845,6,8,7,0,0,7,3.0,69047.72894688007,12784,58202.72894688007,0,0,0,1,0,0,1,0,0
23,8,2,1,3,4,1,3,3989,1,5,4,1,0,5,2.67,17372.83423076923,33,13383.83423076923,1,1,0,0,0,1,0,0,1
39,28,2,2,4,1,3,3,15354,3,20,4,6,1,10,2.67,102997.714045,2542,87643.714045,0,0,0,0,1,0,0,1,0
37,11,1,5,4,2,4,4,12714,2,1,1,6,1,7,3.33,69047.72894688007,12784,56333.72894688007,1,1,0,1,0,0,0,0,0
47,35,1,4,4,2,1,2,16100,2,9,9,7,1,16,2.33,69047.72894688007,12784,52947.72894688007,1,0,0,0,1,0,1,0,0
40,13,1,3,5,1,2,2,16759,4,18,10,5,1,15,2.67,69047.72894688007,12784,52288.72894688007,0,0,1,0,1,0,0,1,0
33,39,1,4,1,1,3,1,12572,4,4,8,9,1,17,1.67,69047.72894688007,12784,56475.72894688007,0,0,0,1,0,1,0,0,0
38,36,3,4,5,2,3,3,5618,2,25,3,3,1,6,3.33,69047.72894688007,12784,63429.72894688007,1,1,0,0,0,0,0,1,0
21,37,1,4,5,4,4,3,19896,2,5,8,1,0,9,4.33,69047.72894688007,12784,49151.72894688007,1,0,1,0,1,1,0,0,0
56,2,1,2,4,4,3,1,15960,3,10,6,5,1,11,3.67,69047.72894688007,12784,53087.72894688007,1,0,0,0,1,0,1,0,0
21,34,4,5,4,2,4,4,6082,2,2,12,9,1,21,3.33,69047.72894688007,12784,62965.72894688007,1,0,1,0,0,0,0,0,0
51,13,3,1,2,4,1,2,18670,4,13,4,9,1,13,2.33,69047.72894688007,12784,50377.72894688007,0,1,0,0,1,0,0,1,0
39,29,2,4,4,3,4,2,3522,4,10,3,0,0,3,3.67,69047.72894688007,12784,65525.72894688007,1,1,0,0,0,0,1,0,0
34,5,2,5,2,4,4,2,8080,1,13,2,1,0,3,3.33,69047.72894688007,12784,60967.72894688007,1,0,1,1,0,0,0,1,1
40,40,1,5,5,1,2,1,19171,3,14,3,0,0,3,2.67,69047.72894688007,12784,49876.72894688007,1,0,0,0,1,0,0,1,0
45,34,3,2,5,1,1,4,4242,2,23,8,4,1,12,2.33,69047.72894688007,12784,64805.72894688007,0,0,1,0,0,0,0,1,1
44,49,1,1,3,1,2,3,12818,3,28,4,4,1,8,2.0,69047.72894688007,12784,56229.72894688007,1,0,1,1,0,0,0,1,0
28,28,3,2,4,1,2,3,10482,4,2,10,3,1,13,2.33,102997.714045,2542,92515.714045,1,0,0,1,0,0,0,0,0
38,9,3,1,4,3,3,3,2288,1,2,2,2,0,4,3.33,17372.83423076923,33,15084.83423076923,0,1,0,0,0,0,0,0,0
42,2,3,2,4,3,2,3,4089,1,10,2,2,0,4,3.0,69047.72894688007,12784,64958.72894688007,0,0,1,0,0,0,1,0,0
35,31,1,5,4,1,2,4,10550,2,3,3,3,1,6,2.33,102997.714045,2542,92447.714045,1,0,1,1,0,1,0,0,0
49,17,3,1,4,1,2,1,14077,1,11,9,8,1,17,2.33,69047.72894688007,12784,54970.72894688007,1,1,0,0,1,0,0,1,0
46,20,1,3,3,3,3,1,3751,4,18,7,9,1,16,3.0,102997.714045,2542,99246.714045,1,0,1,0,0,0,0,1,0
41,27,3,1,4,3,4,4,16922,1,4,8,7,1,15,3.67,69047.72894688007,12784,52125.72894688007,1,1,0,0,1,1,0,0,0
53,41,4,4,1,4,4,3,18301,3,7,3,7,1,10,3.0,69047.72894688007,12784,50746.72894688007,1,0,0,0,1,0,1,0,0
41,20,3,1,2,2,4,2,3140,1,4,3,0,0,3,2.67,69047.72894688007,12784,65907.72894688007,1,1,0,0,0,1,0,0,1
50,31,2,5,3,4,4,3,8361,2,22,2,7,1,9,3.67,69047.72894688007,12784,60686.72894688007,0,0,0,1,0,0,0,1,0
30,34,1,2,4,4,4,1,18954,3,1,8,2,0,10,4.0,69047.72894688007,12784,50093.72894688007,1,0,1,0,1,0,0,0,0
56,38,3,3,1,2,3,4,10803,4,12,14,8,1,22,2.0,69047.72894688007,12784,58244.72894688007,0,0,1,1,0,0,0,1,1
43,47,3,1,5,4,4,3,8066,2,24,6,5,1,11,4.33,69047.72894688007,12784,60981.72894688007,1,1,0,1,0,0,0,1,1
56,34,2,3,1,2,4,3,6642,2,8,13,0,0,13,2.33,69047.72894688007,12784,62405.72894688007,0,0,0,0,0,0,1,0,1
28,38,1,2,4,1,3,2,3860,3,11,7,0,0,7,2.67,69047.72894688007,12784,65187.72894688007,0,1,0,0,0,0,0,1,0
41,45,2,2,3,1,1,4,5014,3,28,5,3,1,8,1.67,69047.72894688007,12784,64033.72894688007,0,0,0,0,0,0,0,1,0
37,3,3,2,2,4,1,2,4107,3,4,3,0,0,3,2.33,69047.72894688007,12784,64940.72894688007,0,1,0,0,0,1,0,0,0
51,31,1,3,3,3,3,2,9159,2,8,11,3,1,14,3.0,69047.72894688007,12784,59888.72894688007,0,1,0,1,0,0,1,0,1
30,3,3,1,3,3,3,3,2083,1,1,0,0,0,0,3.0,89817.88593023256,119,87734.88593023256,0,0,0,0,0,0,0,0,0
33,49,3,1,2,3,1,3,17277,3,4,5,1,0,6,2.0,102997.714045,2542,85720.714045,0,1,0,0,1,1,0,0,0
20,11,3,5,5,1,2,3,13009,2,11,9,5,1,14,2.67,69047.72894688007,12784,56038.72894688007,0,0,0,1,0,0,0,1,0
53,31,2,3,2,1,4,4,14109,1,14,11,5,1,16,2.33,69047.72894688007,12784,54938.72894688007,1,1,0,0,1,0,0,1,0
20,15,3,3,1,1,1,3,10733,4,23,12,3,1,15,1.0,69047.72894688007,12784,58314.72894688007,0,0,1,1,0,0,0,1,0
59,2,4,5,2,3,1,4,11820,3,22,1,2,0,3,2.0,69047.72894688007,12784,57227.72894688007,0,0,1,1,0,0,0,1,0
39,5,3,2,4,4,3,4,2086,3,1,0,0,0,0,3.67,69047.72894688007,12784,66961.72894688007,0,0,1,0,0,0,0,0,1
54,9,1,3,5,2,3,2,16526,2,13,13,5,1,18,3.33,69047.72894688007,12784,52521.72894688007,0,0,0,0,1,0,0,1,0
34,2,3,2,4,4,3,3,6274,1,6,5,1,0,6,3.67,91683.75438596492,139,85409.75438596492,0,1,0,0,0,0,1,0,0
51,37,4,1,5,3,4,4,10495,1,19,11,0,0,11,4.0,69047.72894688007,12784,58552.72894688007,0,1,0,1,0,0,0,1,1
51,44,3,3,5,2,1,2,14049,1,13,6,5,1,11,2.67,102997.714045,2542,88948.714045,0,0,0,0,1,0,0,1,0
46,23,2,1,4,4,1,2,6603,2,11,10,6,1,16,3.0,69047.72894688007,12784,62444.72894688007,0,0,0,0,0,0,0,1,0
34,35,3,3,1,4,3,1,8634,2,9,13,8,1,21,2.67,69047.72894688007,12784,60413.72894688007,0,0,0,1,0,0,1,0,0
23,7,4,4,2,1,2,3,10550,2,4,1,4,1,5,1.67,69047.72894688007,12784,58497.72894688007,1,0,1,1,0,1,0,0,0
41,48,2,3,1,4,3,3,12701,4,4,9,9,1,18,2.67,69047.72894688007,12784,56346.72894688007,1,0,0,1,0,1,0,0,0
50,33,4,4,1,1,3,1,12133,4,21,12,9,1,21,1.67,69047.72894688007,12784,56914.72894688007,0,0,0,1,0,0,0,1,0
57,41,1,4,1,3,4,2,4351,3,29,4,5,1,9,2.67,69047.72894688007,12784,64696.72894688007,1,0,1,0,0,0,0,1,0
25,31,2,1,2,4,3,4,19248,3,9,7,3,1,10,3.0,69047.72894688007,12784,49799.72894688007,0,0,0,0,1,0,1,0,0
33,34,1,4,2,4,4,2,3471,4,27,9,0,0,9,3.33,69047.72894688007,12784,65576.72894688007,1,0,1,0,0,0,0,1,0
24,34,1,1,3,2,2,4,6012,1,22,3,7,1,10,2.33,69047.72894688007,12784,63035.72894688007,0,0,0,0,0,0,0,1,0
40,5,4,4,5,3,1,2,19958,3,15,5,7,1,12,3.0,69047.72894688007,12784,49089.72894688007,0,0,1,0,1,0,0,1,0
41,1,2,2,4,4,2,4,4750,4,1,5,0,0,5,3.33,69047.72894688007,12784,64297.72894688007,0,0,1,0,0,0,0,0,0
45,34,3,3,5,3,3,4,4351,2,15,14,9,1,23,3.67,69047.72894688007,12784,64696.72894688007,1,0,1,0,0,0,0,1,1
49,48,3,3,3,3,2,1,3261,3,3,12,3,1,15,2.67,69047.72894688007,12784,65786.72894688007,0,1,0,0,0,1,0,0,0
32,38,2,3,2,1,2,1,18196,1,5,14,5,1,19,1.67,69047.72894688007,12784,50851.72894688007,0,0,1,0,1,1,0,0,0
34,30,3,3,1,2,4,4,8227,4,14,10,0,0,10,2.33,69047.72894688007,12784,60820.72894688007,0,0,1,1,0,0,0,1,1
37,4,1,4,3,4,1,3,7536,1,24,12,5,1,17,2.67,69047.72894688007,12784,61511.72894688007,0,0,0,0,0,0,0,1,0
28,44,3,4,5,2,3,1,19721,1,16,11,9,1,20,3.33,102997.714045,2542,83276.714045,1,0,0,0,1,0,0,1,0
22,19,1,5,1,2,1,1,12817,4,22,8,4,1,12,1.33,69047.72894688007,12784,56230.72894688007,0,0,1,1,0,0,0,1,0
40,10,2,2,2,2,2,4,6852,7,5,1,1,0,2,2.0,91683.75438596492,139,84831.75438596492,0,0,0,0,0,1,0,0,0
39,34,4,3,1,1,4,4,11645,1,16,10,1,0,11,2.0,69047.72894688007,12784,57402.72894688007,1,0,1,1,0,0,0,1,0
22,41,4,1,1,2,2,4,18027,3,28,7,2,0,9,1.67,69047.72894688007,12784,51020.72894688007,1,0,1,0,1,0,0,1,0
32,17,2,3,5,4,4,1,6138,1,4,10,8,1,18,4.33,69047.72894688007,12784,62909.72894688007,1,0,1,0,0,1,0,0,0
44,20,3,1,2,4,3,2,3420,1,5,2,1,0,3,3.0,89817.88593023256,119,86397.88593023256,0,1,0,0,0,1,0,0,0
34,14,2,1,5,2,3,2,13597,1,20,2,9,1,11,3.33,102997.714045,2542,89400.714045,1,0,0,1,0,0,0,1,1
48,33,4,5,3,3,3,4,16903,1,28,4,2,0,6,3.0,69047.72894688007,12784,52144.72894688007,1,0,0,0,1,0,0,1,1
22,48,2,4,4,1,4,2,11187,2,6,13,4,1,17,3.0,69047.72894688007,12784,57860.72894688007,1,0,1,1,0,0,1,0,1
20,37,4,1,1,2,3,4,19465,1,4,1,2,0,3,2.0,69047.72894688007,12784,49582.72894688007,1,1,0,0,1,1,0,0,0
51,23,1,5,1,2,3,1,7082,4,24,10,9,1,19,2.0,69047.72894688007,12784,61965.72894688007,0,1,0,0,0,0,0,1,1
19,3,3,1,2,2,4,3,1483,1,1,0,0,0,0,2.67,17372.83423076923,33,15889.83423076923,0,1,0,0,0,0,0,0,0
50,16,3,4,5,2,2,1,16186,4,28,12,0,0,12,3.0,102997.714045,2542,86811.714045,1,0,0,0,1,0,0,1,0
26,7,2,1,2,4,1,3,6575,3,9,1,7,1,8,2.33,102997.714045,2542,96422.714045,0,1,0,0,0,0,1,0,0
21,34,3,4,5,1,2,2,14370,4,7,5,1,0,6,2.67,69047.72894688007,12784,54677.72894688007,1,1,0,0,1,0,1,0,0
20,26,3,1,5,3,2,4,8628,3,2,2,9,1,11,3.33,102997.714045,2542,94369.714045,0,0,0,1,0,0,0,0,0
53,29,4,5,3,1,4,2,5162,4,16,12,9,1,21,2.67,69047.72894688007,12784,63885.72894688007,1,0,1,0,0,0,0,1,0
57,49,2,2,2,3,3,3,6265,1,8,1,4,1,5,2.67,102997.714045,2542,96732.714045,1,0,0,0,0,0,1,0,0
26,26,2,2,2,1,2,2,9782,3,26,12,1,0,13,1.67,69047.72894688007,12784,59265.72894688007,0,0,1,1,0,0,0,1,0
57,46,3,2,3,2,3,2,13891,4,9,11,8,1,19,2.67,102997.714045,2542,89106.714045,0,0,1,0,1,0,1,0,0
40,9,3,2,1,1,4,4,5473,0,8,4,7,1,11,2.0,91683.75438596492,139,86210.75438596492,0,0,1,0,0,0,1,0,0
58,47,1,2,5,2,2,2,18169,4,7,7,9,1,16,3.0,69047.72894688007,12784,50878.72894688007,1,0,1,0,1,0,1,0,0
35,17,2,2,4,3,2,2,18639,2,20,1,3,1,4,3.0,102997.714045,2542,84358.714045,0,1,0,0,1,0,0,1,0
58,29,3,2,3,4,1,3,4911,4,16,1,3,1,4,2.67,69047.72894688007,12784,64136.72894688007,1,1,0,0,0,0,0,1,0
52,47,4,4,2,2,1,2,15914,4,16,13,3,1,16,1.67,69047.72894688007,12784,53133.72894688007,1,0,1,0,1,0,0,1,0
53,10,2,1,5,3,4,1,18037,2,23,8,7,1,15,4.0,102997.714045,2542,84960.714045,1,0,0,0,1,0,0,1,0
28,27,2,4,1,2,4,2,13812,1,13,7,0,0,7,2.33,69047.72894688007,12784,55235.72894688007,0,0,0,0,1,0,0,1,0
41,1,4,3,1,2,3,3,8392,1,10,7,0,0,7,2.0,91683.75438596492,139,83291.75438596492,0,0,1,1,0,0,1,0,0
58,28,4,5,5,4,4,3,15425,4,6,9,3,1,12,4.33,69047.72894688007,12784,53622.72894688007,1,0,0,0,1,0,1,0,0
35,9,2,4,4,3,1,1,16454,2,26,5,1,0,6,2.67,69047.72894688007,12784,52593.72894688007,1,0,1,0,1,0,0,1,0
51,12,2,3,4,4,1,4,11613,1,27,11,9,1,20,3.0,69047.72894688007,12784,57434.72894688007,0,1,0,1,0,0,0,1,0
42,23,2,3,5,2,3,3,12092,2,4,1,3,1,4,3.33,69047.72894688007,12784,56955.72894688007,1,0,1,1,0,1,0,0,0
24,35,3,3,5,1,2,3,14581,4,28,2,1,0,3,2.67,102997.714045,2542,88416.714045,0,0,1,0,1,0,0,1,0
24,23,2,2,2,1,1,2,9950,2,18,8,4,1,12,1.33,69047.72894688007,12784,59097.72894688007,1,0,1,1,0,0,0,1,1
57,49,4,4,5,1,1,4,14584,1,12,13,6,1,19,2.33,69047.72894688007,12784,54463.72894688007,0,1,0,0,1,0,0,1,0
59,27,3,2,4,3,1,3,9799,1,14,7,2,0,9,2.67,69047.72894688007,12784,59248.72894688007,1,0,0,1,0,0,0,1,0
31,13,3,2,3,4,4,4,16923,2,11,13,6,1,19,3.67,69047.72894688007,12784,52124.72894688007,1,0,1,0,1,0,0,1,1
32,13,3,5,3,1,1,3,16444,3,23,13,6,1,19,1.67,69047.72894688007,12784,52603.72894688007,1,1,0,0,1,0,0,1,0
27,2,3,1,1,4,4,3,2341,1,1,0,0,0,0,3.0,17372.83423076923,33,15031.83423076923,0,0,0,0,0,0,0,0,0
47,26,3,1,1,3,2,3,15679,1,13,9,1,0,10,2.0,102997.714045,2542,87318.714045,1,0,1,0,1,0,0,1,0
40,14,3,4,1,4,3,3,5336,1,23,3,7,1,10,2.67,69047.72894688007,12784,63711.72894688007,1,1,0,0,0,0,0,1,0
25,27,3,4,4,1,4,1,6648,4,17,11,1,0,12,3.0,69047.72894688007,12784,62399.72894688007,1,0,1,0,0,0,0,1,0
31,3,1,5,3,4,4,3,8669,3,15,4,9,1,13,3.67,102997.714045,2542,94328.714045,0,1,0,1,0,0,0,1,0
57,48,4,2,1,1,1,4,11127,4,12,4,5,1,9,1.0,69047.72894688007,12784,57920.72894688007,0,1,0,1,0,0,0,1,0
22,25,3,4,2,2,4,1,9296,2,4,1,6,1,7,2.67,102997.714045,2542,93701.714045,1,0,1,1,0,1,0,0,1
46,2,3,5,1,2,4,2,18947,3,2,2,2,0,4,2.33,102997.714045,2542,84050.714045,0,1,0,0,1,0,0,0,0
43,13,4,5,2,1,3,1,4721,4,25,2,4,1,6,2.0,69047.72894688007,12784,64326.72894688007,1,1,0,0,0,0,0,1,0
46,42,3,3,2,3,4,2,18834,1,6,13,3,1,16,3.0,102997.714045,2542,84163.714045,1,1,0,0,1,0,1,0,1
29,45,1,3,5,3,2,1,4626,3,3,1,6,1,7,3.33,69047.72894688007,12784,64421.72894688007,0,0,0,0,0,1,0,0,0
43,9,4,4,4,2,3,1,5616,4,13,7,8,1,15,3.0,69047.72894688007,12784,63431.72894688007,0,0,1,0,0,0,0,1,0
47,44,4,2,4,3,1,3,12125,2,6,10,3,1,13,2.67,69047.72894688007,12784,56922.72894688007,1,0,1,1,0,0,1,0,0
27,48,1,1,1,2,1,4,4116,1,14,8,5,1,13,1.33,69047.72894688007,12784,64931.72894688007,0,0,1,0,0,0,0,1,0
24,42,1,5,4,1,3,4,18021,3,20,13,4,1,17,2.67,69047.72894688007,12784,51026.72894688007,1,1,0,0,1,0,0,1,1
39,6,3,2,5,4,1,3,9515,1,24,5,2,0,7,3.33,69047.72894688007,12784,59532.72894688007,1,1,0,1,0,0,0,1,0
32,11,4,1,2,1,2,2,15591,2,22,12,9,1,21,1.67,69047.72894688007,12784,53456.72894688007,1,0,1,0,1,0,0,1,1
57,11,3,5,3,3,4,3,4256,3,25,1,2,0,3,3.33,69047.72894688007,12784,64791.72894688007,1,0,1,0,0,0,0,1,0
41,26,4,3,1,3,1,2,3376,1,9,8,0,0,8,1.67,102997.714045,2542,99621.714045,1,1,0,0,0,0,1,0,0
50,12,3,5,3,1,1,1,15086,2,17,5,7,1,12,1.67,69047.72894688007,12784,53961.72894688007,0,1,0,0,1,0,0,1,0
43,47,3,5,4,2,2,4,12320,1,25,5,5,1,10,2.67,69047.72894688007,12784,56727.72894688007,1,0,0,1,0,0,0,1,0
26,14,4,3,2,3,4,4,6370,3,27,4,5,1,9,3.0,69047.72894688007,12784,62677.72894688007,0,0,1,0,0,0,0,1,0
41,40,4,3,4,4,2,1,5041,4,15,11,5,1,16,3.33,69047.72894688007,12784,64006.72894688007,1,1,0,0,0,0,0,1,0
21,10,4,4,4,1,4,4,13859,1,23,13,6,1,19,3.0,102997.714045,2542,89138.714045,0,0,1,0,1,0,0,1,0
40,9,3,2,3,3,3,4,3975,3,8,7,0,0,7,3.0,17372.83423076923,33,13397.83423076923,0,0,0,0,0,0,1,0,0
41,25,4,2,3,4,3,1,8893,1,27,2,8,1,10,3.33,69047.72894688007,12784,60154.72894688007,0,1,0,1,0,0,0,1,0
34,9,2,2,3,2,4,4,13662,2,6,11,7,1,18,3.0,69047.72894688007,12784,55385.72894688007,1,0,0,1,0,0,1,0,0
43,33,1,5,1,3,3,1,16740,2,5,5,4,1,9,2.33,69047.72894688007,12784,52307.72894688007,0,1,0,0,1,1,0,0,0
27,26,1,1,1,4,2,1,13785,3,25,13,5,1,18,2.33,102997.714045,2542,89212.714045,1,1,0,0,1,0,0,1,0
36,13,4,3,2,2,1,4,12933,3,15,13,8,1,21,1.67,69047.72894688007,12784,56114.72894688007,0,1,0,1,0,0,0,1,0
23,20,3,1,5,1,2,2,3040,4,7,1,0,0,1,2.67,69047.72894688007,12784,66007.72894688007,1,0,0,0,0,0,1,0,0
40,15,2,5,5,1,3,2,3975,3,23,13,7,1,20,3.0,69047.72894688007,12784,65072.72894688007,1,0,1,0,0,0,0,1,1
44,15,3,3,4,1,4,3,7978,1,10,7,0,0,7,3.0,69047.72894688007,12784,61069.72894688007,0,0,1,1,0,0,1,0,1
41,5,3,5,5,2,1,2,8501,3,9,7,5,1,12,2.67,69047.72894688007,12784,60546.72894688007,0,0,1,1,0,0,1,0,0
26,15,4,4,3,4,2,1,10390,4,17,8,5,1,13,3.0,69047.72894688007,12784,58657.72894688007,1,0,0,1,0,0,0,1,0
46,5,2,3,2,2,1,3,14573,1,27,13,5,1,18,1.67,69047.72894688007,12784,54474.72894688007,1,1,0,0,1,0,0,1,0
36,4,2,2,4,1,3,2,5810,1,10,4,1,0,5,2.67,17372.83423076923,33,11562.83423076923,0,1,0,0,0,0,1,0,0
36,7,3,4,2,4,2,4,14007,1,27,5,7,1,12,2.67,69047.72894688007,12784,55040.72894688007,0,0,1,0,1,0,0,1,1
29,2,3,1,2,3,4,3,2703,0,5,4,0,0,4,3.0,89817.88593023256,119,87114.88593023256,0,0,1,0,0,1,0,0,0
27,35,3,4,4,4,2,3,13090,4,12,10,8,1,18,3.33,69047.72894688007,12784,55957.72894688007,0,0,0,1,0,0,0,1,0
48,49,4,2,5,1,4,1,6279,2,23,8,1,0,9,3.33,69047.72894688007,12784,62768.72894688007,0,0,0,0,0,0,0,1,0
40,49,3,4,3,4,2,4,5001,3,29,13,1,0,14,3.0,102997.714045,2542,97996.714045,1,0,0,0,0,0,0,1,0
38,26,1,2,4,2,3,1,4808,3,19,3,8,1,11,3.0,69047.72894688007,12784,64239.72894688007,0,0,1,0,0,0,0,1,1
54,22,1,4,3,1,1,2,6816,3,5,4,2,0,6,1.67,69047.72894688007,12784,62231.72894688007,0,0,0,0,0,1,0,0,0
53,18,1,4,4,2,4,1,9282,4,19,5,2,0,7,3.33,102997.714045,2542,93715.714045,0,1,0,1,0,0,0,1,0
53,43,2,2,4,1,1,3,18226,2,10,10,5,1,15,2.0,102997.714045,2542,84771.714045,1,0,0,0,1,0,1,0,0
31,3,3,3,3,2,1,3,13675,9,2,2,2,0,4,2.0,69047.72894688007,12784,55372.72894688007,0,0,0,1,0,0,0,0,0
50,9,3,1,4,1,2,3,2380,4,1,0,0,0,0,2.33,17372.83423076923,33,14992.83423076923,0,0,1,0,0,0,0,0,0
32,19,2,3,5,3,2,2,9286,1,14,7,2,0,9,3.33,102997.714045,2542,93711.714045,1,0,0,1,0,0,0,1,0
43,16,2,3,4,1,2,2,7111,4,12,11,3,1,14,2.33,69047.72894688007,12784,61936.72894688007,1,0,0,0,0,0,0,1,0
51,4,3,4,1,4,2,4,6431,4,26,5,5,1,10,2.33,69047.72894688007,12784,62616.72894688007,1,0,0,0,0,0,0,1,1
40,2,4,2,3,2,2,3,6377,5,12,11,11,1,22,2.33,69047.72894688007,12784,62670.72894688007,0,0,0,0,0,0,0,1,0
41,35,3,2,1,3,3,4,3683,4,14,11,2,0,13,2.33,69047.72894688007,12784,65364.72894688007,1,0,0,0,0,0,0,1,0
40,4,3,5,3,4,2,3,19033,1,20,8,9,1,17,3.0,102997.714045,2542,83964.714045,0,0,1,0,1,0,0,1,0
46,32,1,5,5,3,4,3,7534,1,27,6,6,1,12,4.0,69047.72894688007,12784,61513.72894688007,0,1,0,0,0,0,0,1,0
43,5,2,3,1,3,2,1,15615,2,27,1,2,0,3,2.0,102997.714045,2542,87382.714045,0,0,1,0,1,0,0,1,0
28,30,4,1,5,4,1,2,5112,4,2,13,5,1,18,3.33,69047.72894688007,12784,63935.72894688007,1,0,1,0,0,0,0,0,0
28,10,2,4,5,4,2,3,3687,1,9,14,6,1,20,3.67,69047.72894688007,12784,65360.72894688007,1,1,0,0,0,0,1,0,0
52,16,4,1,3,3,3,4,15459,4,20,10,0,0,10,3.0,69047.72894688007,12784,53588.72894688007,0,0,0,0,1,0,0,1,0
52,34,1,1,2,1,4,3,6676,1,8,9,8,1,17,2.33,102997.714045,2542,96321.714045,1,0,0,0,0,0,1,0,0
50,8,4,5,4,2,4,4,13420,3,16,11,4,1,15,3.33,69047.72894688007,12784,55627.72894688007,1,0,1,1,0,0,0,1,0
28,40,4,4,4,4,4,3,19904,1,3,3,4,1,7,4.0,69047.72894688007,12784,49143.72894688007,0,1,0,0,1,1,0,0,0
27,36,1,1,4,4,2,1,9234,2,16,14,8,1,22,3.33,69047.72894688007,12784,59813.72894688007,0,0,1,1,0,0,0,1,0
35,24,2,5,3,2,4,2,18676,1,18,9,7,1,16,3.0,69047.72894688007,12784,50371.72894688007,0,0,0,0,1,0,0,1,0
57,21,1,5,1,4,2,3,12930,4,19,10,9,1,19,2.33,69047.72894688007,12784,56117.72894688007,0,0,1,1,0,0,0,1,0
49,43,3,3,1,3,4,2,7059,4,7,8,6,1,14,2.67,69047.72894688007,12784,61988.72894688007,0,0,1,0,0,0,1,0,0
40,39,2,4,1,3,2,2,12125,2,24,7,9,1,16,2.0,102997.714045,2542,90872.714045,1,0,0,1,0,0,0,1,0
59,31,4,4,1,3,3,2,15434,1,7,5,9,1,14,2.33,69047.72894688007,12784,53613.72894688007,1,1,0,0,1,0,1,0,0
37,7,2,2,5,4,1,3,18901,2,15,9,7,1,16,3.33,102997.714045,2542,84096.714045,1,0,1,0,1,0,0,1,0
34,8,3,2,1,3,2,3,6500,5,3,2,1,0,3,2.0,91683.75438596492,139,85183.75438596492,0,0,1,0,0,1,0,0,0
45,16,3,1,2,2,4,4,5348,1,14,4,4,1,8,2.67,69047.72894688007,12784,63699.72894688007,1,0,1,0,0,0,0,1,0
37,14,4,1,2,1,3,2,10375,2,25,3,8,1,11,2.0,69047.72894688007,12784,58672.72894688007,0,1,0,1,0,0,0,1,0
43,43,4,2,5,3,1,3,12942,3,4,1,7,1,8,3.0,69047.72894688007,12784,56105.72894688007,0,1,0,1,0,1,0,0,0
31,40,4,3,2,4,1,1,15839,1,26,6,6,1,12,2.33,102997.714045,2542,87158.714045,1,0,1,0,1,0,0,1,1
35,23,4,2,5,2,1,2,18776,1,16,12,5,1,17,2.67,102997.714045,2542,84221.714045,0,1,0,0,1,0,0,1,0
21,27,1,2,5,1,2,4,3352,4,12,10,9,1,19,2.67,102997.714045,2542,99645.714045,0,0,1,0,0,0,0,1,0
48,20,3,2,1,2,3,2,14592,2,19,7,2,0,9,2.0,69047.72894688007,12784,54455.72894688007,0,0,1,0,1,0,0,1,0
29,48,3,3,5,4,2,4,15763,1,2,3,8,1,11,3.67,69047.72894688007,12784,53284.72894688007,1,0,0,0,1,0,0,0,0
42,18,3,2,3,4,3,2,6572,4,28,10,9,1,19,3.33,69047.72894688007,12784,62475.72894688007,1,0,1,0,0,0,0,1,0
58,12,2,5,5,3,1,2,16398,4,29,5,0,0,5,3.0,69047.72894688007,12784,52649.72894688007,1,1,0,0,1,0,0,1,1
34,35,1,1,2,3,1,4,14184,2,13,1,6,1,7,2.0,69047.72894688007,12784,54863.72894688007,0,0,0,0,1,0,0,1,0
58,34,1,2,4,4,1,4,8842,1,6,8,8,1,16,3.0,69047.72894688007,12784,60205.72894688007,1,0,1,1,0,0,1,0,0
28,2,2,1,2,1,1,1,3201,0,5,3,0,0,3,1.33,89817.88593023256,119,86616.88593023256,0,0,1,0,0,1,0,0,0
41,29,2,3,1,2,4,3,7474,2,8,8,4,1,12,2.33,69047.72894688007,12784,61573.72894688007,0,1,0,0,0,0,1,0,1
51,11,4,3,3,4,1,2,7139,2,9,5,9,1,14,2.67,69047.72894688007,12784,61908.72894688007,1,0,1,0,0,0,1,0,0
55,11,2,2,4,2,4,1,12989,2,26,1,8,1,9,3.33,69047.72894688007,12784,56058.72894688007,0,0,1,1,0,0,0,1,0
49,20,3,3,5,1,2,4,4075,3,8,13,7,1,20,2.67,69047.72894688007,12784,64972.72894688007,1,0,0,0,0,0,1,0,0
36,9,2,5,1,1,2,2,11054,4,18,3,5,1,8,1.33,69047.72894688007,12784,57993.72894688007,0,0,0,1,0,0,0,1,0
50,17,1,2,5,2,2,4,10743,4,18,3,3,1,6,3.0,69047.72894688007,12784,58304.72894688007,0,0,0,1,0,0,0,1,0
41,30,1,5,1,2,2,2,5070,2,12,8,9,1,17,1.67,69047.72894688007,12784,63977.72894688007,0,1,0,0,0,0,0,1,1
49,1,3,4,3,3,1,3,15379,4,8,7,0,0,7,2.33,102997.714045,2542,87618.714045,0,1,0,0,1,0,1,0,0
39,1,1,2,3,3,2,4,15805,2,18,10,8,1,18,2.67,69047.72894688007,12784,53242.72894688007,1,0,0,0,1,0,0,1,0
44,44,3,4,5,2,1,4,3532,2,15,9,0,0,9,2.67,69047.72894688007,12784,65515.72894688007,1,0,1,0,0,0,0,1,0
53,5,3,3,4,4,3,2,3015,3,7,9,7,1,16,3.67,69047.72894688007,12784,66032.72894688007,0,0,0,0,0,0,1,0,0
24,2,2,4,2,1,2,1,14419,2,28,9,4,1,13,1.67,69047.72894688007,12784,54628.72894688007,1,0,0,0,1,0,0,1,0
49,36,3,3,4,1,3,1,18532,2,4,5,9,1,14,2.67,69047.72894688007,12784,50515.72894688007,0,1,0,0,1,1,0,0,0
21,21,1,3,5,3,1,3,11460,4,5,3,9,1,12,3.0,69047.72894688007,12784,57587.72894688007,1,1,0,1,0,1,0,0,0
31,47,4,3,3,2,1,3,3338,4,10,4,0,0,4,2.0,69047.72894688007,12784,65709.72894688007,1,0,1,0,0,0,1,0,0
25,24,2,2,5,1,4,1,15921,3,24,7,6,1,13,3.33,102997.714045,2542,87076.714045,1,0,1,0,1,0,0,1,1
35,26,4,5,2,3,4,3,15470,3,8,8,0,0,8,3.0,69047.72894688007,12784,53577.72894688007,0,1,0,0,1,0,1,0,0
51,37,4,4,2,3,1,2,13982,1,29,14,8,1,22,2.0,69047.72894688007,12784,55065.72894688007,1,0,0,0,1,0,0,1,0
31,45,2,4,3,1,1,3,16672,4,22,9,5,1,14,1.67,69047.72894688007,12784,52375.72894688007,1,0,0,0,1,0,0,1,0
59,26,2,5,3,4,4,3,5642,4,22,1,6,1,7,3.67,69047.72894688007,12784,63405.72894688007,0,0,0,0,0,0,0,1,0
28,11,3,1,1,3,1,2,6470,4,9,11,0,0,11,1.67,69047.72894688007,12784,62577.72894688007,0,0,0,0,0,0,1,0,0
33,43,2,2,5,3,3,1,19138,4,10,1,3,1,4,3.67,102997.714045,2542,83859.714045,1,0,0,0,1,0,1,0,0
20,5,1,3,4,1,4,1,13482,1,15,9,4,1,13,3.0,102997.714045,2542,89515.714045,1,1,0,1,0,0,0,1,0
55,46,3,1,4,2,3,4,19291,2,26,8,0,0,8,3.0,69047.72894688007,12784,49756.72894688007,0,0,0,0,1,0,0,1,0
56,9,3,4,4,3,3,2,11103,7,10,7,1,0,8,3.33,69047.72894688007,12784,57944.72894688007,0,0,1,1,0,0,1,0,0
50,4,2,4,1,2,2,4,10030,1,8,5,9,1,14,1.67,69047.72894688007,12784,59017.72894688007,0,0,1,1,0,0,1,0,0
31,26,2,5,3,3,4,2,9145,3,17,13,4,1,17,3.33,69047.72894688007,12784,59902.72894688007,1,1,0,1,0,0,0,1,0
41,46,1,5,5,4,3,2,3013,3,3,2,6,1,8,4.0,69047.72894688007,12784,66034.72894688007,0,1,0,0,0,1,0,0,1
45,16,3,1,1,2,2,3,16706,3,11,5,2,0,7,1.67,69047.72894688007,12784,52341.72894688007,1,1,0,0,1,0,0,1,0
49,49,3,5,3,1,2,4,4001,2,18,12,0,0,12,2.0,69047.72894688007,12784,65046.72894688007,1,1,0,0,0,0,0,1,0
27,8,3,4,4,2,4,3,12004,4,22,9,2,0,11,3.33,69047.72894688007,12784,57043.72894688007,0,0,1,1,0,0,0,1,1
39,10,3,2,1,2,4,3,5377,2,7,7,7,1,14,2.33,69047.72894688007,12784,63670.72894688007,0,0,1,0,0,0,1,0,0
39,44,2,4,4,1,2,2,6099,1,1,1,6,1,7,2.33,102997.714045,2542,96898.714045,1,0,1,0,0,0,0,0,0
58,21,3,4,4,4,3,2,17875,4,1,0,0,0,0,3.67,102997.714045,2542,85122.714045,1,0,1,0,1,0,0,0,0
38,1,3,1,1,3,4,2,2619,3,0,0,0,0,0,2.67,89817.88593023256,119,87198.88593023256,0,1,0,0,0,0,0,0,0
51,30,1,4,5,3,3,2,12644,4,11,14,8,1,22,3.67,69047.72894688007,12784,56403.72894688007,0,0,1,1,0,0,0,1,0
22,47,2,4,3,1,4,1,13275,1,6,5,6,1,11,2.67,69047.72894688007,12784,55772.72894688007,1,0,0,1,0,0,1,0,1
50,13,1,3,3,2,3,3,7128,4,24,2,7,1,9,2.67,69047.72894688007,12784,61919.72894688007,1,0,0,0,0,0,0,1,0
44,21,3,4,1,2,3,2,13981,2,1,13,7,1,20,2.0,69047.72894688007,12784,55066.72894688007,1,0,1,0,1,0,0,0,0
55,13,1,5,5,1,4,3,3732,1,23,1,0,0,1,3.33,69047.72894688007,12784,65315.72894688007,0,0,0,0,0,0,0,1,0
51,31,3,4,3,1,2,3,12709,1,26,5,4,1,9,2.0,102997.714045,2542,90288.714045,0,1,0,1,0,0,0,1,0
55,2,3,4,4,2,3,3,19816,1,28,9,8,1,17,3.0,69047.72894688007,12784,49231.72894688007,1,0,1,0,1,0,0,1,0
42,27,3,1,4,4,4,1,18181,2,23,1,3,1,4,4.0,69047.72894688007,12784,50866.72894688007,1,0,1,0,1,0,0,1,0
36,9,3,2,1,4,4,4,19944,4,8,1,0,0,1,3.0,102997.714045,2542,83053.714045,0,0,0,0,1,0,1,0,0
31,33,1,4,3,2,4,3,14064,4,16,3,7,1,10,3.0,102997.714045,2542,88933.714045,0,0,1,0,1,0,0,1,0
50,1,2,5,5,4,1,2,15593,4,19,7,3,1,10,3.33,69047.72894688007,12784,53454.72894688007,0,0,0,0,1,0,0,1,0
32,43,3,2,5,4,1,2,9934,1,18,8,4,1,12,3.33,102997.714045,2542,93063.714045,0,0,1,1,0,0,0,1,0
56,11,4,1,4,1,4,3,4061,1,25,7,9,1,16,3.0,69047.72894688007,12784,64986.72894688007,1,0,0,0,0,0,0,1,0
50,11,2,5,4,4,2,1,3987,3,2,3,0,0,3,3.33,69047.72894688007,12784,65060.72894688007,1,0,0,0,0,0,0,0,0
20,28,3,5,2,3,2,3,19812,4,13,9,8,1,17,2.33,69047.72894688007,12784,49235.72894688007,1,1,0,0,1,0,0,1,0
25,4,4,4,3,2,2,1,13851,4,14,14,9,1,23,2.33,69047.72894688007,12784,55196.72894688007,0,1,0,0,1,0,0,1,1
46,11,1,2,5,4,2,2,3037,3,4,6,7,1,13,3.67,69047.72894688007,12784,66010.72894688007,0,0,0,0,0,1,0,0,0
39,49,3,3,3,4,4,4,17494,4,20,4,9,1,13,3.67,69047.72894688007,12784,51553.72894688007,0,0,1,0,1,0,0,1,1
43,48,4,1,4,1,1,3,4275,1,3,8,6,1,14,2.0,69047.72894688007,12784,64772.72894688007,0,0,0,0,0,1,0,0,0
49,4,4,1,4,2,4,4,18458,2,12,9,0,0,9,3.33,69047.72894688007,12784,50589.72894688007,1,1,0,0,1,0,0,1,0
44,46,4,4,2,3,1,1,8502,3,6,10,5,1,15,2.0,69047.72894688007,12784,60545.72894688007,0,1,0,1,0,0,1,0,0
35,2,1,2,5,1,1,2,4314,4,7,8,9,1,17,2.33,69047.72894688007,12784,64733.72894688007,0,1,0,0,0,0,1,0,0
38,36,4,2,5,2,2,2,14427,3,10,11,1,0,12,3.0,69047.72894688007,12784,54620.72894688007,0,0,0,0,1,0,1,0,0
53,9,3,4,2,3,2,1,18798,4,21,3,2,0,5,2.33,69047.72894688007,12784,50249.72894688007,0,0,1,0,1,0,0,1,0
24,9,3,4,3,1,1,3,9119,2,8,10,5,1,15,1.67,102997.714045,2542,93878.714045,1,1,0,1,0,0,1,0,0
44,24,4,5,4,3,3,1,10497,3,1,2,1,0,3,3.33,69047.72894688007,12784,58550.72894688007,0,0,1,1,0,0,0,0,0
35,6,2,4,3,2,2,2,9172,1,24,13,6,1,19,2.33,102997.714045,2542,93825.714045,1,0,0,1,0,0,0,1,0
47,12,3,1,3,4,2,1,14801,3,3,8,5,1,13,3.0,69047.72894688007,12784,54246.72894688007,0,0,0,0,1,1,0,0,0
37,10,4,1,2,1,3,2,17578,1,26,9,1,0,10,2.0,69047.72894688007,12784,51469.72894688007,1,1,0,0,1,0,0,1,0
37,38,1,5,3,1,3,4,3506,4,17,8,7,1,15,2.33,102997.714045,2542,99491.714045,0,0,1,0,0,0,0,1,0
31,20,2,1,4,4,2,1,16003,1,14,14,8,1,22,3.33,102997.714045,2542,86994.714045,0,0,1,0,1,0,0,1,1
46,13,4,2,5,1,3,4,14433,4,11,10,1,0,11,3.0,69047.72894688007,12784,54614.72894688007,0,0,0,0,1,0,0,1,1
47,40,4,4,2,3,4,1,10221,4,12,3,7,1,10,3.0,69047.72894688007,12784,58826.72894688007,1,0,1,1,0,0,0,1,0
53,16,4,2,3,2,1,3,10881,2,27,4,9,1,13,2.0,69047.72894688007,12784,58166.72894688007,1,0,0,1,0,0,0,1,0
47,34,1,4,3,2,4,2,10934,3,15,12,7,1,19,3.0,69047.72894688007,12784,58113.72894688007,0,1,0,1,0,0,0,1,1
41,26,3,4,1,1,1,2,15190,1,19,5,0,0,5,1.0,69047.72894688007,12784,53857.72894688007,1,0,0,0,1,0,0,1,1
26,40,4,2,2,2,2,2,4144,4,23,9,5,1,14,2.0,69047.72894688007,12784,64903.72894688007,0,0,0,0,0,0,0,1,0
52,35,4,5,1,1,1,4,6863,2,29,4,6,1,10,1.0,69047.72894688007,12784,62184.72894688007,0,1,0,0,0,0,0,1,0
45,7,2,3,2,4,2,2,6697,2,12,8,8,1,16,2.67,69047.72894688007,12784,62350.72894688007,1,0,0,0,0,0,0,1,0
52,18,1,1,2,1,2,3,8432,1,18,2,0,0,2,1.67,102997.714045,2542,94565.714045,1,0,0,1,0,0,0,1,0
28,30,1,5,2,1,1,1,11111,2,2,1,2,0,3,1.33,69047.72894688007,12784,57936.72894688007,1,0,1,1,0,0,0,0,0
52,35,1,5,3,4,2,1,5999,1,4,8,7,1,15,3.0,69047.72894688007,12784,63048.72894688007,1,1,0,0,0,1,0,0,0
23,8,3,5,4,2,4,2,18740,4,23,14,2,0,16,3.33,69047.72894688007,12784,50307.72894688007,1,0,1,0,1,0,0,1,1
28,34,4,1,1,2,2,3,3824,4,23,13,1,0,14,1.67,102997.714045,2542,99173.714045,0,1,0,0,0,0,0,1,0
29,20,3,1,4,4,2,4,3812,1,11,8,3,1,11,3.33,17372.83423076923,33,13560.83423076923,0,0,1,0,0,0,0,1,0
30,5,4,1,2,3,2,1,4099,4,11,13,3,1,16,2.33,102997.714045,2542,98898.714045,0,0,0,0,0,0,0,1,0
57,14,2,5,2,1,3,4,8956,2,17,10,1,0,11,2.0,69047.72894688007,12784,60091.72894688007,0,0,0,1,0,0,0,1,0
39,16,4,1,2,2,4,4,7355,3,8,10,3,1,13,2.67,69047.72894688007,12784,61692.72894688007,0,1,0,0,0,0,1,0,0
55,10,2,4,5,4,2,1,17916,4,14,6,9,1,15,3.67,69047.72894688007,12784,51131.72894688007,0,0,1,0,1,0,0,1,0
58,43,2,4,2,1,2,1,16208,2,23,1,8,1,9,1.67,69047.72894688007,12784,52839.72894688007,1,1,0,0,1,0,0,1,1
23,24,1,4,5,2,4,4,13764,1,5,14,2,0,16,3.67,69047.72894688007,12784,55283.72894688007,0,1,0,0,1,1,0,0,0
46,41,3,5,5,1,3,4,12323,1,28,4,5,1,9,3.0,69047.72894688007,12784,56724.72894688007,0,0,0,1,0,0,0,1,1
37,23,3,5,4,4,4,3,19746,1,2,4,4,1,8,4.0,102997.714045,2542,83251.714045,0,1,0,0,1,0,0,0,1
41,39,3,2,1,3,3,2,19257,2,8,13,9,1,22,2.33,69047.72894688007,12784,49790.72894688007,0,0,1,0,1,0,1,0,0
32,16,2,4,5,4,4,1,9286,1,27,6,8,1,14,4.33,69047.72894688007,12784,59761.72894688007,1,0,0,1,0,0,0,1,0
30,22,4,4,3,3,4,4,12752,1,4,10,3,1,13,3.33,102997.714045,2542,90245.714045,1,1,0,1,0,1,0,0,0
39,35,1,1,4,1,1,3,11315,3,5,2,6,1,8,2.0,102997.714045,2542,91682.714045,1,0,1,1,0,1,0,0,0
25,11,1,3,3,1,3,3,11804,2,29,14,0,0,14,2.33,69047.72894688007,12784,57243.72894688007,1,0,1,1,0,0,0,1,0
42,19,4,1,1,3,2,3,12384,4,6,5,2,0,7,2.0,69047.72894688007,12784,56663.72894688007,0,0,0,1,0,0,1,0,1
54,28,3,3,1,1,4,1,4611,4,9,10,7,1,17,2.0,69047.72894688007,12784,64436.72894688007,0,0,0,0,0,0,1,0,1
46,8,2,2,1,4,1,3,4615,8,16,13,1,0,14,2.0,89817.88593023256,119,85202.88593023256,1,0,0,0,0,0,0,1,0
59,28,3,3,1,2,2,3,6704,4,23,6,0,0,6,1.67,69047.72894688007,12784,62343.72894688007,0,1,0,0,0,0,0,1,1
37,8,3,3,2,4,2,4,13010,4,22,7,6,1,13,2.67,69047.72894688007,12784,56037.72894688007,1,0,0,1,0,0,0,1,0
29,1,1,4,2,1,3,1,12629,4,21,6,0,0,6,2.0,69047.72894688007,12784,56418.72894688007,0,0,1,1,0,0,0,1,1
22,1,3,1,3,4,2,2,16125,2,25,6,4,1,10,3.0,69047.72894688007,12784,52922.72894688007,1,0,0,0,1,0,0,1,0
52,2,1,1,4,2,1,2,18157,2,2,8,0,0,8,2.33,69047.72894688007,12784,50890.72894688007,0,1,0,0,1,0,0,0,0
25,16,2,2,1,2,3,3,13178,4,9,2,4,1,6,2.0,69047.72894688007,12784,55869.72894688007,0,1,0,1,0,0,1,0,0
39,11,4,5,3,2,4,1,4460,2,24,4,6,1,10,3.0,69047.72894688007,12784,64587.72894688007,0,0,1,0,0,0,0,1,1
50,37,1,2,3,2,4,4,19248,3,12,14,8,1,22,3.0,69047.72894688007,12784,49799.72894688007,1,0,0,0,1,0,0,1,0
54,26,4,2,5,1,1,2,17178,4,24,2,4,1,6,2.33,69047.72894688007,12784,51869.72894688007,1,0,1,0,1,0,0,1,0
55,2,3,2,4,3,3,2,5160,4,9,7,7,1,14,3.33,91683.75438596492,139,86523.75438596492,0,1,0,0,0,0,1,0,1
35,47,2,5,5,3,3,4,5336,3,16,8,3,1,11,3.67,102997.714045,2542,97661.714045,0,0,1,0,0,0,0,1,0
39,28,3,3,1,1,4,2,14216,3,27,13,8,1,21,2.0,69047.72894688007,12784,54831.72894688007,1,1,0,0,1,0,0,1,0
45,25,4,5,2,4,1,1,4908,1,17,8,1,0,9,2.33,69047.72894688007,12784,64139.72894688007,0,1,0,0,0,0,0,1,0
42,22,1,3,4,1,2,4,3213,3,17,13,3,1,16,2.33,69047.72894688007,12784,65834.72894688007,1,0,0,0,0,0,0,1,0
37,24,2,4,3,1,1,2,3345,3,5,8,6,1,14,1.67,102997.714045,2542,99652.714045,0,0,1,0,0,1,0,0,1
29,40,1,2,3,1,2,4,4287,3,24,14,4,1,18,2.0,69047.72894688007,12784,64760.72894688007,0,0,0,0,0,0,0,1,0
43,18,3,4,3,3,1,2,3250,4,16,13,1,0,14,2.33,69047.72894688007,12784,65797.72894688007,1,0,1,0,0,0,0,1,0
20,1,2,1,2,4,4,4,2836,1,1,0,0,0,0,3.33,89817.88593023256,119,86981.88593023256,0,1,0,0,0,0,0,0,0
20,40,2,1,2,3,3,4,3374,4,12,10,1,0,11,2.67,102997.714045,2542,99623.714045,1,0,0,0,0,0,0,1,1
44,1,2,2,3,1,2,4,5985,4,2,2,0,0,2,2.0,61845.10984536083,269,55860.10984536083,0,1,0,0,0,0,0,0,0
51,14,3,5,5,3,4,2,16992,1,20,5,8,1,13,4.0,102997.714045,2542,86005.714045,1,1,0,0,1,0,0,1,0
43,36,4,2,3,4,4,2,3231,3,3,14,2,0,16,3.67,69047.72894688007,12784,65816.72894688007,0,0,1,0,0,1,0,0,0
23,46,4,5,4,2,1,2,14961,2,4,2,4,1,6,2.33,69047.72894688007,12784,54086.72894688007,1,0,0,0,1,1,0,0,1
26,23,2,2,4,3,3,2,4157,7,2,2,0,0,2,3.33,91683.75438596492,139,87526.75438596492,1,0,1,0,0,0,0,0,0
43,9,4,4,1,4,4,4,7528,4,18,8,9,1,17,3.0,102997.714045,2542,95469.714045,1,0,1,0,0,0,0,1,0
24,14,1,4,4,2,4,2,6811,4,11,4,3,1,7,3.33,69047.72894688007,12784,62236.72894688007,0,0,0,0,0,0,0,1,1
33,1,2,4,1,2,1,3,6395,3,5,1,1,0,2,1.33,69047.72894688007,12784,62652.72894688007,1,1,0,0,0,1,0,0,1
35,9,2,3,3,4,2,3,10685,1,17,14,5,1,19,3.0,69047.72894688007,12784,58362.72894688007,1,0,1,1,0,0,0,1,0
33,30,2,4,1,1,2,4,17965,2,15,4,7,1,11,1.33,69047.72894688007,12784,51082.72894688007,1,0,0,0,1,0,0,1,1
40,41,3,1,5,2,1,2,5341,4,29,2,2,0,4,2.67,69047.72894688007,12784,63706.72894688007,1,0,0,0,0,0,0,1,0
36,11,1,4,5,3,4,4,10059,2,8,13,8,1,21,4.0,69047.72894688007,12784,58988.72894688007,0,0,0,1,0,0,1,0,0
38,13,2,2,1,2,3,4,9825,1,2,2,7,1,9,2.0,69047.72894688007,12784,59222.72894688007,0,0,1,1,0,0,0,0,0
53,19,3,3,1,3,1,4,15178,2,28,5,3,1,8,1.67,69047.72894688007,12784,53869.72894688007,1,1,0,0,1,0,0,1,1
58,5,2,3,2,3,4,3,10552,2,6,0,0,0,0,3.0,69047.72894688007,12784,58495.72894688007,1,0,0,1,0,0,1,0,0
30,18,1,1,4,2,1,2,19748,1,25,13,7,1,20,2.33,69047.72894688007,12784,49299.72894688007,1,1,0,0,1,0,0,1,0
59,19,2,2,2,3,3,2,7060,2,28,2,4,1,6,2.67,69047.72894688007,12784,61987.72894688007,0,1,0,0,0,0,0,1,0
43,12,2,4,4,2,1,3,7771,2,8,6,6,1,12,2.33,69047.72894688007,12784,61276.72894688007,1,0,1,1,0,0,1,0,1
36,6,1,1,3,3,3,3,2741,1,7,7,1,0,8,3.0,17372.83423076923,33,14631.83423076923,0,0,0,0,0,0,1,0,0
24,3,3,2,3,1,1,2,4999,0,3,2,0,0,2,1.67,91683.75438596492,139,86684.75438596492,0,0,1,0,0,1,0,0,0
51,29,2,1,5,4,3,4,19985,4,27,12,1,0,13,4.0,69047.72894688007,12784,49062.72894688007,0,0,0,0,1,0,0,1,0
38,6,1,5,3,3,4,2,8077,3,9,12,2,0,14,3.33,69047.72894688007,12784,60970.72894688007,1,0,0,1,0,0,1,0,0
24,23,1,2,4,2,4,3,9707,4,23,13,3,1,16,3.33,69047.72894688007,12784,59340.72894688007,0,0,1,1,0,0,0,1,0
19,10,2,1,2,1,2,4,1859,1,1,1,0,0,1,1.67,89817.88593023256,119,87958.88593023256,1,1,0,0,0,0,0,0,1
38,13,1,1,2,1,1,1,19195,2,13,2,4,1,6,1.33,102997.714045,2542,83802.714045,1,0,1,0,1,0,0,1,0
24,37,2,1,1,1,3,4,19597,1,15,11,8,1,19,1.67,69047.72894688007,12784,49450.72894688007,1,1,0,0,1,0,0,1,0
52,33,4,2,3,2,2,1,10470,2,15,2,5,1,7,2.33,69047.72894688007,12784,58577.72894688007,0,0,1,1,0,0,0,1,0
27,47,1,4,2,1,3,2,8212,3,25,13,9,1,22,2.0,102997.714045,2542,94785.714045,1,1,0,1,0,0,0,1,1
23,48,4,5,2,1,4,2,7572,3,19,12,6,1,18,2.33,69047.72894688007,12784,61475.72894688007,0,1,0,0,0,0,0,1,0
45,36,4,1,2,1,2,2,10216,1,21,10,1,0,11,1.67,102997.714045,2542,92781.714045,1,0,1,1,0,0,0,1,0
25,16,3,2,4,1,4,2,17582,2,12,8,6,1,14,3.0,69047.72894688007,12784,51465.72894688007,0,0,1,0,1,0,0,1,0
43,44,2,5,4,4,4,4,11429,2,9,13,8,1,21,4.0,69047.72894688007,12784,57618.72894688007,0,1,0,1,0,0,1,0,1
54,24,2,4,3,1,2,4,15039,4,21,7,1,0,8,2.0,69047.72894688007,12784,54008.72894688007,1,0,1,0,1,0,0,1,0
22,44,4,1,5,3,2,1,14357,2,7,5,5,1,10,3.33,69047.72894688007,12784,54690.72894688007,0,0,1,0,1,0,1,0,0
46,36,2,4,1,1,3,4,5462,4,3,13,8,1,21,1.67,69047.72894688007,12784,63585.72894688007,0,0,0,0,0,1,0,0,0
22,48,3,1,1,3,1,3,6035,2,29,11,2,0,13,1.67,69047.72894688007,12784,63012.72894688007,0,1,0,0,0,0,0,1,0
42,47,4,4,5,1,1,3,10205,2,19,9,5,1,14,2.33,69047.72894688007,12784,58842.72894688007,0,0,0,1,0,0,0,1,1
51,20,2,4,2,1,2,1,14631,3,29,14,0,0,14,1.67,69047.72894688007,12784,54416.72894688007,0,1,0,0,1,0,0,1,1
44,26,4,1,4,1,4,1,11591,2,27,13,3,1,16,3.0,102997.714045,2542,91406.714045,0,1,0,1,0,0,0,1,1
57,28,1,1,1,2,3,4,5747,3,10,4,6,1,10,2.0,69047.72894688007,12784,63300.72894688007,0,0,0,0,0,0,1,0,1
24,19,3,2,3,1,4,2,11168,2,27,14,4,1,18,2.67,69047.72894688007,12784,57879.72894688007,1,1,0,1,0,0,0,1,0
29,12,3,2,5,1,3,4,13504,2,20,1,0,0,1,3.0,102997.714045,2542,89493.714045,0,0,1,1,0,0,0,1,0
27,42,2,2,5,4,2,1,5357,4,19,5,9,1,14,3.67,69047.72894688007,12784,63690.72894688007,0,1,0,0,0,0,0,1,0
58,11,3,4,2,3,3,2,14931,4,25,12,3,1,15,2.67,69047.72894688007,12784,54116.72894688007,1,0,1,0,1,0,0,1,0
47,14,3,2,1,4,4,3,4960,2,7,7,1,0,8,3.0,91683.75438596492,139,86723.75438596492,0,1,0,0,0,0,1,0,0
49,10,2,5,5,2,3,3,15187,3,28,7,6,1,13,3.33,69047.72894688007,12784,53860.72894688007,1,0,1,0,1,0,0,1,0
26,29,4,2,2,2,1,2,19475,3,4,14,7,1,21,1.67,69047.72894688007,12784,49572.72894688007,1,0,0,0,1,1,0,0,0
36,18,2,4,1,1,3,1,5510,1,5,9,8,1,17,1.67,69047.72894688007,12784,63537.72894688007,1,0,1,0,0,1,0,0,0
42,45,1,2,1,2,1,2,4675,3,10,1,4,1,5,1.33,69047.72894688007,12784,64372.72894688007,1,0,1,0,0,0,1,0,0
24,19,4,2,3,2,1,1,18017,3,28,12,8,1,20,2.0,69047.72894688007,12784,51030.72894688007,0,0,1,0,1,0,0,1,0
48,18,4,2,4,4,1,3,6298,3,11,7,7,1,14,3.0,69047.72894688007,12784,62749.72894688007,0,1,0,0,0,0,0,1,0
46,3,3,5,1,4,3,1,11735,2,4,5,7,1,12,2.67,69047.72894688007,12784,57312.72894688007,1,0,1,1,0,1,0,0,0
20,40,4,4,3,2,2,2,11326,4,18,5,6,1,11,2.33,69047.72894688007,12784,57721.72894688007,0,0,0,1,0,0,0,1,0
22,24,4,1,5,3,4,1,12874,2,13,1,0,0,1,4.0,69047.72894688007,12784,56173.72894688007,0,1,0,1,0,0,0,1,0
58,11,3,5,4,2,4,1,5169,3,29,10,3,1,13,3.33,69047.72894688007,12784,63878.72894688007,1,0,0,0,0,0,0,1,0
34,5,2,3,1,3,4,3,11631,2,11,10,5,1,15,2.67,102997.714045,2542,91366.714045,0,1,0,1,0,0,0,1,0
24,49,3,5,3,4,2,4,4623,4,14,3,7,1,10,3.0,69047.72894688007,12784,64424.72894688007,0,0,1,0,0,0,0,1,0
31,11,3,1,4,4,2,3,2356,3,6,4,0,0,4,3.33,89817.88593023256,119,87461.88593023256,1,0,1,0,0,0,1,0,0
39,28,2,1,2,4,1,3,7786,1,18,14,7,1,21,2.33,69047.72894688007,12784,61261.72894688007,0,0,0,1,0,0,0,1,1
27,37,2,5,1,3,1,4,6766,3,16,9,7,1,16,1.67,102997.714045,2542,96231.714045,0,0,0,0,0,0,0,1,0
21,34,2,5,3,2,1,2,4068,1,15,11,7,1,18,2.0,69047.72894688007,12784,64979.72894688007,0,0,1,0,0,0,0,1,0
50,2,4,5,4,3,3,1,8761,2,24,9,2,0,11,3.33,102997.714045,2542,94236.714045,0,0,0,1,0,0,0,1,0
44,46,3,3,5,3,2,2,13249,2,14,4,1,0,5,3.33,69047.72894688007,12784,55798.72894688007,1,0,0,1,0,0,0,1,0
41,35,4,1,1,1,4,2,13296,4,25,12,3,1,15,2.0,102997.714045,2542,89701.714045,1,1,0,1,0,0,0,1,1
43,2,2,3,4,2,2,4,8375,3,10,3,1,0,4,2.67,69047.72894688007,12784,60672.72894688007,1,0,0,1,0,0,1,0,0
47,14,1,4,2,2,4,4,7542,2,27,9,9,1,18,2.67,102997.714045,2542,95455.714045,0,0,1,0,0,0,0,1,0
42,12,2,2,5,2,2,1,11235,4,19,12,7,1,19,3.0,69047.72894688007,12784,57812.72894688007,0,0,1,1,0,0,0,1,0
33,3,3,2,2,3,1,3,13928,4,28,13,6,1,19,2.0,69047.72894688007,12784,55119.72894688007,0,0,0,0,1,0,0,1,0
28,26,2,2,1,3,3,3,4724,1,5,3,0,0,3,2.33,91683.75438596492,139,86959.75438596492,0,0,1,0,0,1,0,0,0
47,17,1,2,1,1,3,4,11694,1,19,2,0,0,2,1.67,69047.72894688007,12784,57353.72894688007,0,1,0,1,0,0,0,1,1
40,37,4,2,5,1,4,2,10533,1,19,14,2,0,16,3.33,69047.72894688007,12784,58514.72894688007,1,0,0,1,0,0,0,1,0
34,9,3,2,1,4,3,2,5346,4,7,1,0,0,1,2.67,17372.83423076923,33,12026.83423076923,0,0,1,0,0,0,1,0,1
40,1,2,4,2,3,4,2,13503,1,22,3,11,1,14,3.0,69047.72894688007,12784,55544.72894688007,0,0,1,1,0,0,0,1,0
37,25,4,3,4,3,2,1,13434,4,23,9,5,1,14,3.0,69047.72894688007,12784,55613.72894688007,1,0,0,1,0,0,0,1,0
54,13,4,2,3,2,4,3,4082,1,10,12,7,1,19,3.0,69047.72894688007,12784,64965.72894688007,1,0,1,0,0,0,1,0,0
42,17,4,4,3,2,3,2,12839,2,8,6,6,1,12,2.67,69047.72894688007,12784,56208.72894688007,0,0,1,1,0,0,1,0,1
32,39,2,5,5,3,3,3,8999,2,4,2,8,1,10,3.67,102997.714045,2542,93998.714045,0,0,0,1,0,1,0,0,1
29,1,2,1,1,1,3,1,2362,6,9,7,0,0,7,1.67,89817.88593023256,119,87455.88593023256,0,1,0,0,0,0,1,0,1
32,7,3,2,3,4,1,3,4883,1,10,4,1,0,5,2.67,17372.83423076923,33,12489.83423076923,0,0,1,0,0,0,1,0,1
30,9,3,2,1,3,3,3,3072,1,12,9,6,1,15,2.33,17372.83423076923,33,14300.83423076923,0,0,0,0,0,0,0,1,0
23,8,3,4,4,1,3,1,16087,3,22,11,7,1,18,2.67,102997.714045,2542,86910.714045,0,0,0,0,1,0,0,1,1
27,46,3,4,5,4,4,2,10632,1,25,8,4,1,12,4.33,69047.72894688007,12784,58415.72894688007,0,0,1,1,0,0,0,1,0
40,9,2,2,5,4,1,2,12536,3,18,5,6,1,11,3.33,102997.714045,2542,90461.714045,1,0,1,1,0,0,0,1,0
46,5,4,1,2,1,4,1,7479,4,3,8,7,1,15,2.33,69047.72894688007,12784,61568.72894688007,1,1,0,0,0,1,0,0,0
47,7,3,2,3,2,2,3,7619,4,11,1,1,0,2,2.33,69047.72894688007,12784,61428.72894688007,1,0,0,1,0,0,0,1,0
48,28,2,4,1,2,3,3,16064,4,8,3,0,0,3,2.0,102997.714045,2542,86933.714045,0,0,1,0,1,0,1,0,0
44,4,1,5,3,1,4,1,11776,3,27,2,2,0,4,2.67,69047.72894688007,12784,57271.72894688007,1,0,1,1,0,0,0,1,1
32,37,2,5,2,1,4,4,4571,4,9,8,7,1,15,2.33,69047.72894688007,12784,64476.72894688007,0,0,1,0,0,0,1,0,0
55,21,3,3,3,3,2,1,10753,4,4,10,5,1,15,2.67,69047.72894688007,12784,58294.72894688007,1,0,1,1,0,1,0,0,0
54,25,2,4,2,3,3,2,8701,1,27,13,9,1,22,2.67,102997.714045,2542,94296.714045,1,0,0,1,0,0,0,1,0
47,2,2,5,1,1,2,4,10452,4,7,5,7,1,12,1.33,69047.72894688007,12784,58595.72894688007,0,0,1,1,0,0,1,0,0
52,49,2,1,5,4,2,4,7302,2,4,7,0,0,7,3.67,69047.72894688007,12784,61745.72894688007,1,0,1,0,0,1,0,0,0
33,29,4,1,1,2,4,1,13838,3,5,13,4,1,17,2.33,69047.72894688007,12784,55209.72894688007,0,0,1,0,1,1,0,0,0
33,42,1,4,4,1,2,3,13043,1,16,5,7,1,12,2.33,69047.72894688007,12784,56004.72894688007,0,0,0,1,0,0,0,1,1
45,42,1,3,1,1,2,4,16324,4,3,1,7,1,8,1.33,69047.72894688007,12784,52723.72894688007,0,1,0,0,1,1,0,0,0
59,34,1,4,5,1,3,4,18518,4,22,3,3,1,6,3.0,69047.72894688007,12784,50529.72894688007,0,1,0,0,1,0,0,1,0
54,37,2,2,4,4,2,3,15516,4,28,5,2,0,7,3.33,69047.72894688007,12784,53531.72894688007,0,1,0,0,1,0,0,1,0
47,49,1,5,5,3,3,3,6648,1,19,9,6,1,15,3.67,69047.72894688007,12784,62399.72894688007,1,0,0,0,0,0,0,1,1
44,45,4,1,5,1,3,2,9389,2,23,6,7,1,13,3.0,69047.72894688007,12784,59658.72894688007,0,0,0,1,0,0,0,1,1
42,8,1,1,5,3,1,1,9720,3,9,12,6,1,18,3.0,102997.714045,2542,93277.714045,1,1,0,1,0,0,1,0,1
31,15,3,1,3,3,3,2,2610,1,2,2,2,0,4,3.0,17372.83423076923,33,14762.83423076923,0,0,1,0,0,0,0,0,1
30,41,1,2,4,1,4,2,17491,4,25,12,9,1,21,3.0,102997.714045,2542,85506.714045,0,1,0,0,1,0,0,1,0
49,44,4,5,3,1,3,2,8580,3,11,1,3,1,4,2.33,69047.72894688007,12784,60467.72894688007,1,0,0,1,0,0,0,1,0
31,20,3,2,3,4,4,2,6932,1,9,8,0,0,8,3.67,91683.75438596492,139,84751.75438596492,0,0,1,0,0,0,1,0,0
39,20,4,4,4,4,2,3,15627,1,10,5,1,0,6,3.33,102997.714045,2542,87370.714045,1,0,0,0,1,0,1,0,1
40,33,3,5,2,4,3,4,16135,2,23,10,6,1,16,3.0,69047.72894688007,12784,52912.72894688007,0,0,0,0,1,0,0,1,0
44,13,3,4,2,1,2,3,18479,2,1,5,4,1,9,1.67,102997.714045,2542,84518.714045,0,1,0,0,1,0,0,0,0
57,3,4,4,3,4,4,4,11849,4,20,4,1,0,5,3.67,69047.72894688007,12784,57198.72894688007,1,1,0,1,0,0,0,1,0
39,5,4,2,1,1,3,2,15406,1,29,1,0,0,1,1.67,69047.72894688007,12784,53641.72894688007,1,0,0,0,1,0,0,1,0
33,49,1,2,3,1,1,3,10936,3,3,4,0,0,4,1.67,102997.714045,2542,92061.714045,1,0,0,1,0,1,0,0,0
38,40,1,2,2,1,2,1,16105,4,26,14,5,1,19,1.67,69047.72894688007,12784,52942.72894688007,0,1,0,0,1,0,0,1,0
23,8,4,3,1,1,3,1,7956,2,13,10,6,1,16,1.67,69047.72894688007,12784,61091.72894688007,1,0,1,1,0,0,0,1,1
27,13,1,5,5,1,3,3,9747,2,20,2,2,0,4,3.0,69047.72894688007,12784,59300.72894688007,1,0,1,1,0,0,0,1,1
32,42,2,5,3,3,3,3,5927,1,4,8,0,0,8,3.0,102997.714045,2542,97070.714045,0,1,0,0,0,1,0,0,0
39,1,3,2,5,2,4,4,19809,2,27,11,0,0,11,3.67,69047.72894688007,12784,49238.72894688007,0,0,0,0,1,0,0,1,1
25,23,3,5,4,4,2,4,16069,4,3,7,6,1,13,3.33,69047.72894688007,12784,52978.72894688007,0,0,0,0,1,1,0,0,0
57,27,4,1,5,1,3,1,18298,2,16,9,4,1,13,3.0,69047.72894688007,12784,50749.72894688007,0,1,0,0,1,0,0,1,0
41,49,1,5,5,4,2,4,18971,2,11,10,7,1,17,3.67,102997.714045,2542,84026.714045,1,1,0,0,1,0,0,1,0
57,19,2,4,3,1,4,1,10867,3,10,13,6,1,19,2.67,69047.72894688007,12784,58180.72894688007,0,0,0,1,0,0,1,0,1
47,14,4,2,4,2,1,3,8552,3,23,5,0,0,5,2.33,69047.72894688007,12784,60495.72894688007,1,0,0,1,0,0,0,1,0
51,43,2,5,3,1,1,4,18293,3,10,9,5,1,14,1.67,69047.72894688007,12784,50754.72894688007,0,0,0,0,1,0,1,0,0
40,6,1,1,4,4,4,1,13607,1,10,1,8,1,9,4.0,69047.72894688007,12784,55440.72894688007,0,0,1,1,0,0,1,0,0
43,39,3,3,2,1,4,2,3517,1,9,7,9,1,16,2.33,102997.714045,2542,99480.714045,0,0,1,0,0,0,1,0,0
59,34,2,4,1,3,3,3,10097,3,24,12,1,0,13,2.33,102997.714045,2542,92900.714045,0,0,1,1,0,0,0,1,0
45,8,3,2,4,4,1,3,3697,9,10,9,9,1,18,3.0,89817.88593023256,119,86120.88593023256,0,0,1,0,0,0,1,0,0
58,44,1,2,3,3,1,4,7712,2,13,5,1,0,6,2.33,69047.72894688007,12784,61335.72894688007,0,0,0,1,0,0,0,1,0
43,35,1,5,2,3,3,2,18260,3,25,7,0,0,7,2.67,69047.72894688007,12784,50787.72894688007,1,0,1,0,1,0,0,1,0
56,41,4,1,4,3,3,3,19125,1,6,7,0,0,7,3.33,69047.72894688007,12784,49922.72894688007,1,1,0,0,1,0,1,0,0
48,8,2,2,2,3,3,4,16492,4,2,5,2,0,7,2.67,69047.72894688007,12784,52555.72894688007,0,1,0,0,1,0,0,0,0
46,35,2,4,1,4,1,3,13691,1,26,3,8,1,11,2.0,69047.72894688007,12784,55356.72894688007,1,0,0,1,0,0,0,1,0
33,23,4,4,5,3,2,1,16475,2,6,7,3,1,10,3.33,69047.72894688007,12784,52572.72894688007,0,0,1,0,1,0,1,0,0
53,23,1,2,3,1,2,2,5187,1,8,7,9,1,16,2.0,69047.72894688007,12784,63860.72894688007,1,0,1,0,0,0,1,0,0
52,22,3,2,3,3,3,1,13448,2,5,5,9,1,14,3.0,69047.72894688007,12784,55599.72894688007,0,1,0,1,0,1,0,0,0
30,47,4,1,5,4,1,2,5666,1,9,7,0,0,7,3.33,69047.72894688007,12784,63381.72894688007,1,0,0,0,0,0,1,0,0
29,18,2,3,4,3,3,3,9142,1,27,3,8,1,11,3.33,69047.72894688007,12784,59905.72894688007,0,1,0,1,0,0,0,1,0
31,46,1,2,1,2,3,3,4009,3,16,2,4,1,6,2.0,69047.72894688007,12784,65038.72894688007,0,1,0,0,0,0,0,1,1
33,41,1,2,3,4,1,2,6226,3,18,11,9,1,20,2.67,69047.72894688007,12784,62821.72894688007,1,0,1,0,0,0,0,1,0
50,3,4,5,3,1,2,1,13132,1,6,13,5,1,18,2.0,69047.72894688007,12784,55915.72894688007,1,1,0,1,0,0,1,0,0
47,9,3,1,3,2,3,3,2105,4,2,2,2,0,4,2.67,17372.83423076923,33,15267.83423076923,0,1,0,0,0,0,0,0,0
35,23,1,1,3,2,2,4,2705,0,5,4,0,0,4,2.33,17372.83423076923,33,14667.83423076923,0,0,1,0,0,1,0,0,0
43,6,3,1,1,1,4,3,10686,2,16,10,0,0,10,2.0,102997.714045,2542,92311.714045,0,0,1,1,0,0,0,1,0
32,14,3,1,5,1,1,4,12694,4,2,9,7,1,16,2.33,69047.72894688007,12784,56353.72894688007,1,1,0,1,0,0,0,0,0
29,15,4,2,4,1,2,2,5408,1,14,12,3,1,15,2.33,69047.72894688007,12784,63639.72894688007,1,0,1,0,0,0,0,1,0
48,14,3,2,2,2,1,2,15357,1,26,9,6,1,15,1.67,102997.714045,2542,87640.714045,1,0,0,0,1,0,0,1,0
46,9,3,3,4,1,1,4,10096,4,7,7,4,1,11,2.0,91683.75438596492,139,81587.75438596492,0,0,0,1,0,0,1,0,1
45,23,3,2,4,2,3,2,4108,3,5,11,1,0,12,3.0,69047.72894688007,12784,64939.72894688007,0,1,0,0,0,1,0,0,0
39,14,1,2,2,1,1,4,6966,4,23,12,0,0,12,1.33,102997.714045,2542,96031.714045,1,0,1,0,0,0,0,1,1
36,4,3,2,2,4,2,3,5131,7,4,2,0,0,2,2.67,69047.72894688007,12784,63916.72894688007,0,0,0,0,0,1,0,0,0
22,12,3,3,2,4,1,3,19350,3,24,12,6,1,18,2.33,102997.714045,2542,83647.714045,1,0,0,0,1,0,0,1,0
53,8,1,3,3,2,3,3,3285,3,10,13,0,0,13,2.67,69047.72894688007,12784,65762.72894688007,0,0,0,0,0,0,1,0,0
21,47,3,2,5,1,3,3,12958,2,22,13,1,0,14,3.0,69047.72894688007,12784,56089.72894688007,0,0,1,1,0,0,0,1,0
33,2,3,2,2,4,4,2,5147,8,11,7,1,0,8,3.33,91683.75438596492,139,86536.75438596492,0,1,0,0,0,0,0,1,0
45,47,3,2,2,2,1,3,16467,1,7,11,2,0,13,1.67,69047.72894688007,12784,52580.72894688007,1,1,0,0,1,0,1,0,0
42,1,4,5,5,4,2,2,9981,1,9,4,4,1,8,3.67,69047.72894688007,12784,59066.72894688007,1,0,1,1,0,0,1,0,0
23,9,3,1,1,2,4,4,2500,1,4,3,0,0,3,2.33,17372.83423076923,33,14872.83423076923,0,0,1,0,0,1,0,0,0
33,3,3,1,5,1,4,4,5603,2,18,12,8,1,20,3.33,69047.72894688007,12784,63444.72894688007,1,0,0,0,0,0,0,1,1
19,21,2,1,2,4,2,4,2121,1,1,0,0,0,0,2.67,69047.72894688007,12784,66926.72894688007,1,1,0,0,0,0,0,0,1
45,12,1,4,5,4,4,4,8828,3,7,8,1,0,9,4.33,102997.714045,2542,94169.714045,1,0,1,1,0,0,1,0,0
56,41,1,3,2,2,3,3,16734,1,2,10,1,0,11,2.33,102997.714045,2542,86263.714045,0,1,0,0,1,0,0,0,0
32,32,4,5,2,3,1,4,17804,3,29,4,7,1,11,2.0,69047.72894688007,12784,51243.72894688007,1,0,0,0,1,0,0,1,0
56,45,3,1,1,3,2,3,11759,1,26,1,6,1,7,2.0,69047.72894688007,12784,57288.72894688007,1,1,0,1,0,0,0,1,0
43,3,3,5,2,2,1,4,12624,1,20,14,6,1,20,1.67,102997.714045,2542,90373.714045,0,0,1,1,0,0,0,1,1
42,29,3,3,1,2,1,2,3355,3,16,3,2,0,5,1.33,69047.72894688007,12784,65692.72894688007,0,1,0,0,0,0,0,1,0
49,29,3,4,2,4,4,2,15764,1,8,10,0,0,10,3.33,69047.72894688007,12784,53283.72894688007,0,1,0,0,1,0,1,0,0
47,45,2,1,1,4,4,2,6927,3,23,14,3,1,17,3.0,69047.72894688007,12784,62120.72894688007,1,1,0,0,0,0,0,1,0
37,1,4,5,4,4,4,1,9369,2,9,12,6,1,18,4.0,69047.72894688007,12784,59678.72894688007,1,0,0,1,0,0,1,0,0
54,14,1,5,3,1,1,3,11496,3,14,8,1,0,9,1.67,69047.72894688007,12784,57551.72894688007,1,0,0,1,0,0,0,1,0
27,13,4,2,1,3,3,2,6706,4,4,11,9,1,20,2.33,69047.72894688007,12784,62341.72894688007,0,1,0,0,0,1,0,0,0
34,46,3,4,2,4,1,1,7633,2,12,7,1,0,8,2.33,69047.72894688007,12784,61414.72894688007,0,0,0,1,0,0,0,1,0
35,8,1,3,1,1,3,4,11796,2,26,14,3,1,17,1.67,69047.72894688007,12784,57251.72894688007,1,0,1,1,0,0,0,1,0
45,1,1,1,1,4,3,3,14072,1,25,14,6,1,20,2.67,69047.72894688007,12784,54975.72894688007,1,1,0,0,1,0,0,1,1
22,37,4,5,1,2,1,1,18929,2,3,6,7,1,13,1.33,69047.72894688007,12784,50118.72894688007,0,1,0,0,1,1,0,0,0
56,18,3,2,4,1,3,1,9412,3,2,6,5,1,11,2.67,69047.72894688007,12784,59635.72894688007,0,1,0,1,0,0,0,0,0
38,1,4,2,4,1,4,4,3677,1,22,14,7,1,21,3.0,69047.72894688007,12784,65370.72894688007,0,0,1,0,0,0,0,1,0
43,6,4,2,5,2,4,4,6590,1,29,2,3,1,5,3.67,69047.72894688007,12784,62457.72894688007,1,0,1,0,0,0,0,1,0
25,24,1,1,4,3,4,3,1118,1,1,0,1,0,1,3.67,69047.72894688007,12784,67929.72894688007,1,1,0,0,0,0,0,0,1
40,29,2,2,3,3,3,4,11806,1,9,4,9,1,13,3.0,69047.72894688007,12784,57241.72894688007,1,1,0,1,0,0,1,0,0
34,19,4,2,4,1,2,2,5304,8,5,2,0,0,2,2.33,91683.75438596492,139,86379.75438596492,1,1,0,0,0,1,0,0,1
53,25,2,4,4,1,4,3,17140,1,23,5,9,1,14,3.0,69047.72894688007,12784,51907.72894688007,0,0,1,0,1,0,0,1,1
32,23,1,2,2,4,1,4,13633,4,7,8,6,1,14,2.33,102997.714045,2542,89364.714045,0,0,1,1,0,0,1,0,0
22,9,4,4,5,3,1,1,10232,3,1,11,8,1,19,3.0,69047.72894688007,12784,58815.72894688007,1,1,0,1,0,0,0,0,0
26,1,2,1,3,2,3,2,2933,1,1,0,1,0,1,2.67,89817.88593023256,119,86884.88593023256,1,0,1,0,0,0,0,0,0
49,9,1,3,1,1,2,2,19236,4,10,5,2,0,7,1.33,69047.72894688007,12784,49811.72894688007,1,0,1,0,1,0,1,0,1
59,2,3,1,1,3,3,1,10850,4,26,7,5,1,12,2.33,69047.72894688007,12784,58197.72894688007,0,1,0,1,0,0,0,1,0
43,2,3,1,4,2,2,3,3539,0,9,7,1,0,8,2.67,61845.10984536083,269,58306.10984536083,0,1,0,0,0,0,1,0,0
34,24,2,2,2,1,3,4,4599,0,15,9,10,1,19,2.0,91683.75438596492,139,87084.75438596492,1,1,0,0,0,0,0,1,1
59,6,4,4,5,1,4,1,11793,4,10,6,2,0,8,3.33,69047.72894688007,12784,57254.72894688007,0,0,1,1,0,0,1,0,0
39,21,3,3,2,1,2,1,15517,1,3,5,4,1,9,1.67,69047.72894688007,12784,53530.72894688007,0,1,0,0,1,1,0,0,0
33,5,3,1,3,4,2,3,2851,1,1,0,0,0,0,3.0,69047.72894688007,12784,66196.72894688007,1,1,0,0,0,0,0,0,1
30,42,2,2,1,4,4,1,9209,1,26,13,9,1,22,3.0,69047.72894688007,12784,59838.72894688007,0,0,1,1,0,0,0,1,0
23,13,4,1,3,4,1,3,11603,4,24,7,1,0,8,2.67,69047.72894688007,12784,57444.72894688007,0,0,0,1,0,0,0,1,0
27,10,3,1,5,4,1,3,11885,1,25,9,3,1,12,3.33,69047.72894688007,12784,57162.72894688007,1,0,0,1,0,0,0,1,0
25,4,2,2,1,3,1,4,4256,1,5,2,0,0,2,1.67,91683.75438596492,139,87427.75438596492,0,0,1,0,0,1,0,0,0
27,38,3,2,5,1,2,2,12954,1,29,5,6,1,11,2.67,102997.714045,2542,90043.714045,0,1,0,1,0,0,0,1,1
56,48,3,3,3,4,1,3,9509,4,17,6,3,1,9,2.67,69047.72894688007,12784,59538.72894688007,1,0,0,1,0,0,0,1,0
57,39,1,5,3,4,2,2,12423,3,25,9,1,0,10,3.0,69047.72894688007,12784,56624.72894688007,1,0,0,1,0,0,0,1,0
42,48,3,3,4,2,1,2,6312,4,21,13,1,0,14,2.33,69047.72894688007,12784,62735.72894688007,1,0,0,0,0,0,0,1,0
36,18,3,1,4,2,1,3,2153,1,8,1,1,0,2,2.33,17372.83423076923,33,15219.83423076923,0,1,0,0,0,0,1,0,0
26,28,3,2,2,1,4,4,6272,1,5,3,1,0,4,2.33,91683.75438596492,139,85411.75438596492,0,0,1,0,0,1,0,0,0
32,44,1,3,5,3,4,3,3077,2,10,10,2,0,12,4.0,69047.72894688007,12784,65970.72894688007,0,1,0,0,0,0,1,0,0
31,23,2,4,5,2,1,2,19549,2,14,10,5,1,15,2.67,69047.72894688007,12784,49498.72894688007,1,0,0,0,1,0,0,1,1
45,7,1,4,1,4,4,3,8281,2,6,4,0,0,4,3.0,69047.72894688007,12784,60766.72894688007,0,0,0,1,0,0,1,0,0
24,30,4,2,4,2,2,4,5649,2,29,2,8,1,10,2.67,69047.72894688007,12784,63398.72894688007,0,1,0,0,0,0,0,1,1
42,36,2,3,3,4,2,3,12353,2,14,11,3,1,14,3.0,69047.72894688007,12784,56694.72894688007,1,0,0,1,0,0,0,1,0
56,39,3,5,2,1,3,4,19683,1,7,12,3,1,15,2.0,69047.72894688007,12784,49364.72894688007,0,0,1,0,1,0,1,0,0
56,16,2,1,3,4,4,1,6148,4,27,3,0,0,3,3.67,69047.72894688007,12784,62899.72894688007,1,0,1,0,0,0,0,1,0
33,25,3,2,3,2,1,2,4539,1,10,7,0,0,7,2.0,91683.75438596492,139,87144.75438596492,0,0,1,0,0,0,1,0,0
51,4,1,5,3,4,2,2,11436,4,15,1,6,1,7,3.0,102997.714045,2542,91561.714045,0,1,0,1,0,0,0,1,1
48,34,3,1,1,2,1,1,14931,2,6,2,6,1,8,1.33,69047.72894688007,12784,54116.72894688007,1,1,0,0,1,0,1,0,0
33,27,3,4,5,1,2,4,7044,3,11,13,2,0,15,2.67,69047.72894688007,12784,62003.72894688007,1,0,0,0,0,0,0,1,0
58,2,2,1,4,4,4,2,2380,9,1,0,0,0,0,4.0,17372.83423076923,33,14992.83423076923,1,0,0,0,0,0,0,0,1
37,34,3,2,2,1,1,1,11668,2,7,11,3,1,14,1.33,69047.72894688007,12784,57379.72894688007,1,1,0,1,0,0,1,0,0
49,32,3,2,4,4,1,2,5221,3,8,14,3,1,17,3.0,69047.72894688007,12784,63826.72894688007,0,0,1,0,0,0,1,0,0
35,30,2,1,3,4,4,3,11618,2,2,14,6,1,20,3.67,69047.72894688007,12784,57429.72894688007,1,1,0,1,0,0,0,0,1
35,39,1,4,3,1,1,4,15595,3,4,9,4,1,13,1.67,69047.72894688007,12784,53452.72894688007,0,0,1,0,1,1,0,0,0
37,13,1,5,2,4,1,4,8099,4,19,3,7,1,10,2.33,69047.72894688007,12784,60948.72894688007,1,0,0,1,0,0,0,1,0
37,45,1,1,3,2,3,3,14268,3,28,13,2,0,15,2.67,69047.72894688007,12784,54779.72894688007,1,1,0,0,1,0,0,1,0
35,27,3,2,4,3,4,3,5813,1,10,7,7,1,14,3.67,91683.75438596492,139,85870.75438596492,1,1,0,0,0,0,1,0,1
31,29,4,5,3,3,3,3,10136,1,1,7,1,0,8,3.0,69047.72894688007,12784,58911.72894688007,0,1,0,1,0,0,0,0,0
22,40,2,5,4,2,1,2,7772,4,21,13,8,1,21,2.33,69047.72894688007,12784,61275.72894688007,1,1,0,1,0,0,0,1,1
34,19,4,2,2,1,3,4,13382,1,15,14,2,0,16,2.0,69047.72894688007,12784,55665.72894688007,1,0,0,1,0,0,0,1,1
35,37,3,5,1,4,1,1,5621,3,12,8,0,0,8,2.0,69047.72894688007,12784,63426.72894688007,1,0,0,0,0,0,0,1,0
31,7,3,2,4,3,4,2,10812,3,21,6,8,1,14,3.67,69047.72894688007,12784,58235.72894688007,0,0,1,1,0,0,0,1,0
36,30,1,3,1,4,4,1,8191,3,18,12,8,1,20,3.0,69047.72894688007,12784,60856.72894688007,1,0,0,1,0,0,0,1,1
45,40,1,4,1,1,1,4,9951,3,3,7,0,0,7,1.0,69047.72894688007,12784,59096.72894688007,0,0,0,1,0,1,0,0,0
42,49,2,3,5,1,1,4,5627,4,7,9,9,1,18,2.33,69047.72894688007,12784,63420.72894688007,1,0,1,0,0,0,1,0,0
30,38,1,4,4,4,2,3,14403,3,23,7,1,0,8,3.33,69047.72894688007,12784,54644.72894688007,0,1,0,0,1,0,0,1,1
38,10,3,2,3,3,3,3,6077,3,6,3,1,0,4,3.0,61845.10984536083,269,55768.10984536083,0,0,1,0,0,0,1,0,0
31,7,1,2,1,1,3,1,9625,3,23,13,8,1,21,1.67,69047.72894688007,12784,59422.72894688007,0,1,0,1,0,0,0,1,0
58,7,1,1,4,3,2,1,9004,4,19,13,6,1,19,3.0,69047.72894688007,12784,60043.72894688007,0,1,0,1,0,0,0,1,0
54,21,4,5,3,3,3,3,4432,3,18,4,9,1,13,3.0,69047.72894688007,12784,64615.72894688007,0,0,1,0,0,0,0,1,0
40,34,4,1,4,2,2,1,4318,2,4,13,7,1,20,2.67,69047.72894688007,12784,64729.72894688007,0,1,0,0,0,1,0,0,1
53,15,3,2,5,4,1,3,16527,4,11,10,0,0,10,3.33,69047.72894688007,12784,52520.72894688007,1,0,0,0,1,0,0,1,0
47,29,3,5,2,3,2,4,5535,2,20,10,6,1,16,2.33,69047.72894688007,12784,63512.72894688007,1,0,0,0,0,0,0,1,1
31,7,4,2,2,4,3,4,14523,4,3,4,3,1,7,3.0,69047.72894688007,12784,54524.72894688007,1,0,1,0,1,1,0,0,1
31,25,1,1,3,2,4,1,15446,4,26,10,2,0,12,3.0,102997.714045,2542,87551.714045,0,1,0,0,1,0,0,1,0
27,24,4,3,2,2,4,1,19363,3,20,8,0,0,8,2.67,102997.714045,2542,83634.714045,0,0,1,0,1,0,0,1,0
57,18,3,5,3,2,4,4,8484,2,28,6,3,1,9,3.0,69047.72894688007,12784,60563.72894688007,0,0,1,1,0,0,0,1,0
32,9,4,4,2,4,1,2,19493,4,22,7,2,0,9,2.33,69047.72894688007,12784,49554.72894688007,1,0,0,0,1,0,0,1,0
48,2,4,2,2,2,4,3,8120,3,2,2,2,0,4,2.67,91683.75438596492,139,83563.75438596492,0,0,1,1,0,0,0,0,0
48,28,4,2,4,2,1,1,7326,3,18,12,0,0,12,2.33,69047.72894688007,12784,61721.72894688007,0,0,0,0,0,0,0,1,0
46,15,1,4,5,1,1,4,16624,3,6,1,8,1,9,2.33,69047.72894688007,12784,52423.72894688007,0,1,0,0,1,0,1,0,0
44,2,3,3,3,4,2,1,15932,1,15,1,2,0,3,3.0,102997.714045,2542,87065.714045,0,0,0,0,1,0,0,1,0
40,7,3,3,2,1,4,2,11021,2,28,7,8,1,15,2.33,69047.72894688007,12784,58026.72894688007,0,0,1,1,0,0,0,1,0
35,30,3,4,3,1,4,4,12480,4,29,14,2,0,16,2.67,69047.72894688007,12784,56567.72894688007,1,0,0,1,0,0,0,1,1
53,36,1,5,3,4,3,1,10888,3,29,3,8,1,11,3.33,69047.72894688007,12784,58159.72894688007,1,0,0,1,0,0,0,1,0
43,33,3,5,4,3,3,2,9544,1,17,1,1,0,2,3.33,69047.72894688007,12784,59503.72894688007,0,1,0,1,0,0,0,1,0
22,23,4,2,1,4,2,3,16777,3,8,12,5,1,17,2.33,69047.72894688007,12784,52270.72894688007,0,0,1,0,1,0,1,0,0
34,45,2,1,5,4,4,1,11647,2,25,3,8,1,11,4.33,102997.714045,2542,91350.714045,1,0,1,1,0,0,0,1,0
26,16,3,1,3,3,1,1,8350,4,9,4,9,1,13,2.33,69047.72894688007,12784,60697.72894688007,1,1,0,1,0,0,1,0,1
29,31,3,5,4,2,2,4,4143,2,25,14,5,1,19,2.67,69047.72894688007,12784,64904.72894688007,0,1,0,0,0,0,0,1,0
52,1,2,3,4,3,1,4,16527,3,13,11,5,1,16,2.67,69047.72894688007,12784,52520.72894688007,0,1,0,0,1,0,0,1,0
43,1,1,3,4,3,4,4,14082,4,11,3,7,1,10,3.67,102997.714045,2542,88915.714045,1,1,0,0,1,0,0,1,0
44,38,4,2,1,1,4,1,16332,3,20,5,6,1,11,2.0,102997.714045,2542,86665.714045,0,0,1,0,1,0,0,1,0
24,4,2,4,5,4,2,4,17129,3,27,6,7,1,13,3.67,102997.714045,2542,85868.714045,0,0,0,0,1,0,0,1,0
49,32,2,2,1,1,2,2,14546,1,12,14,3,1,17,1.33,102997.714045,2542,88451.714045,0,0,0,0,1,0,0,1,0
38,48,4,1,2,3,4,2,6116,4,28,3,8,1,11,3.0,69047.72894688007,12784,62931.72894688007,1,1,0,0,0,0,0,1,1
50,26,3,5,4,4,4,4,10883,4,10,10,1,0,11,4.0,69047.72894688007,12784,58164.72894688007,1,0,0,1,0,0,1,0,0
44,20,4,1,3,2,2,1,5194,4,3,2,6,1,8,2.33,102997.714045,2542,97803.714045,0,1,0,0,0,1,0,0,0
26,44,4,5,1,1,2,4,16453,4,10,8,8,1,16,1.33,102997.714045,2542,86544.714045,1,0,0,0,1,0,1,0,0
41,21,3,2,5,3,4,3,14213,1,6,4,9,1,13,4.0,69047.72894688007,12784,54834.72894688007,1,1,0,0,1,0,1,0,0
59,24,3,2,2,1,1,4,13281,4,12,5,3,1,8,1.33,69047.72894688007,12784,55766.72894688007,1,0,1,1,0,0,0,1,0
47,42,2,1,2,4,1,2,8123,4,19,7,5,1,12,2.33,69047.72894688007,12784,60924.72894688007,1,0,1,1,0,0,0,1,0
27,47,3,4,5,1,4,2,5171,3,8,10,9,1,19,3.33,102997.714045,2542,97826.714045,0,0,1,0,0,0,1,0,0
30,5,4,5,2,3,1,4,14835,1,3,8,4,1,12,2.0,69047.72894688007,12784,54212.72894688007,1,0,1,0,1,1,0,0,0
57,11,2,5,5,1,3,1,19284,2,22,7,5,1,12,3.0,69047.72894688007,12784,49763.72894688007,1,0,0,0,1,0,0,1,0
27,15,2,1,1,4,4,2,4774,0,7,6,7,1,13,3.0,89817.88593023256,119,85043.88593023256,0,0,1,0,0,0,1,0,0
29,25,3,2,2,4,2,2,14922,3,29,13,7,1,20,2.67,69047.72894688007,12784,54125.72894688007,0,0,0,0,1,0,0,1,0
43,13,4,1,5,2,2,1,17696,4,5,9,5,1,14,3.0,69047.72894688007,12784,51351.72894688007,1,0,1,0,1,1,0,0,0
32,5,2,2,4,4,2,3,9679,8,1,0,0,0,0,3.33,69047.72894688007,12784,59368.72894688007,0,1,0,1,0,0,0,0,0
22,30,4,3,3,2,3,1,5748,2,21,13,3,1,16,2.67,69047.72894688007,12784,63299.72894688007,0,0,0,0,0,0,0,1,0
39,7,2,1,1,1,2,3,4098,1,20,8,7,1,15,1.33,102997.714045,2542,98899.714045,1,0,1,0,0,0,0,1,0
36,14,4,5,5,2,3,3,14636,2,13,1,0,0,1,3.33,69047.72894688007,12784,54411.72894688007,1,0,1,0,1,0,0,1,0
20,48,3,1,5,3,1,3,16556,4,27,14,4,1,18,3.0,69047.72894688007,12784,52491.72894688007,1,1,0,0,1,0,0,1,1
34,18,1,4,3,1,1,4,11567,3,14,1,9,1,10,1.67,102997.714045,2542,91430.714045,1,0,1,1,0,0,0,1,0
38,44,2,1,4,1,3,2,4621,3,10,6,7,1,13,2.67,69047.72894688007,12784,64426.72894688007,1,0,0,0,0,0,1,0,0
29,30,1,2,3,2,3,3,10531,2,17,5,1,0,6,2.67,69047.72894688007,12784,58516.72894688007,0,1,0,1,0,0,0,1,0
54,20,3,2,3,4,4,2,4869,3,4,3,0,0,3,3.67,89817.88593023256,119,84948.88593023256,0,1,0,0,0,1,0,0,0
35,26,4,2,1,3,4,1,9929,4,27,4,3,1,7,2.67,69047.72894688007,12784,59118.72894688007,1,1,0,1,0,0,0,1,0
49,14,2,5,5,4,4,2,11236,3,14,8,3,1,11,4.33,69047.72894688007,12784,57811.72894688007,0,1,0,1,0,0,0,1,0
20,47,3,2,2,3,4,3,17032,3,27,2,5,1,7,3.0,69047.72894688007,12784,52015.72894688007,1,0,0,0,1,0,0,1,0
22,24,2,2,3,1,1,1,15388,4,29,9,4,1,13,1.67,69047.72894688007,12784,53659.72894688007,1,0,1,0,1,0,0,1,0
23,12,4,2,5,2,2,2,9677,2,18,4,1,0,5,3.0,69047.72894688007,12784,59370.72894688007,1,0,1,1,0,0,0,1,0
52,33,1,4,2,4,4,1,10439,1,19,10,6,1,16,3.33,69047.72894688007,12784,58608.72894688007,0,0,0,1,0,0,0,1,0
35,25,1,3,3,3,4,3,13635,1,8,1,8,1,9,3.33,69047.72894688007,12784,55412.72894688007,1,0,0,1,0,0,1,0,0
52,3,3,3,4,1,2,2,4462,4,27,9,7,1,16,2.33,69047.72894688007,12784,64585.72894688007,1,0,0,0,0,0,0,1,0
23,42,4,2,2,1,3,2,19992,4,19,7,0,0,7,2.0,102997.714045,2542,83005.714045,0,0,0,0,1,0,0,1,0
25,37,1,1,4,3,3,3,16539,1,16,6,4,1,10,3.33,69047.72894688007,12784,52508.72894688007,0,1,0,0,1,0,0,1,1
32,49,3,1,1,4,2,1,7099,3,13,6,4,1,10,2.33,69047.72894688007,12784,61948.72894688007,0,1,0,0,0,0,0,1,1
56,19,1,3,4,3,4,1,4951,4,15,12,5,1,17,3.67,69047.72894688007,12784,64096.72894688007,1,0,0,0,0,0,0,1,1
29,40,4,2,2,2,4,4,11251,3,24,4,4,1,8,2.67,69047.72894688007,12784,57796.72894688007,1,0,0,1,0,0,0,1,0
23,41,4,2,5,2,4,4,9722,1,20,1,2,0,3,3.67,69047.72894688007,12784,59325.72894688007,0,0,1,1,0,0,0,1,0
50,25,3,4,2,4,2,1,13918,4,6,8,8,1,16,2.67,69047.72894688007,12784,55129.72894688007,1,1,0,0,1,0,1,0,0
41,36,2,4,1,1,3,2,9706,2,4,1,4,1,5,1.67,102997.714045,2542,93291.714045,0,1,0,1,0,1,0,0,0
53,26,2,5,3,3,1,2,17547,1,10,5,4,1,9,2.33,69047.72894688007,12784,51500.72894688007,1,0,1,0,1,0,1,0,1
22,16,3,3,1,2,1,2,17688,4,23,2,7,1,9,1.33,102997.714045,2542,85309.714045,1,0,0,0,1,0,0,1,1
48,5,1,2,3,4,4,1,5593,1,3,6,0,0,6,3.67,69047.72894688007,12784,63454.72894688007,0,1,0,0,0,1,0,0,0
50,1,3,4,4,4,3,2,17399,9,5,4,1,0,5,3.67,69047.72894688007,12784,51648.72894688007,0,0,0,0,1,1,0,0,0
33,7,2,3,2,1,4,4,8697,4,17,9,2,0,11,2.33,69047.72894688007,12784,60350.72894688007,1,0,1,1,0,0,0,1,0
48,43,3,3,2,4,3,4,11342,1,23,8,2,0,10,3.0,69047.72894688007,12784,57705.72894688007,0,0,1,1,0,0,0,1,1
55,18,2,2,1,1,1,2,14462,3,4,10,8,1,18,1.0,69047.72894688007,12784,54585.72894688007,1,0,0,0,1,1,0,0,0
34,35,1,4,2,4,2,2,15315,2,4,8,7,1,15,2.67,69047.72894688007,12784,53732.72894688007,0,0,1,0,1,1,0,0,0
46,31,1,5,3,2,2,2,18180,3,18,11,3,1,14,2.33,69047.72894688007,12784,50867.72894688007,0,0,0,0,1,0,0,1,1
51,49,3,1,3,1,2,4,17095,1,12,3,0,0,3,2.0,102997.714045,2542,85902.714045,0,0,1,0,1,0,0,1,0
27,35,1,1,3,4,1,2,12814,4,4,8,4,1,12,2.67,69047.72894688007,12784,56233.72894688007,1,0,1,1,0,1,0,0,0
51,19,4,2,4,1,4,1,15763,3,1,11,0,0,11,3.0,69047.72894688007,12784,53284.72894688007,0,1,0,0,1,0,0,0,0
40,14,3,1,1,4,3,1,11691,1,2,8,4,1,12,2.67,69047.72894688007,12784,57356.72894688007,0,0,0,1,0,0,0,0,0
27,16,4,4,1,1,4,3,5527,4,5,5,7,1,12,2.0,69047.72894688007,12784,63520.72894688007,0,0,1,0,0,1,0,0,0
49,17,4,2,5,3,3,3,13375,3,28,6,4,1,10,3.67,69047.72894688007,12784,55672.72894688007,1,1,0,1,0,0,0,1,0
43,48,4,5,1,1,1,2,9701,4,17,11,9,1,20,1.0,102997.714045,2542,93296.714045,0,0,0,1,0,0,0,1,1
24,10,3,2,3,4,4,4,4260,1,5,2,0,0,2,3.67,91683.75438596492,139,87423.75438596492,1,0,0,0,0,1,0,0,0
57,41,3,4,1,2,2,1,4819,1,7,12,7,1,19,1.67,69047.72894688007,12784,64228.72894688007,1,0,1,0,0,0,1,0,0
56,23,1,4,4,3,1,4,5827,4,19,7,8,1,15,2.67,69047.72894688007,12784,63220.72894688007,1,0,0,0,0,0,0,1,1
59,33,2,1,3,4,1,4,11290,4,3,10,4,1,14,2.67,69047.72894688007,12784,57757.72894688007,1,1,0,1,0,1,0,0,0
59,26,4,2,1,4,1,2,6876,1,1,9,2,0,11,2.0,69047.72894688007,12784,62171.72894688007,0,1,0,0,0,0,0,0,1
56,23,1,5,1,1,1,4,14940,4,23,14,6,1,20,1.0,102997.714045,2542,88057.714045,1,1,0,0,1,0,0,1,0
36,46,1,2,1,4,1,2,19404,1,25,10,2,0,12,2.0,102997.714045,2542,83593.714045,0,1,0,0,1,0,0,1,0
59,19,3,2,3,2,3,1,14957,2,15,3,2,0,5,2.67,102997.714045,2542,88040.714045,1,1,0,0,1,0,0,1,0
26,1,1,1,4,1,1,3,4364,3,2,2,2,0,4,2.0,17372.83423076923,33,13008.83423076923,0,0,0,0,0,0,0,0,0
48,22,3,4,4,4,2,3,17174,3,22,17,4,1,21,3.33,102997.714045,2542,85823.714045,0,0,0,0,1,0,0,1,0
31,19,3,2,1,2,3,3,10089,4,3,11,4,1,15,2.0,102997.714045,2542,92908.714045,1,0,0,1,0,1,0,0,0
47,26,4,5,1,1,2,1,9747,1,2,5,6,1,11,1.33,102997.714045,2542,93250.714045,0,1,0,1,0,0,0,0,0
22,1,2,2,4,4,1,1,4775,6,2,2,2,0,4,3.0,69047.72894688007,12784,64272.72894688007,0,0,1,0,0,0,0,0,0
25,32,4,4,3,3,1,1,9945,1,4,6,4,1,10,2.33,69047.72894688007,12784,59102.72894688007,0,0,1,1,0,1,0,0,0
57,16,4,1,3,1,3,2,17801,2,5,8,9,1,17,2.33,69047.72894688007,12784,51246.72894688007,1,0,1,0,1,1,0,0,0
47,3,3,3,4,4,1,1,15438,3,19,14,0,0,14,3.0,69047.72894688007,12784,53609.72894688007,1,1,0,0,1,0,0,1,0
37,23,4,2,5,4,4,2,8592,4,8,5,7,1,12,4.33,69047.72894688007,12784,60455.72894688007,1,0,1,1,0,0,1,0,0
31,9,2,5,5,4,3,2,5904,1,15,11,3,1,14,4.0,69047.72894688007,12784,63143.72894688007,0,0,1,0,0,0,0,1,0
45,9,2,4,4,3,1,4,10359,1,14,8,8,1,16,2.67,102997.714045,2542,92638.714045,0,0,0,1,0,0,0,1,1
45,38,3,1,5,2,2,2,4609,1,19,14,2,0,16,3.0,69047.72894688007,12784,64438.72894688007,1,0,1,0,0,0,0,1,0
22,23,4,4,5,3,2,1,12926,3,26,8,1,0,9,3.33,69047.72894688007,12784,56121.72894688007,1,0,1,1,0,0,0,1,0
49,23,2,4,1,4,1,4,10822,3,6,2,4,1,6,2.0,69047.72894688007,12784,58225.72894688007,1,1,0,1,0,0,1,0,0
37,11,3,1,3,1,1,3,3629,4,3,2,0,0,2,1.67,17372.83423076923,33,13743.83423076923,0,1,0,0,0,1,0,0,0
57,9,3,5,5,1,2,2,14383,3,6,7,4,1,11,2.67,69047.72894688007,12784,54664.72894688007,1,0,0,0,1,0,1,0,0
47,19,4,5,2,3,3,4,4710,3,22,4,6,1,10,2.67,102997.714045,2542,98287.714045,0,1,0,0,0,0,0,1,0
36,11,3,4,5,2,2,1,9147,4,16,13,6,1,19,3.0,69047.72894688007,12784,59900.72894688007,0,1,0,1,0,0,0,1,1
23,29,2,1,2,2,4,2,18826,4,3,1,2,0,3,2.67,69047.72894688007,12784,50221.72894688007,0,0,1,0,1,1,0,0,1
36,39,4,4,3,4,4,1,13160,4,17,4,4,1,8,3.67,69047.72894688007,12784,55887.72894688007,1,0,0,1,0,0,0,1,1
46,24,4,4,4,2,4,4,5920,2,20,8,6,1,14,3.33,69047.72894688007,12784,63127.72894688007,0,1,0,0,0,0,0,1,0
20,40,2,3,2,2,4,3,12141,2,28,5,4,1,9,2.67,69047.72894688007,12784,56906.72894688007,1,0,1,1,0,0,0,1,1
42,41,4,2,1,4,4,1,10490,3,4,10,4,1,14,3.0,102997.714045,2542,92507.714045,0,0,1,1,0,1,0,0,0
28,38,4,5,3,1,2,4,6856,2,8,5,3,1,8,2.0,102997.714045,2542,96141.714045,1,0,1,0,0,0,1,0,0
26,6,1,3,5,2,3,2,5881,2,25,14,8,1,22,3.33,69047.72894688007,12784,63166.72894688007,1,0,0,0,0,0,0,1,0
25,26,1,3,4,1,4,3,16285,3,6,7,4,1,11,3.0,69047.72894688007,12784,52762.72894688007,1,1,0,0,1,0,1,0,0
50,48,1,3,1,3,3,4,18374,3,28,8,8,1,16,2.33,69047.72894688007,12784,50673.72894688007,0,0,0,0,1,0,0,1,0
57,40,3,4,1,4,2,1,13501,2,21,2,5,1,7,2.33,69047.72894688007,12784,55546.72894688007,0,0,1,1,0,0,0,1,1
25,36,1,2,3,1,4,4,16279,1,18,9,3,1,12,2.67,69047.72894688007,12784,52768.72894688007,1,0,1,0,1,0,0,1,1
23,46,3,4,1,3,1,1,11544,4,8,13,5,1,18,1.67,69047.72894688007,12784,57503.72894688007,1,1,0,1,0,0,1,0,0
44,10,2,5,2,1,2,1,16219,2,21,8,5,1,13,1.67,69047.72894688007,12784,52828.72894688007,0,0,1,0,1,0,0,1,0
44,13,4,4,3,4,4,4,19729,3,20,7,6,1,13,3.67,102997.714045,2542,83268.714045,1,1,0,0,1,0,0,1,0
29,43,2,5,3,2,2,3,11008,3,26,4,0,0,4,2.33,69047.72894688007,12784,58039.72894688007,1,0,0,1,0,0,0,1,0
38,41,2,5,3,3,4,2,3037,2,7,7,1,0,8,3.33,69047.72894688007,12784,66010.72894688007,0,1,0,0,0,0,1,0,0
55,9,3,2,1,1,4,1,12005,3,8,13,0,0,13,2.0,69047.72894688007,12784,57042.72894688007,1,0,1,1,0,0,1,0,0
39,36,2,5,4,1,4,4,16741,3,28,13,0,0,13,3.0,69047.72894688007,12784,52306.72894688007,0,0,0,0,1,0,0,1,1
26,37,3,4,3,3,2,3,19814,1,27,10,2,0,12,2.67,102997.714045,2542,83183.714045,0,1,0,0,1,0,0,1,0
40,24,4,2,1,3,4,3,17400,1,24,14,4,1,18,2.67,69047.72894688007,12784,51647.72894688007,0,0,1,0,1,0,0,1,0
49,41,3,2,2,1,2,3,15802,4,29,4,9,1,13,1.67,102997.714045,2542,87195.714045,0,1,0,0,1,0,0,1,0
21,43,2,1,4,3,1,2,13007,4,3,9,8,1,17,2.67,69047.72894688007,12784,56040.72894688007,0,0,0,1,0,1,0,0,1
37,25,3,4,4,2,1,4,17453,1,14,11,5,1,16,2.33,102997.714045,2542,85544.714045,0,0,0,0,1,0,0,1,0
58,24,2,3,2,4,4,1,11521,1,11,2,7,1,9,3.33,69047.72894688007,12784,57526.72894688007,0,1,0,1,0,0,0,1,0
27,35,3,3,3,2,2,2,14016,1,28,2,1,0,3,2.33,102997.714045,2542,88981.714045,1,0,1,0,1,0,0,1,1
28,35,3,2,4,4,4,3,15441,1,10,7,8,1,15,4.0,69047.72894688007,12784,53606.72894688007,0,1,0,0,1,0,1,0,0
43,27,3,3,1,3,3,3,10820,8,8,7,0,0,7,2.33,69047.72894688007,12784,58227.72894688007,0,0,1,1,0,0,1,0,0
36,15,1,2,3,4,4,3,8697,3,1,9,2,0,11,3.67,102997.714045,2542,94300.714045,1,1,0,1,0,0,0,0,0
21,4,4,2,3,4,4,2,17105,1,29,10,6,1,16,3.67,69047.72894688007,12784,51942.72894688007,1,0,0,0,1,0,0,1,0
56,26,3,5,5,3,4,4,11632,4,2,7,6,1,13,4.0,102997.714045,2542,91365.714045,0,0,1,1,0,0,0,0,0
34,3,2,3,1,4,1,3,19624,2,15,1,2,0,3,2.0,102997.714045,2542,83373.714045,1,0,0,0,1,0,0,1,0
58,31,2,4,4,4,2,1,5010,1,13,6,2,0,8,3.33,102997.714045,2542,97987.714045,0,0,1,0,0,0,0,1,0
40,13,2,2,1,4,3,3,6143,2,15,9,5,1,14,2.67,69047.72894688007,12784,62904.72894688007,1,0,1,0,0,0,0,1,0
51,19,2,1,1,3,4,3,10846,3,11,3,7,1,10,2.67,102997.714045,2542,92151.714045,0,1,0,1,0,0,0,1,1
23,18,2,5,5,2,2,2,10398,3,13,12,5,1,17,3.0,102997.714045,2542,92599.714045,0,0,1,1,0,0,0,1,0
51,46,3,4,1,3,1,3,9782,3,25,6,1,0,7,1.67,69047.72894688007,12784,59265.72894688007,1,1,0,1,0,0,0,1,1
22,22,2,3,2,2,1,3,7303,3,24,14,5,1,19,1.67,69047.72894688007,12784,61744.72894688007,0,1,0,0,0,0,0,1,0
20,21,1,2,4,1,3,4,5660,3,16,9,2,0,11,2.67,102997.714045,2542,97337.714045,1,0,1,0,0,0,0,1,1
56,15,1,5,1,1,4,1,19700,2,28,7,3,1,10,2.0,69047.72894688007,12784,49347.72894688007,0,0,1,0,1,0,0,1,0
34,39,1,5,5,1,4,2,11125,2,28,9,6,1,15,3.33,69047.72894688007,12784,57922.72894688007,0,0,0,1,0,0,0,1,0
35,39,4,2,4,4,4,1,7543,3,21,7,6,1,13,4.0,69047.72894688007,12784,61504.72894688007,1,0,0,0,0,0,0,1,0
30,1,3,1,2,4,1,3,3579,0,11,9,5,1,14,2.33,89817.88593023256,119,86238.88593023256,1,0,1,0,0,0,0,1,0
35,11,3,2,4,4,4,3,4968,1,5,2,0,0,2,4.0,91683.75438596492,139,86715.75438596492,0,0,0,0,0,1,0,0,0
27,14,2,2,2,4,4,1,7775,3,18,10,9,1,19,3.33,69047.72894688007,12784,61272.72894688007,0,1,0,1,0,0,0,1,1
31,42,1,1,5,3,3,4,15681,2,20,12,2,0,14,3.67,69047.72894688007,12784,53366.72894688007,1,0,0,0,1,0,0,1,1
55,8,3,3,1,4,2,3,17129,3,11,10,1,0,11,2.33,69047.72894688007,12784,51918.72894688007,0,1,0,0,1,0,0,1,0
38,23,2,5,3,4,1,4,4043,4,21,13,4,1,17,2.67,69047.72894688007,12784,65004.72894688007,0,0,1,0,0,0,0,1,0
31,38,3,3,5,3,1,1,15429,1,1,6,2,0,8,3.0,69047.72894688007,12784,53618.72894688007,0,1,0,0,1,0,0,0,0
36,12,2,3,4,1,3,3,16332,3,7,11,2,0,13,2.67,69047.72894688007,12784,52715.72894688007,1,0,1,0,1,0,1,0,1
23,13,3,4,2,1,2,1,16971,1,27,6,0,0,6,1.67,69047.72894688007,12784,52076.72894688007,0,0,1,0,1,0,0,1,0
32,29,2,2,3,4,1,1,18278,4,20,2,0,0,2,2.67,69047.72894688007,12784,50769.72894688007,0,0,0,0,1,0,0,1,1
31,3,3,1,3,4,1,1,4084,1,7,2,7,1,9,2.67,89817.88593023256,119,85733.88593023256,0,1,0,0,0,0,1,0,1
51,38,2,1,1,1,1,2,7032,4,13,6,8,1,14,1.0,69047.72894688007,12784,62015.72894688007,0,0,0,0,0,0,0,1,0
45,28,3,2,3,1,4,1,7404,1,12,11,4,1,15,2.67,102997.714045,2542,95593.714045,1,0,1,0,0,0,0,1,0
48,17,2,5,4,3,1,3,10767,4,16,5,9,1,14,2.67,102997.714045,2542,92230.714045,0,1,0,1,0,0,0,1,1
23,12,2,3,2,4,4,4,12592,1,10,11,4,1,15,3.33,102997.714045,2542,90405.714045,1,0,0,1,0,0,1,0,1
29,15,3,1,4,3,1,3,2340,1,6,5,1,0,6,2.67,89817.88593023256,119,87477.88593023256,0,1,0,0,0,0,1,0,0
21,49,2,2,2,4,4,3,18076,2,20,13,2,0,15,3.33,69047.72894688007,12784,50971.72894688007,1,1,0,0,1,0,0,1,0
44,13,1,4,5,2,4,1,17061,3,2,6,3,1,9,3.67,69047.72894688007,12784,51986.72894688007,1,1,0,0,1,0,0,0,0
33,21,4,1,2,2,4,3,2028,1,14,11,2,0,13,2.67,17372.83423076923,33,15344.83423076923,0,0,1,0,0,0,0,1,0
21,5,3,2,3,4,4,4,7996,3,25,12,3,1,15,3.67,69047.72894688007,12784,61051.72894688007,0,1,0,1,0,0,0,1,0
59,9,4,5,2,2,4,3,18129,3,23,6,8,1,14,2.67,69047.72894688007,12784,50918.72894688007,1,0,1,0,1,0,0,1,0
34,15,3,4,5,3,4,3,19905,1,29,8,7,1,15,4.0,69047.72894688007,12784,49142.72894688007,0,0,1,0,1,0,0,1,0
33,19,2,1,2,2,2,4,4333,3,15,3,0,0,3,2.0,69047.72894688007,12784,64714.72894688007,1,0,0,0,0,0,0,1,0
53,43,3,3,5,1,2,1,8409,3,22,11,8,1,19,2.67,102997.714045,2542,94588.714045,1,1,0,1,0,0,0,1,0
20,5,3,2,4,2,2,1,8867,3,11,13,2,0,15,2.67,69047.72894688007,12784,60180.72894688007,1,0,1,1,0,0,0,1,0
47,49,3,1,5,2,4,1,15646,4,7,13,6,1,19,3.67,69047.72894688007,12784,53401.72894688007,0,0,1,0,1,0,1,0,0
57,45,4,4,5,2,1,2,8121,1,10,7,9,1,16,2.67,69047.72894688007,12784,60926.72894688007,1,1,0,1,0,0,1,0,0
30,29,3,3,2,3,2,3,9250,3,4,2,1,0,3,2.33,91683.75438596492,139,82433.75438596492,0,0,1,1,0,1,0,0,0
25,38,1,2,4,4,2,1,11848,4,20,1,3,1,4,3.33,102997.714045,2542,91149.714045,0,1,0,1,0,0,0,1,0
21,44,1,3,3,1,1,4,15341,1,6,6,9,1,15,1.67,69047.72894688007,12784,53706.72894688007,0,0,1,0,1,0,1,0,0
53,38,1,3,4,4,1,2,8477,3,23,13,3,1,16,3.0,69047.72894688007,12784,60570.72894688007,0,0,0,1,0,0,0,1,1
48,49,1,1,4,2,2,2,14775,2,25,12,6,1,18,2.67,69047.72894688007,12784,54272.72894688007,1,0,0,0,1,0,0,1,0
38,43,2,5,4,4,2,3,17913,4,25,1,0,0,1,3.33,69047.72894688007,12784,51134.72894688007,1,0,0,0,1,0,0,1,0
37,13,2,1,3,1,2,4,4322,3,17,5,8,1,13,2.0,69047.72894688007,12784,64725.72894688007,0,0,1,0,0,0,0,1,0
34,10,1,5,5,4,2,1,12208,4,29,11,9,1,20,3.67,69047.72894688007,12784,56839.72894688007,1,1,0,1,0,0,0,1,0
37,35,4,2,5,2,3,4,7936,3,3,1,2,0,3,3.33,102997.714045,2542,95061.714045,0,0,1,1,0,1,0,0,0
27,5,2,2,1,4,4,4,19720,4,5,14,2,0,16,3.0,69047.72894688007,12784,49327.72894688007,1,0,1,0,1,1,0,0,1
38,49,4,5,2,2,3,4,10688,1,12,12,7,1,19,2.33,69047.72894688007,12784,58359.72894688007,1,0,0,1,0,0,0,1,0
59,15,1,1,5,2,1,1,18479,3,3,4,3,1,7,2.67,102997.714045,2542,84518.714045,1,1,0,0,1,1,0,0,0
34,3,2,5,5,2,2,3,10272,3,8,12,7,1,19,3.0,69047.72894688007,12784,58775.72894688007,0,0,0,1,0,0,1,0,0
46,30,3,5,3,1,4,3,11792,1,14,9,4,1,13,2.67,69047.72894688007,12784,57255.72894688007,0,0,1,1,0,0,0,1,0
26,35,2,2,5,1,3,1,17331,2,29,2,8,1,10,3.0,102997.714045,2542,85666.714045,1,0,0,0,1,0,0,1,0
45,12,2,5,1,3,2,1,8000,2,16,8,3,1,11,2.0,69047.72894688007,12784,61047.72894688007,1,0,1,1,0,0,0,1,0
48,4,2,2,2,1,2,1,3428,3,5,10,6,1,16,1.67,69047.72894688007,12784,65619.72894688007,1,1,0,0,0,1,0,0,0
48,21,2,3,2,3,1,1,15327,1,16,13,2,0,15,2.0,69047.72894688007,12784,53720.72894688007,1,1,0,0,1,0,0,1,0
39,18,2,1,2,3,2,1,5075,3,16,9,4,1,13,2.33,69047.72894688007,12784,63972.72894688007,0,0,1,0,0,0,0,1,0
38,35,2,5,4,1,1,1,7183,1,8,9,5,1,14,2.0,69047.72894688007,12784,61864.72894688007,0,0,0,0,0,0,1,0,1
48,21,3,3,1,1,2,1,6268,1,18,6,8,1,14,1.33,102997.714045,2542,96729.714045,1,0,0,0,0,0,0,1,1
31,1,1,2,3,3,4,3,4345,0,5,4,1,0,5,3.33,69047.72894688007,12784,64702.72894688007,0,0,1,0,0,1,0,0,0
34,30,2,1,5,4,3,4,16331,2,29,7,0,0,7,4.0,102997.714045,2542,86666.714045,1,0,0,0,1,0,0,1,0
55,3,1,2,5,2,4,3,8007,1,6,8,0,0,8,3.67,102997.714045,2542,94990.714045,1,0,1,1,0,0,1,0,1
53,43,2,1,1,1,4,2,16583,3,26,2,8,1,10,2.0,69047.72894688007,12784,52464.72894688007,1,1,0,0,1,0,0,1,0
46,13,2,4,5,4,1,3,10367,2,21,3,4,1,7,3.33,69047.72894688007,12784,58680.72894688007,0,0,0,1,0,0,0,1,0
23,36,2,5,2,4,1,3,10061,2,1,12,9,1,21,2.33,69047.72894688007,12784,58986.72894688007,1,0,0,1,0,0,0,0,0
29,8,2,2,4,2,3,2,5056,1,10,7,1,0,8,3.0,69047.72894688007,12784,63991.72894688007,1,0,1,0,0,0,1,0,0
31,31,2,2,3,3,2,4,14256,2,10,5,9,1,14,2.67,69047.72894688007,12784,54791.72894688007,1,0,0,0,1,0,1,0,0
21,37,4,5,3,4,3,3,13816,1,21,13,9,1,22,3.33,102997.714045,2542,89181.714045,1,0,1,0,1,0,0,1,0
25,7,2,1,4,4,3,3,2889,1,2,2,2,0,4,3.67,89817.88593023256,119,86928.88593023256,0,0,1,0,0,0,0,0,0
20,1,4,5,3,2,4,3,12511,1,14,9,8,1,17,3.0,102997.714045,2542,90486.714045,0,0,0,1,0,0,0,1,0
59,47,3,5,1,1,2,3,17216,1,13,11,5,1,16,1.33,69047.72894688007,12784,51831.72894688007,1,0,1,0,1,0,0,1,0
36,8,3,1,5,4,1,4,5618,4,12,1,0,0,1,3.33,69047.72894688007,12784,63429.72894688007,1,1,0,0,0,0,0,1,0
52,22,1,2,3,2,2,4,19473,3,14,6,5,1,11,2.33,69047.72894688007,12784,49574.72894688007,0,1,0,0,1,0,0,1,0
51,36,1,5,5,4,1,1,19916,4,8,12,1,0,13,3.33,69047.72894688007,12784,49131.72894688007,0,0,0,0,1,0,1,0,1
42,2,3,5,3,1,1,2,18880,5,22,6,4,1,10,1.67,102997.714045,2542,84117.714045,0,0,1,0,1,0,0,1,0
42,38,4,1,3,3,4,1,12726,1,14,4,1,0,5,3.33,69047.72894688007,12784,56321.72894688007,1,0,0,1,0,0,0,1,0
26,47,3,3,3,3,1,4,7467,1,6,5,6,1,11,2.33,69047.72894688007,12784,61580.72894688007,0,1,0,0,0,0,1,0,0
33,31,3,5,2,3,2,2,4773,3,1,3,9,1,12,2.33,102997.714045,2542,98224.714045,0,0,0,0,0,0,0,0,0
37,34,3,3,3,3,4,4,5005,3,19,2,4,1,6,3.33,102997.714045,2542,97992.714045,0,1,0,0,0,0,0,1,1
41,26,2,4,5,3,1,3,9615,4,24,9,7,1,16,3.0,102997.714045,2542,93382.714045,1,0,1,1,0,0,0,1,0
42,43,1,3,1,4,3,3,5456,1,25,3,5,1,8,2.67,69047.72894688007,12784,63591.72894688007,0,1,0,0,0,0,0,1,0
22,7,3,5,3,3,3,3,7590,4,19,7,6,1,13,3.0,102997.714045,2542,95407.714045,0,0,1,0,0,0,0,1,0
55,10,2,3,1,2,3,2,14954,3,29,3,2,0,5,2.0,102997.714045,2542,88043.714045,1,0,0,0,1,0,0,1,0
45,6,3,1,2,2,1,2,4538,2,22,8,7,1,15,1.67,69047.72894688007,12784,64509.72894688007,0,1,0,0,0,0,0,1,0
34,18,3,1,1,3,2,4,3811,4,11,6,4,1,10,2.0,69047.72894688007,12784,65236.72894688007,1,1,0,0,0,0,0,1,1
43,2,2,1,2,3,1,2,5144,3,15,8,7,1,15,2.0,102997.714045,2542,97853.714045,0,0,0,0,0,0,0,1,0
42,38,3,2,2,2,2,4,4591,1,14,13,2,0,15,2.0,69047.72894688007,12784,64456.72894688007,1,1,0,0,0,0,0,1,0
52,6,4,1,3,3,1,3,19822,1,6,2,0,0,2,2.33,69047.72894688007,12784,49225.72894688007,1,0,0,0,1,0,1,0,0
34,1,1,4,1,3,1,1,19997,3,9,12,6,1,18,1.67,102997.714045,2542,83000.714045,0,0,1,0,1,0,1,0,0
47,49,1,5,4,1,1,1,17906,2,25,10,0,0,10,2.0,102997.714045,2542,85091.714045,0,0,0,0,1,0,0,1,0
20,46,4,2,5,1,1,3,7677,3,11,8,1,0,9,2.33,69047.72894688007,12784,61370.72894688007,1,0,1,1,0,0,0,1,0
47,13,4,3,5,2,3,4,14945,3,14,7,4,1,11,3.33,102997.714045,2542,88052.714045,0,0,0,0,1,0,0,1,1
58,7,2,3,1,3,4,2,10008,7,10,9,5,1,14,2.67,69047.72894688007,12784,59039.72894688007,1,0,1,1,0,0,1,0,1
58,3,1,2,1,2,2,4,3129,4,27,6,4,1,10,1.67,69047.72894688007,12784,65918.72894688007,1,0,0,0,0,0,0,1,0
54,15,1,4,3,2,3,3,3738,2,25,9,9,1,18,2.67,69047.72894688007,12784,65309.72894688007,1,1,0,0,0,0,0,1,0
45,44,1,3,5,4,4,1,16452,1,22,14,5,1,19,4.33,69047.72894688007,12784,52595.72894688007,0,0,1,0,1,0,0,1,0
35,15,2,3,5,4,1,4,9673,4,25,8,6,1,14,3.33,102997.714045,2542,93324.714045,1,1,0,1,0,0,0,1,0
51,14,1,1,1,1,3,2,12106,2,10,3,7,1,10,1.67,69047.72894688007,12784,56941.72894688007,0,0,0,1,0,0,1,0,0
34,3,2,2,4,4,3,2,8103,3,4,2,0,0,2,3.67,91683.75438596492,139,83580.75438596492,1,0,1,1,0,1,0,0,0
42,46,3,4,4,3,3,3,11361,2,8,2,0,0,2,3.33,102997.714045,2542,91636.714045,1,1,0,1,0,0,1,0,1
54,28,1,2,1,4,3,4,7553,2,12,12,0,0,12,2.67,102997.714045,2542,95444.714045,0,0,1,0,0,0,0,1,0
52,28,1,4,3,2,2,3,17245,1,26,3,1,0,4,2.33,69047.72894688007,12784,51802.72894688007,1,1,0,0,1,0,0,1,1
28,36,3,4,1,4,4,1,7553,4,8,2,2,0,4,3.0,102997.714045,2542,95444.714045,1,1,0,0,0,0,1,0,1
36,14,3,3,1,1,2,1,17467,3,28,1,6,1,7,1.33,102997.714045,2542,85530.714045,0,1,0,0,1,0,0,1,1
58,13,3,1,1,4,4,1,7044,2,26,14,3,1,17,3.0,69047.72894688007,12784,62003.72894688007,0,0,0,0,0,0,0,1,0
28,26,1,4,1,4,4,1,13196,3,9,11,6,1,17,3.0,102997.714045,2542,89801.714045,0,0,1,1,0,0,1,0,0
49,2,3,5,4,2,4,3,19161,3,5,4,4,1,8,3.33,69047.72894688007,12784,49886.72894688007,0,0,1,0,1,1,0,0,0
46,47,1,5,4,3,3,3,11360,4,1,7,0,0,7,3.33,102997.714045,2542,91637.714045,0,0,1,1,0,0,0,0,0
21,2,2,4,2,4,2,1,9779,2,22,4,6,1,10,2.67,69047.72894688007,12784,59268.72894688007,1,0,1,1,0,0,0,1,0
35,3,2,1,3,3,3,3,1281,1,1,0,0,0,0,3.0,17372.83423076923,33,16091.83423076923,0,0,1,0,0,0,0,0,0
28,27,1,2,1,2,2,2,4877,0,5,3,0,0,3,1.67,69047.72894688007,12784,64170.72894688007,0,0,0,0,0,1,0,0,0
47,24,2,1,1,1,2,1,9400,3,3,4,9,1,13,1.33,69047.72894688007,12784,59647.72894688007,0,0,0,1,0,1,0,0,0
56,34,1,1,1,1,3,2,14726,2,28,3,4,1,7,1.67,69047.72894688007,12784,54321.72894688007,0,1,0,0,1,0,0,1,0
29,10,1,4,3,2,4,1,4599,1,6,5,5,1,10,3.0,102997.714045,2542,98398.714045,1,0,1,0,0,0,1,0,0
53,8,3,2,5,2,2,3,17259,1,17,10,8,1,18,3.0,102997.714045,2542,85738.714045,1,0,1,0,1,0,0,1,0
54,45,3,3,4,1,4,3,9332,2,13,8,8,1,16,3.0,69047.72894688007,12784,59715.72894688007,1,1,0,1,0,0,0,1,0
37,28,1,4,3,3,1,1,19127,2,4,6,7,1,13,2.33,69047.72894688007,12784,49920.72894688007,0,1,0,0,1,1,0,0,0
38,17,2,3,3,3,1,2,8823,0,19,9,1,0,10,2.33,69047.72894688007,12784,60224.72894688007,0,0,1,1,0,0,0,1,0
55,42,2,3,4,1,3,3,15021,1,9,2,9,1,11,2.67,69047.72894688007,12784,54026.72894688007,0,0,1,0,1,0,1,0,1
32,25,3,1,4,1,3,1,2795,1,1,0,0,0,0,2.67,17372.83423076923,33,14577.83423076923,1,1,0,0,0,0,0,0,1
51,30,3,4,1,4,2,4,3376,2,14,4,3,1,7,2.33,69047.72894688007,12784,65671.72894688007,0,1,0,0,0,0,0,1,0
59,18,3,4,4,3,3,3,18368,2,11,4,4,1,8,3.33,69047.72894688007,12784,50679.72894688007,1,0,1,0,1,0,0,1,0
34,19,3,2,2,3,3,4,4444,4,11,8,5,1,13,2.67,17372.83423076923,33,12928.83423076923,0,0,0,0,0,0,0,1,0
53,10,1,1,4,3,1,1,3139,2,7,9,2,0,11,2.67,102997.714045,2542,99858.714045,1,0,0,0,0,0,1,0,1
53,22,1,2,5,1,3,1,17477,2,24,10,4,1,14,3.0,69047.72894688007,12784,51570.72894688007,1,1,0,0,1,0,0,1,0
49,30,4,4,4,2,2,4,12593,2,4,14,2,0,16,2.67,69047.72894688007,12784,56454.72894688007,1,0,0,1,0,1,0,0,0
24,3,1,5,3,4,3,1,19438,1,27,8,7,1,15,3.33,69047.72894688007,12784,49609.72894688007,0,1,0,0,1,0,0,1,0
33,11,3,4,2,2,4,4,9210,2,5,1,9,1,10,2.67,102997.714045,2542,93787.714045,0,1,0,1,0,1,0,0,0
22,31,2,2,3,1,3,2,4592,3,18,2,1,0,3,2.33,69047.72894688007,12784,64455.72894688007,0,0,1,0,0,0,0,1,0
20,48,3,2,1,3,2,4,8576,2,27,4,4,1,8,2.0,69047.72894688007,12784,60471.72894688007,0,1,0,1,0,0,0,1,0
35,15,1,5,4,4,1,4,11294,3,1,12,9,1,21,3.0,102997.714045,2542,91703.714045,1,0,1,1,0,0,0,0,1
21,6,2,3,3,1,1,3,12297,3,13,1,8,1,9,1.67,69047.72894688007,12784,56750.72894688007,0,0,1,1,0,0,0,1,0
42,39,4,3,5,4,1,3,12912,4,4,3,1,0,4,3.33,69047.72894688007,12784,56135.72894688007,0,1,0,1,0,1,0,0,0
33,37,1,1,1,3,1,1,16370,1,20,4,6,1,10,1.67,69047.72894688007,12784,52677.72894688007,0,0,1,0,1,0,0,1,0
24,19,2,5,2,2,3,3,18300,4,16,14,5,1,19,2.33,69047.72894688007,12784,50747.72894688007,1,1,0,0,1,0,0,1,0
50,17,1,1,4,1,3,1,14343,1,8,12,9,1,21,2.67,69047.72894688007,12784,54704.72894688007,0,0,1,0,1,0,1,0,0
49,26,1,4,2,2,3,4,6258,4,19,11,7,1,18,2.33,102997.714045,2542,96739.714045,0,1,0,0,0,0,0,1,0
31,13,4,4,3,2,1,4,12936,2,24,13,6,1,19,2.0,69047.72894688007,12784,56111.72894688007,1,0,0,1,0,0,0,1,0
24,49,2,4,4,4,1,3,17500,3,9,3,1,0,4,3.0,69047.72894688007,12784,51547.72894688007,1,1,0,0,1,0,1,0,0
39,15,3,5,1,1,1,3,16825,2,25,7,1,0,8,1.0,69047.72894688007,12784,52222.72894688007,0,1,0,0,1,0,0,1,0
29,48,3,5,4,3,3,1,5861,2,20,1,4,1,5,3.33,69047.72894688007,12784,63186.72894688007,0,0,0,0,0,0,0,1,0
52,4,1,5,2,2,3,3,16916,1,1,1,8,1,9,2.33,69047.72894688007,12784,52131.72894688007,1,0,1,0,1,0,0,0,0
53,4,3,3,5,4,2,2,5331,2,19,6,3,1,9,3.67,69047.72894688007,12784,63716.72894688007,1,1,0,0,0,0,0,1,1
29,48,3,5,1,1,2,1,17861,4,24,6,6,1,12,1.33,69047.72894688007,12784,51186.72894688007,0,0,1,0,1,0,0,1,0
40,35,1,5,4,3,3,4,7170,2,26,11,7,1,18,3.33,69047.72894688007,12784,61877.72894688007,1,1,0,0,0,0,0,1,0
49,3,2,2,1,3,1,3,4789,4,3,2,1,0,3,1.67,17372.83423076923,33,12583.83423076923,0,0,1,0,0,1,0,0,0
23,38,1,1,2,2,3,1,8452,2,16,2,4,1,6,2.33,69047.72894688007,12784,60595.72894688007,1,0,0,1,0,0,0,1,0
20,12,3,1,5,2,1,3,18780,1,29,8,3,1,11,2.67,102997.714045,2542,84217.714045,0,0,0,0,1,0,0,1,0
48,36,2,2,4,4,3,1,9207,3,1,1,4,1,5,3.67,102997.714045,2542,93790.714045,1,0,1,1,0,0,0,0,0
50,37,4,4,5,3,4,3,19992,1,19,1,6,1,7,4.0,69047.72894688007,12784,49055.72894688007,1,0,0,0,1,0,0,1,0
30,10,1,2,3,2,2,1,9467,3,12,11,2,0,13,2.33,69047.72894688007,12784,59580.72894688007,1,1,0,1,0,0,0,1,0
47,20,3,3,5,2,2,1,15821,1,12,3,0,0,3,3.0,102997.714045,2542,87176.714045,1,1,0,0,1,0,0,1,0
22,19,1,2,3,3,2,2,16707,1,8,8,1,0,9,2.67,102997.714045,2542,86290.714045,0,0,0,0,1,0,1,0,0
50,14,3,5,5,3,4,2,17829,4,27,6,4,1,10,4.0,69047.72894688007,12784,51218.72894688007,1,1,0,0,1,0,0,1,0
25,1,3,3,5,3,4,1,18586,2,8,1,3,1,4,4.0,69047.72894688007,12784,50461.72894688007,0,0,1,0,1,0,1,0,0
32,24,4,5,5,1,1,1,17482,1,19,14,6,1,20,2.33,69047.72894688007,12784,51565.72894688007,0,0,0,0,1,0,0,1,0
38,12,4,1,1,2,4,3,15983,4,14,2,8,1,10,2.33,69047.72894688007,12784,53064.72894688007,1,1,0,0,1,0,0,1,1
44,13,4,3,4,2,4,3,10303,3,23,11,5,1,16,3.33,69047.72894688007,12784,58744.72894688007,0,0,1,1,0,0,0,1,1
27,4,2,2,5,2,2,1,11431,4,19,2,2,0,4,3.0,69047.72894688007,12784,57616.72894688007,1,0,1,1,0,0,0,1,0
31,16,1,2,1,4,3,4,3978,1,15,11,9,1,20,2.67,102997.714045,2542,99019.714045,0,1,0,0,0,0,0,1,1
55,29,1,1,1,2,1,2,7631,1,12,3,6,1,9,1.33,69047.72894688007,12784,61416.72894688007,0,0,0,1,0,0,0,1,0
23,14,4,5,2,1,1,1,18230,1,7,13,9,1,22,1.33,102997.714045,2542,84767.714045,1,1,0,0,1,0,1,0,0
20,45,2,1,2,1,1,2,5381,2,23,1,8,1,9,1.33,69047.72894688007,12784,63666.72894688007,1,0,0,0,0,0,0,1,0
28,13,3,2,3,4,4,3,9854,3,2,0,2,0,2,3.67,91683.75438596492,139,81829.75438596492,1,1,0,1,0,0,0,0,1
44,2,1,4,2,2,3,4,17530,3,12,5,8,1,13,2.33,69047.72894688007,12784,51517.72894688007,0,1,0,0,1,0,0,1,0
44,29,4,1,2,3,4,1,19412,2,13,10,3,1,13,3.0,69047.72894688007,12784,49635.72894688007,0,1,0,0,1,0,0,1,0
39,49,3,4,1,3,3,2,19799,4,6,10,9,1,19,2.33,69047.72894688007,12784,49248.72894688007,0,1,0,0,1,0,1,0,0
30,17,3,3,1,2,4,3,11916,1,9,1,0,0,1,2.33,102997.714045,2542,91081.714045,1,0,1,1,0,0,1,0,0
26,1,2,1,3,1,3,3,2007,1,5,3,1,0,4,2.33,89817.88593023256,119,87810.88593023256,0,0,0,0,0,1,0,0,0
46,48,1,1,3,2,1,3,3007,3,11,14,0,0,14,2.0,69047.72894688007,12784,66040.72894688007,0,1,0,0,0,0,0,1,1
21,10,2,1,1,1,2,3,8127,3,28,9,2,0,11,1.33,102997.714045,2542,94870.714045,0,0,1,1,0,0,0,1,0
36,8,3,2,4,1,4,3,5079,4,7,7,0,0,7,3.0,91683.75438596492,139,86604.75438596492,0,0,0,0,0,0,1,0,0
27,48,2,1,2,4,3,3,6622,4,14,11,1,0,12,3.0,102997.714045,2542,96375.714045,1,0,0,0,0,0,0,1,0
25,35,2,1,3,4,4,4,8508,1,16,1,2,0,3,3.67,69047.72894688007,12784,60539.72894688007,0,1,0,1,0,0,0,1,0
25,6,3,1,5,3,4,2,6765,2,8,11,5,1,16,4.0,102997.714045,2542,96232.714045,1,0,0,0,0,0,1,0,0
20,9,2,3,2,2,3,2,3375,1,2,8,6,1,14,2.33,69047.72894688007,12784,65672.72894688007,1,0,1,0,0,0,0,0,0
36,5,3,5,1,1,2,2,18861,1,27,12,9,1,21,1.33,69047.72894688007,12784,50186.72894688007,0,1,0,0,1,0,0,1,0
50,17,1,1,4,4,2,2,16158,2,14,4,9,1,13,3.33,69047.72894688007,12784,52889.72894688007,0,1,0,0,1,0,0,1,0
40,15,2,1,1,3,3,4,11014,3,5,7,6,1,13,2.33,102997.714045,2542,91983.714045,1,1,0,1,0,1,0,0,0
20,24,4,3,1,2,1,2,17262,3,10,12,9,1,21,1.33,69047.72894688007,12784,51785.72894688007,0,1,0,0,1,0,1,0,0
23,17,1,1,2,2,3,2,8869,2,24,6,9,1,15,2.33,69047.72894688007,12784,60178.72894688007,1,0,1,1,0,0,0,1,0
48,10,3,2,1,2,4,2,10773,1,13,13,7,1,20,2.33,69047.72894688007,12784,58274.72894688007,0,1,0,1,0,0,0,1,0
54,31,4,5,5,2,4,2,6162,1,4,6,2,0,8,3.67,69047.72894688007,12784,62885.72894688007,0,0,1,0,0,1,0,0,0
24,3,3,1,4,2,4,4,17034,2,18,7,4,1,11,3.33,69047.72894688007,12784,52013.72894688007,1,1,0,0,1,0,0,1,0
43,42,3,2,1,3,4,1,17331,1,23,12,9,1,21,2.67,69047.72894688007,12784,51716.72894688007,1,0,0,0,1,0,0,1,0
32,8,4,2,4,3,3,4,6209,1,10,7,0,0,7,3.33,91683.75438596492,139,85474.75438596492,0,0,1,0,0,0,1,0,0
34,4,2,3,1,1,2,2,12699,1,8,6,4,1,10,1.33,69047.72894688007,12784,56348.72894688007,0,1,0,1,0,0,1,0,0
25,19,2,1,2,3,3,3,2413,1,1,0,0,0,0,2.67,69047.72894688007,12784,66634.72894688007,1,0,1,0,0,0,0,0,1
56,25,2,2,2,3,2,4,3121,2,26,5,8,1,13,2.33,69047.72894688007,12784,65926.72894688007,1,0,0,0,0,0,0,1,1
43,31,4,4,3,1,4,1,18599,4,28,1,9,1,10,2.67,69047.72894688007,12784,50448.72894688007,0,0,1,0,1,0,0,1,0
54,4,2,1,3,2,1,3,11994,4,29,5,7,1,12,2.0,102997.714045,2542,91003.714045,1,0,0,1,0,0,0,1,0
40,18,2,2,1,3,1,3,18710,4,28,6,2,0,8,1.67,69047.72894688007,12784,50337.72894688007,0,0,1,0,1,0,0,1,0
36,21,1,1,2,1,4,4,7836,4,12,1,9,1,10,2.33,102997.714045,2542,95161.714045,0,0,0,1,0,0,0,1,0
45,19,3,3,5,2,4,2,8916,1,10,8,3,1,11,3.67,69047.72894688007,12784,60131.72894688007,0,0,1,1,0,0,1,0,0
41,2,3,5,4,4,3,2,7436,3,25,14,4,1,18,3.67,102997.714045,2542,95561.714045,0,0,0,0,0,0,0,1,0
31,23,4,3,3,4,4,4,12531,3,29,3,3,1,6,3.67,69047.72894688007,12784,56516.72894688007,0,1,0,1,0,0,0,1,0
34,49,3,2,3,4,4,4,19985,3,13,13,3,1,16,3.67,102997.714045,2542,83012.714045,0,1,0,0,1,0,0,1,0
54,36,1,3,3,4,2,3,9332,3,13,7,1,0,8,3.0,102997.714045,2542,93665.714045,0,0,0,1,0,0,0,1,0
37,10,3,1,2,2,1,1,3936,1,8,4,7,1,11,1.67,89817.88593023256,119,85881.88593023256,0,0,1,0,0,0,1,0,0
57,27,1,4,2,2,1,4,8993,3,8,8,2,0,10,1.67,102997.714045,2542,94004.714045,0,0,1,1,0,0,1,0,0
53,20,2,1,1,4,1,4,7227,3,16,1,9,1,10,2.0,102997.714045,2542,95770.714045,0,0,0,0,0,0,0,1,0
21,9,3,3,2,2,2,2,15705,3,19,11,0,0,11,2.0,102997.714045,2542,87292.714045,1,1,0,0,1,0,0,1,0
46,24,1,2,5,3,3,2,9030,1,20,9,5,1,14,3.67,102997.714045,2542,93967.714045,0,0,0,1,0,0,0,1,0
53,42,2,2,3,4,3,2,18078,4,27,4,4,1,8,3.33,69047.72894688007,12784,50969.72894688007,0,0,0,0,1,0,0,1,0
59,28,3,2,5,1,1,4,13177,4,21,10,1,0,11,2.33,102997.714045,2542,89820.714045,0,0,0,1,0,0,0,1,0
44,17,4,4,2,2,4,4,6870,2,19,13,1,0,14,2.67,102997.714045,2542,96127.714045,1,0,1,0,0,0,0,1,0
49,45,1,5,1,2,1,1,5348,4,18,2,3,1,5,1.33,102997.714045,2542,97649.714045,0,1,0,0,0,0,0,1,0
43,28,4,1,3,2,4,3,4739,4,3,2,1,0,3,3.0,89817.88593023256,119,85078.88593023256,0,1,0,0,0,1,0,0,0
20,27,2,3,3,2,4,1,16547,4,15,7,4,1,11,3.0,102997.714045,2542,86450.714045,1,0,1,0,1,0,0,1,0
21,30,1,4,4,1,1,1,3223,2,3,9,9,1,18,2.0,102997.714045,2542,99774.714045,0,0,0,0,0,1,0,0,0
41,10,1,2,3,3,1,3,17285,2,6,13,8,1,21,2.33,69047.72894688007,12784,51762.72894688007,1,0,1,0,1,0,1,0,1
42,2,3,1,3,3,3,3,2696,0,3,2,1,0,3,3.0,61845.10984536083,269,59149.10984536083,1,0,0,0,0,1,0,0,0
25,13,3,5,1,1,2,2,18143,1,24,8,0,0,8,1.33,69047.72894688007,12784,50904.72894688007,1,0,0,0,1,0,0,1,0
49,45,3,1,4,4,4,2,8801,2,24,4,4,1,8,4.0,69047.72894688007,12784,60246.72894688007,0,0,1,1,0,0,0,1,0
36,25,4,4,1,2,3,2,9808,4,20,10,5,1,15,2.0,69047.72894688007,12784,59239.72894688007,1,0,1,1,0,0,0,1,1
44,30,3,3,3,3,1,1,8131,3,10,10,1,0,11,2.33,69047.72894688007,12784,60916.72894688007,0,0,0,1,0,0,1,0,0
29,17,2,4,3,4,1,3,12721,4,26,5,6,1,11,2.67,69047.72894688007,12784,56326.72894688007,0,1,0,1,0,0,0,1,1
24,19,1,2,4,2,2,2,15599,4,24,7,6,1,13,2.67,69047.72894688007,12784,53448.72894688007,1,0,0,0,1,0,0,1,0
21,23,2,2,3,1,2,4,18441,2,26,3,8,1,11,2.0,69047.72894688007,12784,50606.72894688007,1,0,1,0,1,0,0,1,0
35,23,3,1,1,3,3,3,4014,3,2,2,2,0,4,2.33,17372.83423076923,33,13358.83423076923,1,0,1,0,0,0,0,0,0
25,8,1,2,2,4,3,1,14467,2,5,13,3,1,16,3.0,69047.72894688007,12784,54580.72894688007,1,0,1,0,1,1,0,0,1
23,38,1,2,1,4,1,3,4289,4,21,3,1,0,4,2.0,69047.72894688007,12784,64758.72894688007,0,0,0,0,0,0,0,1,0
49,8,2,4,2,4,2,3,13120,6,9,8,2,0,10,2.67,91683.75438596492,139,78563.75438596492,0,0,1,1,0,0,1,0,0
38,23,4,4,3,2,1,4,3887,3,27,6,2,0,8,2.0,69047.72894688007,12784,65160.72894688007,1,0,0,0,0,0,0,1,0
23,47,1,2,1,3,2,3,9809,1,5,2,0,0,2,2.0,69047.72894688007,12784,59238.72894688007,1,0,0,1,0,1,0,0,0
56,33,1,3,2,4,4,3,5533,3,10,7,5,1,12,3.33,69047.72894688007,12784,63514.72894688007,1,0,1,0,0,0,1,0,0
50,2,4,1,1,2,4,1,19581,1,26,8,4,1,12,2.33,69047.72894688007,12784,49466.72894688007,0,0,0,0,1,0,0,1,0
43,31,3,5,2,4,1,2,11156,4,26,12,6,1,18,2.33,69047.72894688007,12784,57891.72894688007,1,1,0,1,0,0,0,1,0
51,12,4,4,4,3,1,3,4919,3,28,7,8,1,15,2.67,69047.72894688007,12784,64128.72894688007,0,1,0,0,0,0,0,1,0
55,46,1,3,3,2,4,2,5001,1,10,6,9,1,15,3.0,69047.72894688007,12784,64046.72894688007,0,0,1,0,0,0,1,0,0
34,9,2,5,4,3,4,3,5364,2,20,6,2,0,8,3.67,69047.72894688007,12784,63683.72894688007,0,0,0,0,0,0,0,1,0
35,1,4,5,5,2,4,1,13369,4,17,13,7,1,20,3.67,69047.72894688007,12784,55678.72894688007,1,0,1,1,0,0,0,1,0
32,24,4,2,2,4,3,3,4289,4,26,14,2,0,16,3.0,69047.72894688007,12784,64758.72894688007,1,0,1,0,0,0,0,1,0
37,20,2,3,4,3,4,1,3896,4,21,9,2,0,11,3.67,69047.72894688007,12784,65151.72894688007,0,0,1,0,0,0,0,1,0
33,14,1,5,5,4,3,3,6019,1,5,2,7,1,9,4.0,69047.72894688007,12784,63028.72894688007,0,0,0,0,0,1,0,0,0
47,28,4,1,4,4,2,2,18295,4,17,3,9,1,12,3.33,102997.714045,2542,84702.714045,0,0,1,0,1,0,0,1,0
54,35,3,2,2,3,3,4,9310,2,14,7,2,0,9,2.67,69047.72894688007,12784,59737.72894688007,1,0,1,1,0,0,0,1,1
47,15,2,3,1,4,2,2,7307,3,10,4,8,1,12,2.33,102997.714045,2542,95690.714045,0,0,0,0,0,0,1,0,0
38,42,3,3,2,1,4,2,9911,1,10,3,5,1,8,2.33,69047.72894688007,12784,59136.72894688007,1,1,0,1,0,0,1,0,0
40,6,3,4,3,2,3,3,13237,7,20,6,5,1,11,2.67,69047.72894688007,12784,55810.72894688007,0,1,0,1,0,0,0,1,0
45,14,2,2,5,4,3,3,16047,4,28,6,4,1,10,4.0,102997.714045,2542,86950.714045,0,0,0,0,1,0,0,1,0
32,12,2,1,2,2,4,4,11701,4,7,1,1,0,2,2.67,69047.72894688007,12784,57346.72894688007,0,1,0,1,0,0,1,0,0
34,47,3,5,2,3,3,3,17840,3,19,9,6,1,15,2.67,69047.72894688007,12784,51207.72894688007,1,0,1,0,1,0,0,1,0
33,27,1,2,5,1,1,2,18650,1,28,7,5,1,12,2.33,69047.72894688007,12784,50397.72894688007,0,0,0,0,1,0,0,1,0
39,1,3,2,4,4,4,3,6472,1,9,8,5,1,13,4.0,17372.83423076923,33,10900.83423076923,1,0,1,0,0,0,1,0,0
23,13,3,4,3,1,1,2,7407,2,28,12,6,1,18,1.67,69047.72894688007,12784,61640.72894688007,1,0,0,0,0,0,0,1,1
39,4,1,3,3,4,3,3,7348,4,21,5,1,0,6,3.33,69047.72894688007,12784,61699.72894688007,1,0,1,0,0,0,0,1,0
48,1,2,4,1,4,1,1,15402,7,3,2,0,0,2,2.0,102997.714045,2542,87595.714045,0,0,1,0,1,1,0,0,0
57,5,2,4,2,1,3,2,15958,3,18,6,6,1,12,2.0,69047.72894688007,12784,53089.72894688007,1,0,0,0,1,0,0,1,0
33,17,3,4,3,4,4,3,17444,1,10,8,6,1,14,3.67,102997.714045,2542,85553.714045,0,1,0,0,1,0,1,0,0
51,2,3,3,1,2,4,3,19074,4,21,13,2,0,15,2.33,69047.72894688007,12784,49973.72894688007,1,0,1,0,1,0,0,1,0
53,26,1,1,3,1,1,1,12947,3,4,4,7,1,11,1.67,69047.72894688007,12784,56100.72894688007,1,0,0,1,0,1,0,0,0
40,49,4,2,5,2,2,4,7839,3,25,2,5,1,7,3.0,69047.72894688007,12784,61208.72894688007,1,1,0,1,0,0,0,1,1
43,22,3,1,1,3,2,4,9030,1,11,9,0,0,9,2.0,69047.72894688007,12784,60017.72894688007,0,0,1,1,0,0,0,1,0
31,20,3,3,3,1,1,3,9824,3,1,0,0,0,0,1.67,69047.72894688007,12784,59223.72894688007,0,0,1,1,0,0,0,0,1
21,23,2,3,2,4,2,3,9020,3,29,1,8,1,9,2.67,69047.72894688007,12784,60027.72894688007,0,0,0,1,0,0,0,1,1
49,34,3,5,5,2,2,2,6695,2,16,6,8,1,14,3.0,102997.714045,2542,96302.714045,0,0,0,0,0,0,0,1,0
48,16,1,1,1,4,2,1,5966,4,21,14,5,1,19,2.33,102997.714045,2542,97031.714045,1,0,1,0,0,0,0,1,0
48,29,4,5,5,2,1,2,19515,3,19,10,0,0,10,2.67,69047.72894688007,12784,49532.72894688007,0,0,1,0,1,0,0,1,0
31,47,1,3,3,3,1,4,5995,3,29,3,6,1,9,2.33,69047.72894688007,12784,63052.72894688007,1,1,0,0,0,0,0,1,0
45,19,4,3,4,4,2,1,13337,1,9,14,0,0,14,3.33,69047.72894688007,12784,55710.72894688007,0,0,1,1,0,0,1,0,0
37,46,2,1,4,1,3,3,12839,4,18,10,0,0,10,2.67,69047.72894688007,12784,56208.72894688007,0,0,0,1,0,0,0,1,0
52,21,2,3,2,2,1,4,7692,1,27,9,4,1,13,1.67,69047.72894688007,12784,61355.72894688007,1,1,0,1,0,0,0,1,0
53,13,3,3,1,3,2,3,8761,1,15,9,4,1,13,2.0,69047.72894688007,12784,60286.72894688007,1,0,1,1,0,0,0,1,0
27,21,1,5,5,3,2,3,18605,3,25,12,0,0,12,3.33,69047.72894688007,12784,50442.72894688007,1,0,1,0,1,0,0,1,1
50,39,4,5,4,4,4,3,18595,3,24,9,4,1,13,4.0,69047.72894688007,12784,50452.72894688007,1,0,0,0,1,0,0,1,1
54,23,2,4,5,4,1,2,19096,4,28,7,0,0,7,3.33,69047.72894688007,12784,49951.72894688007,1,0,0,0,1,0,0,1,1
46,41,2,1,2,1,3,2,16331,1,29,8,8,1,16,2.0,69047.72894688007,12784,52716.72894688007,0,0,1,0,1,0,0,1,0
51,16,3,3,1,1,2,1,10905,2,25,7,1,0,8,1.33,102997.714045,2542,92092.714045,1,0,0,1,0,0,0,1,1
34,8,4,2,3,2,3,3,6799,1,10,8,4,1,12,2.67,91683.75438596492,139,84884.75438596492,0,0,1,0,0,0,1,0,0
56,9,3,1,2,4,1,1,15589,2,29,6,9,1,15,2.33,102997.714045,2542,87408.714045,0,1,0,0,1,0,0,1,0
29,1,3,2,3,4,1,3,4319,1,10,7,0,0,7,2.67,69047.72894688007,12784,64728.72894688007,0,0,1,0,0,0,1,0,0
38,10,2,1,4,4,4,3,10072,1,2,13,7,1,20,4.0,102997.714045,2542,92925.714045,1,1,0,1,0,0,0,0,0
47,47,3,4,4,2,2,1,16997,3,12,8,2,0,10,2.67,69047.72894688007,12784,52050.72894688007,0,0,1,0,1,0,0,1,0
59,49,2,1,1,2,2,1,6581,2,5,13,5,1,18,1.67,69047.72894688007,12784,62466.72894688007,0,0,1,0,0,1,0,0,1
31,1,1,1,3,2,2,3,1359,1,1,0,0,0,0,2.33,69047.72894688007,12784,67688.72894688007,0,1,0,0,0,0,0,0,1
34,46,3,3,4,1,3,2,5979,2,19,5,2,0,7,2.67,69047.72894688007,12784,63068.72894688007,0,0,0,0,0,0,0,1,0
25,37,2,2,5,2,1,4,14048,2,20,13,3,1,16,2.67,69047.72894688007,12784,54999.72894688007,1,0,0,0,1,0,0,1,1
36,22,1,2,3,3,2,4,15707,4,29,5,9,1,14,2.67,102997.714045,2542,87290.714045,0,0,1,0,1,0,0,1,0
31,18,4,1,1,4,3,3,2956,0,1,0,0,0,0,2.67,61845.10984536083,269,58889.10984536083,0,0,1,0,0,0,0,0,1
28,31,4,4,1,3,1,2,16616,3,20,5,8,1,13,1.67,69047.72894688007,12784,52431.72894688007,0,1,0,0,1,0,0,1,0
42,15,3,1,4,2,3,2,19361,2,16,8,5,1,13,3.0,69047.72894688007,12784,49686.72894688007,1,0,1,0,1,0,0,1,1
45,3,2,1,3,2,2,2,3045,1,1,2,0,0,2,2.33,69047.72894688007,12784,66002.72894688007,1,0,0,0,0,0,0,0,1
25,20,1,2,1,2,4,3,14708,4,15,5,7,1,12,2.33,69047.72894688007,12784,54339.72894688007,1,0,0,0,1,0,0,1,0
40,17,2,2,1,1,1,2,6251,4,15,13,0,0,13,1.0,69047.72894688007,12784,62796.72894688007,0,1,0,0,0,0,0,1,0
47,2,3,2,4,1,3,3,5070,5,5,0,0,0,0,2.67,69047.72894688007,12784,63977.72894688007,0,0,0,0,0,1,0,0,0
44,20,2,5,1,1,3,2,13537,2,20,1,4,1,5,1.67,69047.72894688007,12784,55510.72894688007,0,1,0,1,0,0,0,1,1
47,32,2,5,2,2,3,2,3910,2,12,10,1,0,11,2.33,69047.72894688007,12784,65137.72894688007,0,1,0,0,0,0,0,1,0
54,6,4,1,3,2,4,3,11697,4,4,1,4,1,5,3.0,69047.72894688007,12784,57350.72894688007,1,1,0,1,0,1,0,0,0
26,7,4,1,1,3,4,3,3578,0,7,7,0,0,7,2.67,17372.83423076923,33,13794.83423076923,0,1,0,0,0,0,1,0,0
45,43,3,1,3,2,1,2,7532,2,10,8,2,0,10,2.0,69047.72894688007,12784,61515.72894688007,0,0,0,0,0,0,1,0,0
30,32,2,4,5,1,2,1,11933,3,10,6,4,1,10,2.67,69047.72894688007,12784,57114.72894688007,0,1,0,1,0,0,1,0,0
38,43,1,5,1,3,4,1,12425,3,21,13,1,0,14,2.67,102997.714045,2542,90572.714045,1,0,0,1,0,0,0,1,0
28,6,2,1,3,3,4,3,2703,1,3,1,0,0,1,3.33,89817.88593023256,119,87114.88593023256,1,0,0,0,0,1,0,0,0
45,6,2,5,1,4,2,3,3184,3,28,8,8,1,16,2.33,69047.72894688007,12784,65863.72894688007,0,0,1,0,0,0,0,1,0
28,37,1,4,3,4,3,1,5207,4,6,10,5,1,15,3.33,69047.72894688007,12784,63840.72894688007,0,0,1,0,0,0,1,0,0
50,31,1,4,5,2,2,2,14766,3,1,8,6,1,14,3.0,69047.72894688007,12784,54281.72894688007,0,0,1,0,1,0,0,0,0
23,49,1,3,4,4,1,3,13533,4,26,13,2,0,15,3.0,102997.714045,2542,89464.714045,1,0,0,1,0,0,0,1,0
45,35,2,4,2,3,4,2,8196,2,24,1,0,0,1,3.0,69047.72894688007,12784,60851.72894688007,0,0,0,1,0,0,0,1,1
21,4,3,1,1,1,4,2,8795,4,1,11,2,0,13,2.0,102997.714045,2542,94202.714045,0,0,1,1,0,0,0,0,0
22,15,2,5,5,1,2,3,14742,2,23,1,0,0,1,2.67,102997.714045,2542,88255.714045,1,0,0,0,1,0,0,1,0
28,41,1,4,5,4,4,3,16744,4,17,11,8,1,19,4.33,102997.714045,2542,86253.714045,1,0,0,0,1,0,0,1,1
38,9,1,4,5,3,3,2,3866,1,23,7,5,1,12,3.67,102997.714045,2542,99131.714045,1,0,0,0,0,0,0,1,0
21,19,1,3,2,1,2,3,14114,3,6,8,7,1,15,1.67,102997.714045,2542,88883.714045,1,1,0,0,1,0,1,0,0
32,26,1,3,2,2,4,2,3408,4,12,4,8,1,12,2.67,69047.72894688007,12784,65639.72894688007,1,1,0,0,0,0,0,1,0
43,9,2,2,1,3,2,1,19906,2,19,7,1,0,8,2.0,69047.72894688007,12784,49141.72894688007,1,0,1,0,1,0,0,1,0
51,48,4,5,5,1,3,2,16387,3,6,8,0,0,8,3.0,69047.72894688007,12784,52660.72894688007,0,1,0,0,1,0,1,0,0
50,10,4,3,1,1,2,3,19466,4,14,4,8,1,12,1.33,69047.72894688007,12784,49581.72894688007,0,0,0,0,1,0,0,1,0
24,10,4,2,5,1,2,2,3509,2,19,12,1,0,13,2.67,69047.72894688007,12784,65538.72894688007,0,1,0,0,0,0,0,1,0
57,45,1,1,4,3,2,4,14612,1,23,1,0,0,1,3.0,69047.72894688007,12784,54435.72894688007,0,1,0,0,1,0,0,1,0
31,2,3,1,4,3,2,1,2695,0,2,2,2,0,4,3.0,89817.88593023256,119,87122.88593023256,1,0,0,0,0,0,0,0,0
50,17,1,4,5,2,2,4,9429,4,9,7,6,1,13,3.0,69047.72894688007,12784,59618.72894688007,0,0,0,1,0,0,1,0,0
58,48,4,3,1,3,1,2,10292,3,24,7,6,1,13,1.67,69047.72894688007,12784,58755.72894688007,1,1,0,1,0,0,0,1,1
33,1,3,3,4,1,3,3,13458,1,15,14,8,1,22,2.67,69047.72894688007,12784,55589.72894688007,1,1,0,1,0,0,0,1,0
59,1,3,3,4,2,3,3,3420,1,18,11,7,1,18,3.0,69047.72894688007,12784,65627.72894688007,0,1,0,0,0,0,0,1,0
30,4,4,3,1,2,2,3,4616,2,22,4,0,0,4,1.67,69047.72894688007,12784,64431.72894688007,1,1,0,0,0,0,0,1,0
37,14,2,4,1,1,4,1,12132,4,29,13,8,1,21,2.0,69047.72894688007,12784,56915.72894688007,0,0,1,1,0,0,0,1,0
41,9,2,2,3,3,2,2,8185,2,16,2,0,0,2,2.67,69047.72894688007,12784,60862.72894688007,0,0,0,1,0,0,0,1,0
52,10,3,4,5,3,3,2,4822,3,6,4,1,0,5,3.67,69047.72894688007,12784,64225.72894688007,0,1,0,0,0,0,1,0,0
32,40,1,4,5,1,4,4,4849,3,3,3,8,1,11,3.33,69047.72894688007,12784,64198.72894688007,1,0,1,0,0,1,0,0,0
32,32,2,1,1,3,1,3,9712,2,23,10,0,0,10,1.67,69047.72894688007,12784,59335.72894688007,0,0,0,1,0,0,0,1,0
34,1,4,1,4,3,4,3,10254,1,5,4,6,1,10,3.67,69047.72894688007,12784,58793.72894688007,0,0,1,1,0,1,0,0,0
34,6,3,2,3,1,3,3,4809,1,16,13,2,0,15,2.33,89817.88593023256,119,85008.88593023256,0,1,0,0,0,0,0,1,0
55,48,1,1,5,3,2,4,11058,3,24,5,3,1,8,3.33,69047.72894688007,12784,57989.72894688007,0,1,0,1,0,0,0,1,1
25,5,1,1,3,3,4,2,7435,4,1,4,8,1,12,3.33,69047.72894688007,12784,61612.72894688007,0,1,0,0,0,0,0,0,0
42,23,2,2,3,4,4,3,4332,1,20,9,3,1,12,3.67,89817.88593023256,119,85485.88593023256,0,1,0,0,0,0,0,1,0
55,2,3,5,1,2,2,2,5355,3,24,12,5,1,17,1.67,69047.72894688007,12784,63692.72894688007,0,0,0,0,0,0,0,1,0
49,15,4,2,2,2,3,1,4964,4,12,3,9,1,12,2.33,69047.72894688007,12784,64083.72894688007,0,0,1,0,0,0,0,1,0
42,2,3,4,1,4,4,3,17665,0,22,6,13,1,19,3.0,102997.714045,2542,85332.714045,0,0,1,0,1,0,0,1,0
54,28,2,2,5,3,4,4,18987,4,9,10,4,1,14,4.0,69047.72894688007,12784,50060.72894688007,0,0,0,0,1,0,1,0,0
28,26,1,3,1,2,4,3,4459,4,27,1,0,0,1,2.33,102997.714045,2542,98538.714045,0,0,0,0,0,0,0,1,1
50,7,4,4,5,1,1,3,12557,2,10,5,5,1,10,2.33,69047.72894688007,12784,56490.72894688007,1,0,1,1,0,0,1,0,0
22,47,4,2,1,3,2,4,12513,2,7,7,8,1,15,2.0,69047.72894688007,12784,56534.72894688007,1,1,0,1,0,0,1,0,1
52,8,3,3,2,1,3,1,4578,4,15,7,5,1,12,2.0,69047.72894688007,12784,64469.72894688007,1,0,1,0,0,0,0,1,1
42,43,2,2,3,2,3,1,13277,2,2,14,2,0,16,2.67,69047.72894688007,12784,55770.72894688007,0,1,0,1,0,0,0,0,0
33,43,2,1,1,1,3,3,12905,2,4,10,8,1,18,1.67,69047.72894688007,12784,56142.72894688007,0,0,1,1,0,1,0,0,0
51,34,3,4,5,4,2,4,12538,3,10,10,6,1,16,3.67,102997.714045,2542,90459.714045,1,1,0,1,0,0,1,0,1
36,3,3,1,4,1,1,3,2835,5,1,0,0,0,0,2.0,17372.83423076923,33,14537.83423076923,0,0,0,0,0,0,0,0,0
45,43,3,2,4,4,3,2,18391,4,21,13,9,1,22,3.67,69047.72894688007,12784,50656.72894688007,0,0,1,0,1,0,0,1,0
52,3,1,3,5,3,1,2,19624,2,25,3,2,0,5,3.0,69047.72894688007,12784,49423.72894688007,1,1,0,0,1,0,0,1,0
21,17,4,2,2,1,3,1,7673,1,24,1,6,1,7,2.0,69047.72894688007,12784,61374.72894688007,1,0,1,1,0,0,0,1,0
31,10,4,1,5,1,1,4,16553,3,9,8,7,1,15,2.33,102997.714045,2542,86444.714045,1,0,1,0,1,0,1,0,0
24,13,1,3,2,3,3,4,11028,3,15,5,7,1,12,2.67,69047.72894688007,12784,58019.72894688007,0,0,1,1,0,0,0,1,0
38,1,3,1,2,4,2,3,2991,0,6,2,1,0,3,2.67,61845.10984536083,269,58854.10984536083,1,0,1,0,0,0,1,0,0
20,41,1,5,5,1,1,4,8621,1,14,7,2,0,9,2.33,69047.72894688007,12784,60426.72894688007,0,0,1,1,0,0,0,1,0
50,16,4,3,4,2,1,4,9133,3,19,3,8,1,11,2.33,102997.714045,2542,93864.714045,0,1,0,1,0,0,0,1,0
38,28,1,4,4,1,4,3,10923,2,7,14,4,1,18,3.0,69047.72894688007,12784,58124.72894688007,1,0,0,1,0,0,1,0,0
22,30,1,4,2,3,1,1,12374,2,14,9,9,1,18,2.0,69047.72894688007,12784,56673.72894688007,0,1,0,1,0,0,0,1,0
41,25,4,2,3,2,2,3,10642,3,22,12,8,1,20,2.33,69047.72894688007,12784,58405.72894688007,1,0,1,1,0,0,0,1,0
30,1,1,4,4,4,2,1,15745,4,16,14,4,1,18,3.33,69047.72894688007,12784,53302.72894688007,1,0,0,0,1,0,0,1,0
59,26,4,2,3,3,4,2,3341,3,13,12,2,0,14,3.33,69047.72894688007,12784,65706.72894688007,1,1,0,0,0,0,0,1,0
33,46,1,3,5,4,3,3,15096,4,28,10,5,1,15,4.0,69047.72894688007,12784,53951.72894688007,0,0,1,0,1,0,0,1,0
52,44,3,2,5,3,1,2,19148,3,14,3,0,0,3,3.0,69047.72894688007,12784,49899.72894688007,0,1,0,0,1,0,0,1,0
34,29,1,1,1,3,4,1,6801,4,29,1,3,1,4,2.67,69047.72894688007,12784,62246.72894688007,0,0,1,0,0,0,0,1,0
44,9,3,1,1,2,4,3,2559,1,8,7,7,1,14,2.33,89817.88593023256,119,87258.88593023256,1,0,1,0,0,0,1,0,0
39,24,4,3,1,4,2,4,5411,4,2,4,1,0,5,2.33,69047.72894688007,12784,63636.72894688007,1,0,0,0,0,0,0,0,0
52,41,1,1,5,3,1,1,16526,1,14,12,7,1,19,3.0,69047.72894688007,12784,52521.72894688007,1,0,1,0,1,0,0,1,0
54,14,3,2,3,2,2,4,9117,3,7,9,4,1,13,2.33,102997.714045,2542,93880.714045,1,0,1,1,0,0,1,0,0
52,8,2,2,2,3,1,2,4941,2,8,2,7,1,9,2.0,89817.88593023256,119,84876.88593023256,0,0,1,0,0,0,1,0,1
58,32,2,5,2,1,3,1,12597,1,29,12,0,0,12,2.0,102997.714045,2542,90400.714045,0,0,1,1,0,0,0,1,0
26,28,1,5,5,1,1,3,16259,4,13,11,9,1,20,2.33,69047.72894688007,12784,52788.72894688007,1,0,1,0,1,0,0,1,0
55,7,3,5,3,3,3,2,11647,2,25,2,4,1,6,3.0,69047.72894688007,12784,57400.72894688007,1,0,1,1,0,0,0,1,0
35,6,1,3,4,2,1,3,12106,4,22,8,6,1,14,2.33,69047.72894688007,12784,56941.72894688007,1,0,0,1,0,0,0,1,0
33,47,4,4,5,2,3,4,12829,1,12,6,3,1,9,3.33,69047.72894688007,12784,56218.72894688007,0,0,1,1,0,0,0,1,0
21,25,2,1,3,2,1,4,16720,4,7,3,5,1,8,2.0,69047.72894688007,12784,52327.72894688007,1,0,0,0,1,0,1,0,0
58,47,1,3,3,4,3,3,12750,3,9,11,8,1,19,3.33,69047.72894688007,12784,56297.72894688007,0,0,0,1,0,0,1,0,0
58,36,2,5,5,3,1,1,6847,3,25,4,4,1,8,3.0,69047.72894688007,12784,62200.72894688007,0,0,0,0,0,0,0,1,0
25,4,2,2,4,2,2,3,4487,1,5,4,1,0,5,2.67,91683.75438596492,139,87196.75438596492,1,1,0,0,0,1,0,0,0
20,36,4,3,2,1,1,2,19005,3,13,13,4,1,17,1.33,69047.72894688007,12784,50042.72894688007,0,0,0,0,1,0,0,1,0
34,5,4,5,4,4,3,4,19024,2,10,5,6,1,11,3.67,102997.714045,2542,83973.714045,0,0,0,0,1,0,1,0,1
29,32,3,2,1,4,2,3,6629,2,20,7,9,1,16,2.33,69047.72894688007,12784,62418.72894688007,0,0,1,0,0,0,0,1,0
40,8,3,1,2,4,1,4,4598,4,22,5,6,1,11,2.33,102997.714045,2542,98399.714045,1,0,1,0,0,0,0,1,0
55,1,3,5,1,4,3,3,19045,0,36,10,4,1,14,2.67,102997.714045,2542,83952.714045,1,1,0,0,1,0,0,1,0
54,34,2,4,3,2,2,1,15899,3,15,14,6,1,20,2.33,69047.72894688007,12784,53148.72894688007,1,1,0,0,1,0,0,1,0
39,10,3,4,1,3,4,3,17068,1,21,9,11,1,20,2.67,102997.714045,2542,85929.714045,1,0,1,0,1,0,0,1,0
51,4,3,1,3,1,3,4,2461,9,10,0,2,0,2,2.33,89817.88593023256,119,87356.88593023256,1,0,1,0,0,0,1,0,1
45,48,4,2,2,3,4,3,8842,3,3,6,2,0,8,3.0,102997.714045,2542,94155.714045,1,1,0,1,0,1,0,0,0
34,31,2,1,4,4,3,3,12964,4,13,3,8,1,11,3.67,102997.714045,2542,90033.714045,1,0,0,1,0,0,0,1,0
39,12,1,4,2,1,2,1,3761,4,19,1,4,1,5,1.67,69047.72894688007,12784,65286.72894688007,0,1,0,0,0,0,0,1,0
50,29,2,4,5,1,4,1,11968,4,13,2,3,1,5,3.33,102997.714045,2542,91029.714045,1,0,1,1,0,0,0,1,0
40,1,2,3,3,2,2,1,19070,2,14,1,8,1,9,2.33,102997.714045,2542,83927.714045,1,1,0,0,1,0,0,1,0
33,16,4,3,5,3,1,4,10576,2,24,14,0,0,14,3.0,69047.72894688007,12784,58471.72894688007,1,1,0,1,0,0,0,1,0
36,42,1,1,2,1,2,3,8971,3,6,11,6,1,17,1.67,69047.72894688007,12784,60076.72894688007,1,0,1,1,0,0,1,0,0
41,9,4,2,3,1,4,4,6277,1,11,5,8,1,13,2.67,69047.72894688007,12784,62770.72894688007,1,0,1,0,0,0,0,1,0
59,18,4,2,1,2,4,2,8461,2,23,14,8,1,22,2.33,69047.72894688007,12784,60586.72894688007,0,1,0,1,0,0,0,1,0
52,27,4,5,1,4,1,2,6138,1,22,8,3,1,11,2.0,69047.72894688007,12784,62909.72894688007,0,0,1,0,0,0,0,1,1
37,2,2,1,3,4,2,3,2090,6,0,0,0,0,0,3.0,17372.83423076923,33,15282.83423076923,1,1,0,0,0,0,0,0,1
44,41,4,4,3,2,3,2,3435,1,12,9,8,1,17,2.67,69047.72894688007,12784,65612.72894688007,0,0,1,0,0,0,0,1,0
51,9,3,3,4,2,1,4,15361,2,28,1,3,1,4,2.33,69047.72894688007,12784,53686.72894688007,0,1,0,0,1,0,0,1,0
52,38,2,5,5,2,3,2,4960,2,3,1,2,0,3,3.33,69047.72894688007,12784,64087.72894688007,1,0,1,0,0,1,0,0,0
57,19,2,1,5,2,4,4,3728,1,22,7,9,1,16,3.67,69047.72894688007,12784,65319.72894688007,0,0,1,0,0,0,0,1,0
41,9,4,5,5,1,4,2,19448,3,3,10,3,1,13,3.33,102997.714045,2542,83549.714045,1,0,1,0,1,1,0,0,0
43,39,1,2,5,4,4,1,19484,2,19,7,8,1,15,4.33,69047.72894688007,12784,49563.72894688007,0,1,0,0,1,0,0,1,0
39,41,4,4,1,2,4,2,11282,4,10,11,1,0,12,2.33,69047.72894688007,12784,57765.72894688007,1,0,0,1,0,0,1,0,0
52,23,1,2,4,3,1,1,5453,3,7,4,8,1,12,2.67,69047.72894688007,12784,63594.72894688007,0,0,1,0,0,0,1,0,0
47,5,1,2,3,4,2,3,18505,1,1,11,6,1,17,3.0,69047.72894688007,12784,50542.72894688007,1,0,0,0,1,0,0,0,0
36,2,3,5,1,4,2,3,6104,3,7,4,1,0,5,2.33,69047.72894688007,12784,62943.72894688007,0,0,0,0,0,0,1,0,0
31,26,2,3,4,3,4,3,18068,1,10,8,5,1,13,3.67,69047.72894688007,12784,50979.72894688007,0,1,0,0,1,0,1,0,0
32,47,4,1,2,4,2,2,14724,1,10,10,0,0,10,2.67,69047.72894688007,12784,54323.72894688007,1,0,0,0,1,0,1,0,0
48,45,2,5,2,2,1,1,17501,4,20,4,3,1,7,1.67,69047.72894688007,12784,51546.72894688007,0,0,1,0,1,0,0,1,0
54,17,3,4,2,3,2,3,5578,3,8,11,0,0,11,2.33,69047.72894688007,12784,63469.72894688007,0,1,0,0,0,0,1,0,0
35,47,1,2,1,4,2,1,19696,3,10,5,3,1,8,2.33,69047.72894688007,12784,49351.72894688007,1,0,0,0,1,0,1,0,0
58,47,4,2,3,1,2,2,17867,4,1,8,8,1,16,2.0,69047.72894688007,12784,51180.72894688007,0,0,1,0,1,0,0,0,1
23,31,4,2,3,1,2,2,6338,1,11,5,0,0,5,2.0,69047.72894688007,12784,62709.72894688007,1,0,1,0,0,0,0,1,0
28,10,2,4,3,1,2,4,12537,3,7,14,6,1,20,2.0,69047.72894688007,12784,56510.72894688007,0,1,0,1,0,0,1,0,0
57,39,2,3,4,4,3,4,14290,2,6,1,0,0,1,3.67,69047.72894688007,12784,54757.72894688007,0,0,0,0,1,0,1,0,0
21,25,2,1,2,4,3,1,9438,3,25,13,5,1,18,3.0,102997.714045,2542,93559.714045,1,0,0,1,0,0,0,1,0
29,16,1,4,2,2,3,2,5766,3,27,5,9,1,14,2.33,69047.72894688007,12784,63281.72894688007,1,0,1,0,0,0,0,1,1
29,3,2,3,3,2,3,3,11935,1,10,2,0,0,2,2.67,69047.72894688007,12784,57112.72894688007,0,0,1,1,0,0,1,0,0
29,11,1,3,3,2,4,3,12942,3,21,8,8,1,16,3.0,69047.72894688007,12784,56105.72894688007,0,1,0,1,0,0,0,1,1
56,3,3,5,2,4,2,1,17412,2,15,14,1,0,15,2.67,69047.72894688007,12784,51635.72894688007,0,0,0,0,1,0,0,1,0
40,2,3,1,3,3,3,4,2345,2,3,1,1,0,2,3.0,89817.88593023256,119,87472.88593023256,0,0,0,0,0,1,0,0,0
54,7,3,2,4,4,2,2,6854,4,7,1,1,0,2,3.33,89817.88593023256,119,82963.88593023256,0,0,1,0,0,0,1,0,0
58,5,2,5,5,1,4,4,17663,3,5,13,4,1,17,3.33,69047.72894688007,12784,51384.72894688007,1,1,0,0,1,1,0,0,0
26,32,2,3,1,4,1,1,15398,4,15,4,7,1,11,2.0,69047.72894688007,12784,53649.72894688007,1,1,0,0,1,0,0,1,0
30,45,1,2,2,4,2,3,19463,2,6,5,0,0,5,2.67,69047.72894688007,12784,49584.72894688007,0,1,0,0,1,0,1,0,0
53,42,2,5,1,3,4,2,3434,4,14,5,3,1,8,2.67,69047.72894688007,12784,65613.72894688007,1,0,1,0,0,0,0,1,0
25,44,2,4,5,2,4,3,6294,2,19,4,2,0,6,3.67,69047.72894688007,12784,62753.72894688007,1,0,1,0,0,0,0,1,0
29,49,4,1,3,1,2,4,3007,3,21,8,2,0,10,2.0,69047.72894688007,12784,66040.72894688007,0,0,0,0,0,0,0,1,1
41,4,3,1,2,2,4,4,17217,4,29,12,1,0,13,2.67,102997.714045,2542,85780.714045,1,0,0,0,1,0,0,1,0
48,10,1,4,2,4,3,3,15094,2,23,14,9,1,23,3.0,69047.72894688007,12784,53953.72894688007,0,1,0,0,1,0,0,1,0
55,2,3,3,2,4,2,3,10976,3,3,2,1,0,3,2.67,69047.72894688007,12784,58071.72894688007,0,0,1,1,0,1,0,0,0
41,10,4,2,4,2,4,3,17315,4,25,13,5,1,18,3.33,69047.72894688007,12784,51732.72894688007,0,0,0,0,1,0,0,1,0
32,40,4,1,5,4,2,4,8859,1,10,9,6,1,15,3.67,102997.714045,2542,94138.714045,1,0,0,1,0,0,1,0,0
48,49,3,5,4,2,4,4,13397,4,15,12,1,0,13,3.33,69047.72894688007,12784,55650.72894688007,1,0,1,1,0,0,0,1,0
39,8,3,1,3,3,1,3,3755,1,8,3,0,0,3,2.33,17372.83423076923,33,13617.83423076923,0,0,1,0,0,0,1,0,0
28,48,2,5,2,3,3,4,11196,2,19,4,7,1,11,2.67,69047.72894688007,12784,57851.72894688007,1,0,1,1,0,0,0,1,0
52,39,4,3,4,1,2,2,16010,2,16,5,4,1,9,2.33,69047.72894688007,12784,53037.72894688007,1,0,0,0,1,0,0,1,0
57,39,2,4,4,1,3,3,6614,1,26,6,0,0,6,2.67,102997.714045,2542,96383.714045,1,0,0,0,0,0,0,1,1
20,44,1,4,5,4,4,2,8352,1,8,9,4,1,13,4.33,102997.714045,2542,94645.714045,1,0,1,1,0,0,1,0,0
41,35,2,2,3,4,2,4,15619,2,2,5,8,1,13,3.0,69047.72894688007,12784,53428.72894688007,0,0,1,0,1,0,0,0,0
39,4,3,2,3,1,4,1,5042,0,9,2,3,1,5,2.67,69047.72894688007,12784,64005.72894688007,0,1,0,0,0,0,1,0,0
57,10,4,4,5,3,2,2,18859,4,18,8,4,1,12,3.33,69047.72894688007,12784,50188.72894688007,0,0,1,0,1,0,0,1,0
41,25,4,1,5,3,3,1,15808,2,17,11,7,1,18,3.67,102997.714045,2542,87189.714045,1,1,0,0,1,0,0,1,0
31,16,1,5,2,2,4,2,5757,4,7,3,0,0,3,2.67,69047.72894688007,12784,63290.72894688007,0,1,0,0,0,0,1,0,0
53,19,2,3,5,2,2,4,7524,3,12,12,5,1,17,3.0,69047.72894688007,12784,61523.72894688007,1,0,0,0,0,0,0,1,0
41,43,4,1,1,1,1,3,3965,4,6,6,4,1,10,1.0,69047.72894688007,12784,65082.72894688007,1,0,0,0,0,0,1,0,0
32,40,2,5,1,3,1,1,10681,1,6,6,6,1,12,1.67,102997.714045,2542,92316.714045,0,0,1,1,0,0,1,0,1
53,9,1,2,4,4,2,1,14726,1,20,2,3,1,5,3.33,102997.714045,2542,88271.714045,0,0,1,0,1,0,0,1,0
46,32,4,5,4,3,3,3,10665,4,2,8,7,1,15,3.33,69047.72894688007,12784,58382.72894688007,0,1,0,1,0,0,0,0,0
43,25,2,2,1,3,2,1,14378,2,14,7,0,0,7,2.0,69047.72894688007,12784,54669.72894688007,1,0,0,0,1,0,0,1,0
39,1,1,4,4,4,1,1,5497,4,4,12,2,0,14,3.0,69047.72894688007,12784,63550.72894688007,1,0,0,0,0,1,0,0,1
32,5,4,1,3,1,1,3,2432,3,4,1,0,0,1,1.67,89817.88593023256,119,87385.88593023256,1,1,0,0,0,1,0,0,1
39,40,3,3,5,2,4,3,3976,4,13,2,2,0,4,3.67,69047.72894688007,12784,65071.72894688007,0,0,1,0,0,0,0,1,0
39,7,2,5,4,3,1,3,19272,1,21,9,13,1,22,2.67,102997.714045,2542,83725.714045,0,0,1,0,1,0,0,1,0
60,16,3,2,1,1,4,3,5405,8,2,2,2,0,4,2.0,91683.75438596492,139,86278.75438596492,0,1,0,0,0,0,0,0,0
44,2,3,3,5,2,3,2,14575,2,4,8,6,1,14,3.33,69047.72894688007,12784,54472.72894688007,1,0,1,0,1,1,0,0,0
52,20,3,1,2,1,3,2,13421,2,13,12,4,1,16,2.0,69047.72894688007,12784,55626.72894688007,0,1,0,1,0,0,0,1,0
50,19,2,1,4,1,3,1,19501,2,8,5,9,1,14,2.67,69047.72894688007,12784,49546.72894688007,0,0,1,0,1,0,1,0,0
32,39,4,4,2,4,3,1,14795,4,3,6,9,1,15,3.0,69047.72894688007,12784,54252.72894688007,1,0,1,0,1,1,0,0,1
56,44,2,5,1,1,2,1,6264,1,22,5,5,1,10,1.33,69047.72894688007,12784,62783.72894688007,0,0,0,0,0,0,0,1,1
57,18,4,3,1,1,3,2,11014,2,27,13,8,1,21,1.67,69047.72894688007,12784,58033.72894688007,1,0,1,1,0,0,0,1,0
31,7,3,2,1,2,2,1,4306,1,13,10,3,1,13,1.67,69047.72894688007,12784,64741.72894688007,0,0,1,0,0,0,0,1,0
55,41,1,2,5,3,3,1,18203,1,15,4,3,1,7,3.67,69047.72894688007,12784,50844.72894688007,1,0,0,0,1,0,0,1,0
36,2,3,2,2,4,4,3,6962,4,1,0,0,0,0,3.33,89817.88593023256,119,82855.88593023256,1,0,1,0,0,0,0,0,0
59,47,1,1,4,4,2,3,7671,2,14,5,4,1,9,3.33,69047.72894688007,12784,61376.72894688007,0,1,0,1,0,0,0,1,0
32,22,3,2,3,1,3,4,8890,2,8,14,3,1,17,2.33,69047.72894688007,12784,60157.72894688007,1,1,0,1,0,0,1,0,1
34,10,4,4,4,2,2,1,11803,2,19,10,0,0,10,2.67,69047.72894688007,12784,57244.72894688007,1,1,0,1,0,0,0,1,1
24,44,2,4,2,4,2,1,14209,3,8,8,8,1,16,2.67,69047.72894688007,12784,54838.72894688007,1,0,0,0,1,0,1,0,0
50,45,4,2,3,2,1,1,9664,1,22,2,5,1,7,2.0,69047.72894688007,12784,59383.72894688007,0,0,0,1,0,0,0,1,1
45,1,3,5,2,4,4,4,18762,1,5,6,4,1,10,3.33,69047.72894688007,12784,50285.72894688007,0,0,0,0,1,1,0,0,1
36,24,1,4,3,3,1,4,9950,2,21,6,2,0,8,2.33,69047.72894688007,12784,59097.72894688007,1,1,0,1,0,0,0,1,1
56,7,3,1,3,4,4,1,2339,8,10,9,9,1,18,3.67,17372.83423076923,33,15033.83423076923,0,0,1,0,0,0,1,0,1
45,48,3,2,3,4,4,3,7932,2,5,1,6,1,7,3.67,102997.714045,2542,95065.714045,1,0,1,1,0,1,0,0,1
25,16,3,5,3,2,3,1,14686,2,16,3,3,1,6,2.67,69047.72894688007,12784,54361.72894688007,0,1,0,0,1,0,0,1,1
54,15,4,5,5,4,4,1,16753,4,10,10,1,0,11,4.33,102997.714045,2542,86244.714045,0,0,0,0,1,0,1,0,0
35,15,2,5,4,4,3,1,19985,4,15,3,5,1,8,3.67,69047.72894688007,12784,49062.72894688007,0,0,1,0,1,0,0,1,1
24,38,2,3,5,1,1,3,5475,3,21,7,9,1,16,2.33,69047.72894688007,12784,63572.72894688007,1,0,0,0,0,0,0,1,0
42,14,1,3,2,3,4,2,4838,1,18,9,7,1,16,3.0,69047.72894688007,12784,64209.72894688007,0,0,1,0,0,0,0,1,0
44,36,4,1,4,4,4,2,10736,2,28,10,2,0,12,4.0,69047.72894688007,12784,58311.72894688007,0,1,0,1,0,0,0,1,1
51,21,3,2,4,3,4,1,5441,0,10,7,1,0,8,3.67,91683.75438596492,139,86242.75438596492,1,1,0,0,0,0,1,0,0
57,36,4,2,2,4,3,2,11014,1,20,8,0,0,8,3.0,69047.72894688007,12784,58033.72894688007,0,1,0,1,0,0,0,1,0
45,3,1,3,1,3,2,2,16729,3,4,9,9,1,18,2.0,69047.72894688007,12784,52318.72894688007,0,0,0,0,1,1,0,0,0
58,31,1,4,4,1,1,2,10464,4,15,6,8,1,14,2.0,69047.72894688007,12784,58583.72894688007,0,0,0,1,0,0,0,1,0
51,18,1,5,1,2,3,1,6236,2,9,3,2,0,5,2.0,69047.72894688007,12784,62811.72894688007,1,0,0,0,0,0,1,0,0
20,30,2,5,4,3,2,2,17866,3,11,5,3,1,8,3.0,69047.72894688007,12784,51181.72894688007,1,0,0,0,1,0,0,1,0
50,18,1,1,3,2,4,1,6032,1,17,11,1,0,12,3.0,69047.72894688007,12784,63015.72894688007,1,0,0,0,0,0,0,1,0
29,32,2,4,4,4,2,4,19702,4,19,7,7,1,14,3.33,69047.72894688007,12784,49345.72894688007,0,0,1,0,1,0,0,1,0
23,1,3,1,4,2,2,3,19712,1,13,4,2,0,6,2.67,69047.72894688007,12784,49335.72894688007,0,1,0,0,1,0,0,1,0
34,22,2,2,1,4,1,4,14816,3,25,5,3,1,8,2.0,69047.72894688007,12784,54231.72894688007,1,0,1,0,1,0,0,1,1
21,22,2,4,2,1,1,1,17036,4,9,11,3,1,14,1.33,69047.72894688007,12784,52011.72894688007,1,0,0,0,1,0,1,0,0
56,19,3,3,4,4,4,4,12823,4,19,13,5,1,18,4.0,69047.72894688007,12784,56224.72894688007,0,0,0,1,0,0,0,1,0
40,1,4,5,3,3,4,3,13984,2,26,8,5,1,13,3.33,69047.72894688007,12784,55063.72894688007,1,0,0,0,1,0,0,1,0
43,30,2,3,4,1,2,2,15614,1,21,14,0,0,14,2.33,69047.72894688007,12784,53433.72894688007,0,1,0,0,1,0,0,1,0
36,23,3,1,4,3,1,1,7371,1,29,7,8,1,15,2.67,69047.72894688007,12784,61676.72894688007,0,0,1,0,0,0,0,1,1
28,22,4,2,3,3,1,4,9519,4,9,8,1,0,9,2.33,69047.72894688007,12784,59528.72894688007,1,0,1,1,0,0,1,0,0
33,41,3,5,5,2,3,4,14367,3,21,12,7,1,19,3.33,69047.72894688007,12784,54680.72894688007,0,0,0,0,1,0,0,1,1
23,27,4,1,5,2,2,4,6851,1,22,5,7,1,12,3.0,102997.714045,2542,96146.714045,0,0,0,0,0,0,0,1,0
25,1,3,1,2,4,4,2,2096,1,2,2,2,0,4,3.33,89817.88593023256,119,87721.88593023256,0,1,0,0,0,0,0,0,0
52,24,1,5,4,2,1,1,9226,3,2,12,2,0,14,2.33,69047.72894688007,12784,59821.72894688007,1,0,0,1,0,0,0,0,0
34,22,3,2,1,1,4,2,9550,1,23,12,7,1,19,2.0,69047.72894688007,12784,59497.72894688007,0,1,0,1,0,0,0,1,1
53,7,2,3,4,1,4,3,10934,7,5,2,0,0,2,3.0,91683.75438596492,139,80749.75438596492,1,0,1,1,0,1,0,0,0
37,19,3,3,2,1,4,3,7642,1,10,0,0,0,0,2.33,91683.75438596492,139,84041.75438596492,1,1,0,1,0,0,1,0,0
42,22,1,2,5,2,3,1,9988,2,12,4,1,0,5,3.33,102997.714045,2542,93009.714045,1,0,1,1,0,0,0,1,0
25,2,3,1,3,4,3,2,3977,6,2,2,0,0,2,3.33,17372.83423076923,33,13395.83423076923,1,0,0,0,0,0,0,0,0
25,40,3,2,2,3,3,1,19819,3,12,10,1,0,11,2.67,69047.72894688007,12784,49228.72894688007,0,0,0,0,1,0,0,1,0
36,6,4,2,1,1,4,3,5562,3,3,2,0,0,2,2.0,17372.83423076923,33,11810.83423076923,1,0,1,0,0,1,0,0,0
22,8,2,5,2,3,4,1,6378,2,21,8,8,1,16,3.0,69047.72894688007,12784,62669.72894688007,1,0,0,0,0,0,0,1,0
35,11,3,1,3,4,3,3,2660,7,2,2,2,0,4,3.33,17372.83423076923,33,14712.83423076923,1,0,1,0,0,0,0,0,0
31,4,2,1,2,3,2,4,17332,1,9,9,2,0,11,2.33,69047.72894688007,12784,51715.72894688007,1,0,1,0,1,0,1,0,0
50,1,2,2,5,4,1,1,11941,4,11,10,1,0,11,3.33,69047.72894688007,12784,57106.72894688007,1,0,0,1,0,0,0,1,0
28,36,1,1,1,2,3,4,15158,2,16,7,4,1,11,2.0,69047.72894688007,12784,53889.72894688007,1,1,0,0,1,0,0,1,0
20,31,1,4,1,2,3,2,7236,2,11,8,8,1,16,2.0,102997.714045,2542,95761.714045,0,0,0,0,0,0,0,1,0
43,2,1,1,1,1,1,2,11128,3,26,3,8,1,11,1.0,69047.72894688007,12784,57919.72894688007,0,0,1,1,0,0,0,1,0
22,15,3,5,5,1,2,1,14143,1,13,7,4,1,11,2.67,69047.72894688007,12784,54904.72894688007,1,0,1,0,1,0,0,1,0
51,8,1,1,5,1,2,3,7747,3,3,7,6,1,13,2.67,69047.72894688007,12784,61300.72894688007,0,0,0,1,0,1,0,0,0
31,27,4,2,4,3,2,4,18012,3,7,6,1,0,7,3.0,69047.72894688007,12784,51035.72894688007,1,0,1,0,1,0,1,0,1
37,42,2,3,1,2,4,2,4363,4,15,14,3,1,17,2.33,69047.72894688007,12784,64684.72894688007,1,0,1,0,0,0,0,1,1
38,7,4,1,3,4,4,3,2610,1,4,2,0,0,2,3.67,89817.88593023256,119,87207.88593023256,0,0,0,0,0,1,0,0,0
59,17,4,3,2,3,1,2,8192,1,9,8,7,1,15,2.0,69047.72894688007,12784,60855.72894688007,0,0,0,1,0,0,1,0,1
50,1,3,2,3,4,4,3,4728,3,0,0,0,0,0,3.67,91683.75438596492,139,86955.75438596492,1,1,0,0,0,0,0,0,1
38,2,3,3,2,4,3,3,7351,7,1,0,0,0,0,3.0,91683.75438596492,139,84332.75438596492,0,1,0,0,0,0,0,0,0
27,14,1,2,5,2,2,2,18074,4,10,11,7,1,18,3.0,69047.72894688007,12784,50973.72894688007,1,0,1,0,1,0,1,0,0
26,9,3,5,3,3,4,2,5187,3,6,8,9,1,17,3.33,102997.714045,2542,97810.714045,1,0,1,0,0,0,1,0,1
47,6,2,5,5,4,2,2,13850,2,29,11,6,1,17,3.67,69047.72894688007,12784,55197.72894688007,1,0,0,0,1,0,0,1,0
56,23,2,4,2,2,3,4,10393,3,26,14,3,1,17,2.33,69047.72894688007,12784,58654.72894688007,1,0,1,1,0,0,0,1,1
54,38,2,2,2,2,2,2,7593,3,20,9,3,1,12,2.0,69047.72894688007,12784,61454.72894688007,1,1,0,0,0,0,0,1,0
36,6,3,2,2,2,4,3,4941,6,3,2,0,0,2,2.67,69047.72894688007,12784,64106.72894688007,0,0,0,0,0,1,0,0,0
30,20,1,3,1,3,1,2,8715,4,5,12,7,1,19,1.67,69047.72894688007,12784,60332.72894688007,0,1,0,1,0,1,0,0,0
34,10,2,3,4,3,1,3,4787,3,25,2,1,0,3,2.67,69047.72894688007,12784,64260.72894688007,1,1,0,0,0,0,0,1,1
34,46,1,1,1,4,1,2,12938,2,5,13,9,1,22,2.0,69047.72894688007,12784,56109.72894688007,1,0,1,1,0,1,0,0,0
33,26,4,2,2,2,1,2,7054,2,9,13,4,1,17,1.67,69047.72894688007,12784,61993.72894688007,0,0,0,0,0,0,1,0,0
43,46,2,5,3,3,1,1,5028,2,13,2,3,1,5,2.33,69047.72894688007,12784,64019.72894688007,0,0,1,0,0,0,0,1,0
40,32,3,1,5,3,4,4,5292,4,19,13,6,1,19,4.0,102997.714045,2542,97705.714045,1,0,1,0,0,0,0,1,0
54,46,4,4,4,2,4,1,18491,2,29,12,6,1,18,3.33,69047.72894688007,12784,50556.72894688007,0,0,0,0,1,0,0,1,0
25,42,4,5,5,1,1,4,5858,2,16,13,3,1,16,2.33,69047.72894688007,12784,63189.72894688007,1,1,0,0,0,0,0,1,0
38,37,4,2,1,3,3,2,17189,3,26,3,1,0,4,2.33,102997.714045,2542,85808.714045,1,0,0,0,1,0,0,1,0
54,41,3,1,3,2,4,2,11980,3,10,14,2,0,16,3.0,69047.72894688007,12784,57067.72894688007,1,0,0,1,0,0,1,0,1
27,28,2,4,3,1,3,3,18761,3,6,6,6,1,12,2.33,69047.72894688007,12784,50286.72894688007,1,0,1,0,1,0,1,0,1
54,38,4,3,1,3,4,2,6728,4,29,3,7,1,10,2.67,102997.714045,2542,96269.714045,1,0,1,0,0,0,0,1,0
46,25,2,4,3,3,4,3,17404,1,5,11,7,1,18,3.33,102997.714045,2542,85593.714045,0,0,1,0,1,1,0,0,0
43,15,2,1,2,3,4,3,7601,1,13,1,4,1,5,3.0,69047.72894688007,12784,61446.72894688007,0,1,0,0,0,0,0,1,0
58,2,2,2,4,4,3,3,4216,2,27,9,9,1,18,3.67,102997.714045,2542,98781.714045,0,0,0,0,0,0,0,1,0
22,48,3,2,5,3,4,1,8971,3,13,10,9,1,19,4.0,69047.72894688007,12784,60076.72894688007,0,1,0,1,0,0,0,1,0
50,34,3,3,1,1,3,3,3698,4,28,6,7,1,13,1.67,102997.714045,2542,99299.714045,0,1,0,0,0,0,0,1,0
28,32,1,3,5,2,3,3,19148,3,14,4,6,1,10,3.33,69047.72894688007,12784,49899.72894688007,0,1,0,0,1,0,0,1,0
22,36,1,3,3,4,4,3,8528,3,1,3,2,0,5,3.67,69047.72894688007,12784,60519.72894688007,1,1,0,1,0,0,0,0,0
43,45,2,1,3,2,4,4,9223,4,12,8,0,0,8,3.0,69047.72894688007,12784,59824.72894688007,1,1,0,1,0,0,0,1,0
29,49,3,5,4,3,2,2,12427,1,23,11,2,0,13,3.0,102997.714045,2542,90570.714045,1,0,1,1,0,0,0,1,0
25,1,3,2,3,1,4,3,4898,0,4,2,1,0,3,2.67,69047.72894688007,12784,64149.72894688007,0,0,1,0,0,1,0,0,0
45,4,3,1,3,4,2,1,7752,2,5,7,6,1,13,3.0,102997.714045,2542,95245.714045,0,0,0,1,0,1,0,0,0
43,48,2,4,2,3,2,1,13256,4,27,3,9,1,12,2.33,69047.72894688007,12784,55791.72894688007,0,0,0,1,0,0,0,1,0
30,48,3,4,5,2,2,2,14377,1,27,1,3,1,4,3.0,102997.714045,2542,88620.714045,0,0,0,0,1,0,0,1,0
23,39,4,5,4,3,3,3,6232,2,29,3,4,1,7,3.33,69047.72894688007,12784,62815.72894688007,1,0,0,0,0,0,0,1,1
55,33,2,4,3,2,4,1,17848,1,16,5,5,1,10,3.0,69047.72894688007,12784,51199.72894688007,1,0,0,0,1,0,0,1,0
27,45,1,4,4,2,4,1,8632,2,7,7,3,1,10,3.33,69047.72894688007,12784,60415.72894688007,1,1,0,1,0,0,1,0,0
49,19,3,3,2,3,4,4,8254,2,4,8,3,1,11,3.0,69047.72894688007,12784,60793.72894688007,1,0,1,1,0,1,0,0,0
35,15,1,5,1,1,1,1,15654,4,7,11,3,1,14,1.0,102997.714045,2542,87343.714045,0,0,0,0,1,0,1,0,0
54,16,3,5,5,4,1,3,4973,2,29,6,6,1,12,3.33,102997.714045,2542,98024.714045,1,1,0,0,0,0,0,1,0
24,36,2,1,5,4,4,3,11292,1,28,11,0,0,11,4.33,69047.72894688007,12784,57755.72894688007,1,1,0,1,0,0,0,1,0
26,3,1,1,2,4,3,3,19674,3,18,5,9,1,14,3.0,102997.714045,2542,83323.714045,1,0,1,0,1,0,0,1,1
46,35,2,3,2,1,2,1,9269,3,27,4,1,0,5,1.67,102997.714045,2542,93728.714045,0,0,1,1,0,0,0,1,0
53,6,2,4,5,1,4,1,11348,2,7,7,2,0,9,3.33,69047.72894688007,12784,57699.72894688007,0,0,0,1,0,0,1,0,1
26,28,3,1,5,4,3,3,14524,4,9,14,3,1,17,4.0,69047.72894688007,12784,54523.72894688007,1,0,0,0,1,0,1,0,0
43,27,4,1,2,4,3,3,4876,5,6,4,0,0,4,3.0,17372.83423076923,33,12496.83423076923,0,0,0,0,0,0,1,0,0
46,18,2,5,3,4,2,1,17271,2,21,2,0,0,2,3.0,102997.714045,2542,85726.714045,1,0,0,0,1,0,0,1,0
24,25,1,4,4,1,2,4,5396,3,21,11,4,1,15,2.33,69047.72894688007,12784,63651.72894688007,0,1,0,0,0,0,0,1,0
25,10,3,2,3,3,2,2,13634,4,10,2,5,1,7,2.67,102997.714045,2542,89363.714045,1,1,0,1,0,0,1,0,0
26,16,3,1,2,1,4,3,2373,2,3,2,0,0,2,2.33,17372.83423076923,33,14999.83423076923,1,0,0,0,0,1,0,0,1
35,16,2,4,5,3,1,4,9371,4,29,8,6,1,14,3.0,69047.72894688007,12784,59676.72894688007,0,1,0,1,0,0,0,1,0
22,43,2,5,3,2,1,3,7043,2,19,14,8,1,22,2.0,69047.72894688007,12784,62004.72894688007,0,0,1,0,0,0,0,1,0
39,41,2,3,3,4,4,2,11254,1,5,6,6,1,12,3.67,69047.72894688007,12784,57793.72894688007,0,1,0,1,0,1,0,0,0
28,17,3,2,1,3,4,3,4558,1,10,0,1,0,1,2.67,17372.83423076923,33,12814.83423076923,0,0,0,0,0,0,1,0,0
47,20,1,5,1,2,3,4,7815,1,18,6,6,1,12,2.0,69047.72894688007,12784,61232.72894688007,0,1,0,1,0,0,0,1,1
45,45,3,4,2,4,3,4,17653,2,18,9,5,1,14,3.0,69047.72894688007,12784,51394.72894688007,1,0,0,0,1,0,0,1,0
43,19,2,4,3,1,1,4,10152,1,4,6,4,1,10,1.67,69047.72894688007,12784,58895.72894688007,1,0,1,1,0,1,0,0,0
40,23,4,5,3,2,1,4,5103,2,28,4,9,1,13,2.0,102997.714045,2542,97894.714045,1,1,0,0,0,0,0,1,1
30,22,3,2,1,1,2,1,16515,4,27,12,2,0,14,1.33,69047.72894688007,12784,52532.72894688007,1,0,0,0,1,0,0,1,0
32,2,2,2,1,4,4,3,2176,4,6,2,0,0,2,3.0,17372.83423076923,33,15196.83423076923,0,1,0,0,0,0,1,0,0
45,2,2,4,4,1,4,3,16792,9,20,8,11,1,19,3.0,102997.714045,2542,86205.714045,0,0,1,0,1,0,0,1,0
33,17,3,4,1,4,1,2,15402,4,13,9,5,1,14,2.0,69047.72894688007,12784,53645.72894688007,0,0,1,0,1,0,0,1,1
32,7,4,1,2,2,3,1,2794,1,5,1,0,0,1,2.33,17372.83423076923,33,14578.83423076923,0,0,1,0,0,1,0,0,0
57,4,4,1,1,4,1,3,15444,1,15,5,0,0,5,2.0,69047.72894688007,12784,53603.72894688007,0,0,0,0,1,0,0,1,1
36,15,1,3,5,4,1,1,8574,2,13,1,3,1,4,3.33,69047.72894688007,12784,60473.72894688007,1,0,0,1,0,0,0,1,0
52,14,2,3,3,2,4,4,18316,4,4,10,0,0,10,3.0,69047.72894688007,12784,50731.72894688007,0,0,1,0,1,1,0,0,0
27,43,2,1,5,1,3,4,19345,4,4,11,5,1,16,3.0,102997.714045,2542,83652.714045,0,0,0,0,1,1,0,0,1
22,19,3,1,5,1,4,2,7080,4,10,8,2,0,10,3.33,69047.72894688007,12784,61967.72894688007,0,0,1,0,0,0,1,0,1
26,10,4,4,1,4,1,4,7879,1,15,13,8,1,21,2.0,102997.714045,2542,95118.714045,1,1,0,1,0,0,0,1,0
36,11,1,1,3,1,4,4,10629,4,20,14,9,1,23,2.67,69047.72894688007,12784,58418.72894688007,0,1,0,1,0,0,0,1,0
27,30,2,4,5,2,1,4,11251,2,17,8,6,1,14,2.67,102997.714045,2542,91746.714045,1,1,0,1,0,0,0,1,0
48,29,2,2,1,4,3,1,16365,4,16,14,3,1,17,2.67,69047.72894688007,12784,52682.72894688007,1,1,0,0,1,0,0,1,1
43,9,2,5,4,1,1,2,14893,3,1,10,1,0,11,2.0,69047.72894688007,12784,54154.72894688007,1,1,0,0,1,0,0,0,0
31,45,3,2,4,3,3,4,11949,3,22,7,6,1,13,3.33,69047.72894688007,12784,57098.72894688007,1,0,1,1,0,0,0,1,0
45,33,3,3,4,2,2,3,19148,2,18,9,1,0,10,2.67,69047.72894688007,12784,49899.72894688007,1,0,1,0,1,0,0,1,1
37,40,4,3,1,1,1,1,3216,4,21,2,6,1,8,1.0,69047.72894688007,12784,65831.72894688007,0,1,0,0,0,0,0,1,0
31,20,3,1,2,2,4,3,6116,4,21,7,2,0,9,2.67,69047.72894688007,12784,62931.72894688007,0,1,0,0,0,0,0,1,1
28,21,3,4,3,3,3,2,4005,4,26,7,9,1,16,3.0,69047.72894688007,12784,65042.72894688007,0,0,1,0,0,0,0,1,0
36,32,3,2,2,4,1,4,10644,4,26,14,3,1,17,2.33,69047.72894688007,12784,58403.72894688007,0,0,0,1,0,0,0,1,0
36,11,4,2,3,1,2,1,12803,1,11,7,4,1,11,2.0,69047.72894688007,12784,56244.72894688007,1,0,1,1,0,0,0,1,0
24,22,1,1,3,4,3,3,1555,1,1,0,0,0,0,3.33,61845.10984536083,269,60290.10984536083,0,0,1,0,0,0,0,0,1
44,37,3,1,5,4,2,4,13442,2,15,1,6,1,7,3.67,69047.72894688007,12784,55605.72894688007,1,0,1,1,0,0,0,1,0
40,26,3,2,4,1,1,1,11416,4,4,3,5,1,8,2.0,102997.714045,2542,91581.714045,1,0,1,1,0,1,0,0,0
59,13,3,2,3,3,4,4,11631,3,19,8,2,0,10,3.33,69047.72894688007,12784,57416.72894688007,1,0,1,1,0,0,0,1,0
31,38,1,3,5,3,4,2,11807,2,4,13,3,1,16,4.0,69047.72894688007,12784,57240.72894688007,1,1,0,1,0,1,0,0,0
36,18,3,2,4,1,1,3,7779,2,11,9,0,0,9,2.0,69047.72894688007,12784,61268.72894688007,0,1,0,1,0,0,0,1,0
52,8,3,3,2,3,4,1,10400,2,26,7,5,1,12,3.0,69047.72894688007,12784,58647.72894688007,0,1,0,1,0,0,0,1,0
22,40,3,3,3,3,4,3,18176,2,18,2,4,1,6,3.33,69047.72894688007,12784,50871.72894688007,1,0,1,0,1,0,0,1,0
38,21,2,5,1,2,2,4,5069,1,13,4,6,1,10,1.67,69047.72894688007,12784,63978.72894688007,1,1,0,0,0,0,0,1,1
27,11,1,1,4,4,3,4,11936,1,21,5,8,1,13,3.67,69047.72894688007,12784,57111.72894688007,0,0,1,1,0,0,0,1,0
21,12,4,1,1,1,3,1,14740,2,13,4,9,1,13,1.67,69047.72894688007,12784,54307.72894688007,0,0,0,0,1,0,0,1,0
27,8,4,1,3,2,1,3,3517,7,3,2,0,0,2,2.0,89817.88593023256,119,86300.88593023256,0,0,1,0,0,1,0,0,0
39,21,3,1,3,1,4,3,12809,4,3,9,2,0,11,2.67,69047.72894688007,12784,56238.72894688007,0,0,0,1,0,1,0,0,0
50,14,2,2,3,3,2,1,13505,2,26,3,8,1,11,2.67,69047.72894688007,12784,55542.72894688007,0,1,0,1,0,0,0,1,0
22,4,2,2,1,4,4,3,13651,3,5,3,9,1,12,3.0,69047.72894688007,12784,55396.72894688007,0,1,0,1,0,1,0,0,0
29,1,2,1,1,2,4,3,2319,1,1,0,0,0,0,2.33,17372.83423076923,33,15053.83423076923,1,0,1,0,0,0,0,0,1
44,20,2,2,5,3,3,2,17351,4,21,8,2,0,10,3.67,69047.72894688007,12784,51696.72894688007,0,0,1,0,1,0,0,1,0
56,42,2,4,5,1,4,1,15581,4,17,1,7,1,8,3.33,69047.72894688007,12784,53466.72894688007,1,1,0,0,1,0,0,1,1
24,18,1,3,4,1,2,1,3794,4,2,13,2,0,15,2.33,69047.72894688007,12784,65253.72894688007,1,1,0,0,0,0,0,0,0
28,27,3,3,4,1,1,1,11877,2,12,10,9,1,19,2.0,102997.714045,2542,91120.714045,0,0,1,1,0,0,0,1,0
56,34,2,5,2,1,4,4,3554,2,11,8,4,1,12,2.33,69047.72894688007,12784,65493.72894688007,0,0,0,0,0,0,0,1,0
34,5,4,4,1,4,4,3,9791,4,22,8,1,0,9,3.0,102997.714045,2542,93206.714045,0,1,0,1,0,0,0,1,0
26,24,3,4,1,1,2,1,7341,1,23,2,3,1,5,1.33,69047.72894688007,12784,61706.72894688007,0,1,0,0,0,0,0,1,0
41,33,2,4,2,4,3,1,8523,2,7,2,9,1,11,3.0,69047.72894688007,12784,60524.72894688007,0,0,0,1,0,0,1,0,0
37,42,3,3,3,2,4,4,11713,4,28,4,6,1,10,3.0,69047.72894688007,12784,57334.72894688007,0,0,0,1,0,0,0,1,0
23,42,2,5,3,1,4,2,18012,4,4,14,9,1,23,2.67,69047.72894688007,12784,51035.72894688007,0,1,0,0,1,1,0,0,0
49,20,3,5,4,1,4,1,10772,3,3,2,7,1,9,3.0,102997.714045,2542,92225.714045,1,0,1,1,0,1,0,0,1
22,40,3,2,4,4,2,1,3933,4,21,4,8,1,12,3.33,69047.72894688007,12784,65114.72894688007,1,0,1,0,0,0,0,1,0
38,10,1,3,3,2,1,3,13206,3,18,16,1,0,17,2.0,69047.72894688007,12784,55841.72894688007,0,0,1,1,0,0,0,1,0
40,7,3,3,3,4,2,3,9838,4,17,12,9,1,21,3.0,102997.714045,2542,93159.714045,0,0,0,1,0,0,0,1,0
46,22,4,3,3,3,1,1,9822,3,1,2,2,0,4,2.33,69047.72894688007,12784,59225.72894688007,1,0,0,1,0,0,0,0,0
37,49,4,5,5,1,2,4,5534,4,25,12,5,1,17,2.67,69047.72894688007,12784,63513.72894688007,0,0,1,0,0,0,0,1,0
50,1,3,1,3,1,3,2,15261,2,5,12,0,0,12,2.33,69047.72894688007,12784,53786.72894688007,1,0,1,0,1,1,0,0,0
41,36,2,5,1,2,4,3,13769,1,20,8,7,1,15,2.33,69047.72894688007,12784,55278.72894688007,1,1,0,0,1,0,0,1,1
54,27,3,1,1,4,4,1,11787,1,27,11,2,0,13,3.0,69047.72894688007,12784,57260.72894688007,1,1,0,1,0,0,0,1,0
52,4,3,4,2,4,4,2,8001,3,22,1,8,1,9,3.33,102997.714045,2542,94996.714045,1,1,0,1,0,0,0,1,0
40,4,2,5,1,3,3,4,8051,4,29,7,3,1,10,2.33,69047.72894688007,12784,60996.72894688007,0,1,0,1,0,0,0,1,0
59,29,1,2,1,2,3,4,13469,4,28,14,9,1,23,2.0,69047.72894688007,12784,55578.72894688007,0,0,0,1,0,0,0,1,0
21,21,2,1,1,4,4,4,14473,3,4,4,6,1,10,3.0,69047.72894688007,12784,54574.72894688007,0,0,1,0,1,1,0,0,1
20,2,3,5,3,1,3,2,10685,2,14,6,3,1,9,2.33,102997.714045,2542,92312.714045,1,0,0,1,0,0,0,1,0
20,48,4,4,2,1,3,1,18425,2,27,12,0,0,12,2.0,69047.72894688007,12784,50622.72894688007,1,0,0,0,1,0,0,1,0
32,6,3,2,3,2,1,3,5010,1,11,8,5,1,13,2.0,91683.75438596492,139,86673.75438596492,0,1,0,0,0,0,0,1,0
45,48,1,1,4,1,1,2,7300,4,10,1,4,1,5,2.0,102997.714045,2542,95697.714045,0,0,1,0,0,0,1,0,0
58,37,2,3,5,4,2,4,19390,1,8,9,8,1,17,3.67,69047.72894688007,12784,49657.72894688007,1,0,1,0,1,0,1,0,1
47,46,2,2,5,3,2,4,3597,2,25,3,7,1,10,3.33,69047.72894688007,12784,65450.72894688007,0,1,0,0,0,0,0,1,0
30,19,2,1,2,4,1,3,3623,1,23,11,5,1,16,2.33,102997.714045,2542,99374.714045,1,0,0,0,0,0,0,1,0
40,27,1,2,5,1,4,2,19767,1,25,9,6,1,15,3.33,69047.72894688007,12784,49280.72894688007,0,0,0,0,1,0,0,1,1
37,24,1,4,1,2,3,1,16546,2,9,11,7,1,18,2.0,69047.72894688007,12784,52501.72894688007,1,0,0,0,1,0,1,0,0
58,36,2,1,5,4,3,4,3926,3,16,14,6,1,20,4.0,102997.714045,2542,99071.714045,0,0,1,0,0,0,0,1,0
47,25,2,1,3,2,2,3,6677,1,23,4,7,1,11,2.33,102997.714045,2542,96320.714045,0,1,0,0,0,0,0,1,0
54,15,4,3,4,3,3,2,6777,2,6,3,4,1,7,3.33,69047.72894688007,12784,62270.72894688007,0,0,0,0,0,0,1,0,0
51,20,1,2,2,2,1,4,14230,2,17,5,9,1,14,1.67,69047.72894688007,12784,54817.72894688007,0,0,1,0,1,0,0,1,0
31,24,3,2,4,4,4,2,5238,2,5,4,1,0,5,4.0,69047.72894688007,12784,63809.72894688007,0,1,0,0,0,1,0,0,0
22,7,3,4,2,4,4,1,6428,1,28,2,0,0,2,3.33,69047.72894688007,12784,62619.72894688007,0,0,1,0,0,0,0,1,1
39,20,3,2,4,3,4,3,4127,2,2,1,2,0,3,3.67,91683.75438596492,139,87556.75438596492,0,0,0,0,0,0,0,0,0
39,27,1,2,4,3,1,4,14186,1,19,4,9,1,13,2.67,69047.72894688007,12784,54861.72894688007,1,1,0,0,1,0,0,1,0
43,29,4,3,4,1,3,4,15511,2,3,1,6,1,7,2.67,69047.72894688007,12784,53536.72894688007,1,0,1,0,1,1,0,0,1
22,40,3,5,2,3,3,1,3778,3,26,10,1,0,11,2.67,102997.714045,2542,99219.714045,0,0,0,0,0,0,0,1,1
45,13,1,2,5,3,4,3,18067,4,14,8,8,1,16,4.0,69047.72894688007,12784,50980.72894688007,0,0,0,0,1,0,0,1,0
27,29,2,2,3,2,2,4,9323,4,21,11,2,0,13,2.33,69047.72894688007,12784,59724.72894688007,1,0,0,1,0,0,0,1,0
24,34,2,4,4,1,4,1,13068,1,13,11,8,1,19,3.0,69047.72894688007,12784,55979.72894688007,1,0,0,1,0,0,0,1,0
32,6,3,1,3,3,1,3,3038,3,5,4,1,0,5,2.33,89817.88593023256,119,86779.88593023256,0,1,0,0,0,1,0,0,0
37,21,3,2,4,3,3,3,14760,2,1,7,2,0,9,3.33,69047.72894688007,12784,54287.72894688007,1,0,0,0,1,0,0,0,0
45,22,4,4,4,3,4,2,7879,4,13,4,9,1,13,3.67,69047.72894688007,12784,61168.72894688007,0,0,1,1,0,0,0,1,0
26,28,3,1,1,3,2,1,7278,3,17,11,7,1,18,2.0,69047.72894688007,12784,61769.72894688007,0,0,0,0,0,0,0,1,1
54,44,2,5,4,4,4,2,4527,1,5,2,3,1,5,4.0,102997.714045,2542,98470.714045,0,0,1,0,0,1,0,0,0
36,7,3,4,2,1,1,2,12055,1,26,9,9,1,18,1.33,69047.72894688007,12784,56992.72894688007,1,0,0,1,0,0,0,1,1
25,14,4,1,4,2,3,2,15254,3,3,2,3,1,5,3.0,69047.72894688007,12784,53793.72894688007,0,0,1,0,1,1,0,0,0
56,2,3,5,3,2,4,2,7486,4,18,11,7,1,18,3.0,69047.72894688007,12784,61561.72894688007,1,1,0,0,0,0,0,1,0
24,39,2,2,4,3,2,3,9607,4,18,6,2,0,8,3.0,102997.714045,2542,93390.714045,0,0,0,1,0,0,0,1,1
44,30,2,5,5,1,4,2,5669,3,16,8,2,0,10,3.33,69047.72894688007,12784,63378.72894688007,1,0,0,0,0,0,0,1,0
33,42,2,3,5,3,4,1,15477,2,3,11,3,1,14,4.0,69047.72894688007,12784,53570.72894688007,0,1,0,0,1,1,0,0,1
31,41,4,3,4,1,1,2,6516,3,28,5,8,1,13,2.0,69047.72894688007,12784,62531.72894688007,0,1,0,0,0,0,0,1,0
47,23,4,2,5,4,3,4,12438,3,4,5,7,1,12,4.0,69047.72894688007,12784,56609.72894688007,1,0,1,1,0,1,0,0,1
56,28,3,4,3,3,3,3,16031,3,7,9,3,1,12,3.0,69047.72894688007,12784,53016.72894688007,0,0,1,0,1,0,1,0,0
34,9,3,3,4,4,4,2,8500,0,9,7,1,0,8,4.0,69047.72894688007,12784,60547.72894688007,0,0,0,1,0,0,1,0,0
43,24,3,4,5,2,4,1,4234,4,21,2,4,1,6,3.67,102997.714045,2542,98763.714045,1,1,0,0,0,0,0,1,1
25,18,4,4,1,4,3,3,11620,1,2,3,6,1,9,2.67,102997.714045,2542,91377.714045,1,1,0,1,0,0,0,0,0
59,21,2,3,2,4,2,3,13091,3,17,14,0,0,14,2.67,69047.72894688007,12784,55956.72894688007,1,0,1,1,0,0,0,1,0
28,46,4,5,4,2,1,3,15905,3,10,7,1,0,8,2.33,69047.72894688007,12784,53142.72894688007,0,0,1,0,1,0,1,0,0
54,44,1,4,2,3,3,1,13629,4,19,7,2,0,9,2.67,69047.72894688007,12784,55418.72894688007,1,0,0,1,0,0,0,1,0
29,31,1,4,5,3,2,1,19767,3,8,13,5,1,18,3.33,102997.714045,2542,83230.714045,0,1,0,0,1,0,1,0,1
43,20,2,1,2,1,4,3,13403,2,15,5,3,1,8,2.33,69047.72894688007,12784,55644.72894688007,0,0,1,1,0,0,0,1,1
36,15,2,3,4,1,2,3,17363,3,13,10,5,1,15,2.33,69047.72894688007,12784,51684.72894688007,0,1,0,0,1,0,0,1,1
48,2,1,5,1,3,4,1,6392,2,9,13,7,1,20,2.67,102997.714045,2542,96605.714045,1,0,0,0,0,0,1,0,0
38,12,3,4,5,2,3,1,18069,1,20,2,3,1,5,3.33,69047.72894688007,12784,50978.72894688007,1,0,0,0,1,0,0,1,0
54,5,3,5,1,1,3,2,19406,4,4,2,1,0,3,1.67,69047.72894688007,12784,49641.72894688007,0,0,1,0,1,1,0,0,0
31,38,3,1,3,1,1,1,19315,3,27,6,0,0,6,1.67,102997.714045,2542,83682.714045,1,0,0,0,1,0,0,1,1
22,27,3,4,3,2,2,2,13517,1,29,7,4,1,11,2.33,69047.72894688007,12784,55530.72894688007,0,0,0,1,0,0,0,1,0
28,21,4,2,4,4,3,3,4762,2,19,10,6,1,16,3.67,102997.714045,2542,98235.714045,0,0,1,0,0,0,0,1,1
36,26,3,2,1,3,2,2,15726,4,17,12,8,1,20,2.0,69047.72894688007,12784,53321.72894688007,1,0,1,0,1,0,0,1,0
27,28,4,5,5,4,3,2,16523,1,8,6,0,0,6,4.0,102997.714045,2542,86474.714045,0,1,0,0,1,0,1,0,0
57,20,1,2,2,4,4,2,10984,1,10,14,0,0,14,3.33,69047.72894688007,12784,58063.72894688007,0,0,0,1,0,0,1,0,0
50,20,3,5,3,2,4,1,15216,4,16,1,0,0,1,3.0,102997.714045,2542,87781.714045,0,0,1,0,1,0,0,1,0
51,5,1,4,3,2,2,1,4542,4,8,4,6,1,10,2.33,102997.714045,2542,98455.714045,0,0,0,0,0,0,1,0,0
41,26,1,3,2,2,4,1,12558,1,5,2,2,0,4,2.67,69047.72894688007,12784,56489.72894688007,0,0,1,1,0,1,0,0,1
33,38,2,4,1,1,3,3,15877,2,26,10,5,1,15,1.67,69047.72894688007,12784,53170.72894688007,1,0,0,0,1,0,0,1,0
44,4,4,3,5,2,1,4,9920,2,25,2,7,1,9,2.67,69047.72894688007,12784,59127.72894688007,1,1,0,1,0,0,0,1,1
20,7,4,4,1,4,4,3,14952,4,10,6,0,0,6,3.0,102997.714045,2542,88045.714045,0,1,0,0,1,0,1,0,0
59,48,2,4,2,4,2,3,9252,2,7,8,5,1,13,2.67,102997.714045,2542,93745.714045,0,0,0,1,0,0,1,0,0
47,20,4,5,2,2,2,1,7321,4,9,2,9,1,11,2.0,69047.72894688007,12784,61726.72894688007,0,0,1,0,0,0,1,0,0
49,17,2,3,5,1,1,2,16463,1,27,1,3,1,4,2.33,69047.72894688007,12784,52584.72894688007,0,1,0,0,1,0,0,1,1
50,8,3,3,3,4,3,1,3665,3,29,8,0,0,8,3.33,69047.72894688007,12784,65382.72894688007,0,1,0,0,0,0,0,1,0
35,31,2,2,1,1,2,3,6608,3,17,2,8,1,10,1.33,69047.72894688007,12784,62439.72894688007,1,0,0,0,0,0,0,1,0
21,22,2,4,2,1,1,1,3331,1,24,2,9,1,11,1.33,102997.714045,2542,99666.714045,0,0,1,0,0,0,0,1,0
36,30,4,2,2,4,1,1,4964,3,2,10,6,1,16,2.33,69047.72894688007,12784,64083.72894688007,0,0,0,0,0,0,0,0,0
48,32,4,5,5,2,4,1,17944,1,22,9,3,1,12,3.67,102997.714045,2542,85053.714045,0,1,0,0,1,0,0,1,0
57,12,4,2,4,3,1,2,16799,4,5,13,2,0,15,2.67,69047.72894688007,12784,52248.72894688007,1,1,0,0,1,1,0,0,1
47,34,2,5,4,2,3,3,3795,3,4,2,3,1,5,3.0,102997.714045,2542,99202.714045,0,0,1,0,0,1,0,0,1
21,29,1,2,1,3,1,1,15278,3,18,5,4,1,9,1.67,102997.714045,2542,87719.714045,0,0,0,0,1,0,0,1,0
24,11,2,3,2,4,4,2,13683,2,22,11,4,1,15,3.33,69047.72894688007,12784,55364.72894688007,1,0,1,1,0,0,0,1,0
50,17,1,5,2,4,4,3,15932,1,9,7,1,0,8,3.33,69047.72894688007,12784,53115.72894688007,1,0,1,0,1,0,1,0,0
25,11,2,5,4,3,1,4,6499,3,8,4,1,0,5,2.67,69047.72894688007,12784,62548.72894688007,1,0,1,0,0,0,1,0,0
39,45,4,1,5,4,2,3,15737,1,14,9,6,1,15,3.67,102997.714045,2542,87260.714045,1,0,0,0,1,0,0,1,0
43,39,2,2,5,2,1,1,19229,2,16,14,5,1,19,2.67,69047.72894688007,12784,49818.72894688007,0,0,0,0,1,0,0,1,1
33,14,4,4,5,3,4,3,10939,1,20,12,5,1,17,4.0,102997.714045,2542,92058.714045,0,0,1,1,0,0,0,1,0
35,34,3,2,3,3,1,2,19039,1,4,7,5,1,12,2.33,69047.72894688007,12784,50008.72894688007,1,1,0,0,1,1,0,0,0
52,38,4,1,5,2,3,3,10678,4,8,14,3,1,17,3.33,102997.714045,2542,92319.714045,1,1,0,1,0,0,1,0,0
54,2,2,5,3,3,2,3,10744,4,27,4,9,1,13,2.67,69047.72894688007,12784,58303.72894688007,1,0,1,1,0,0,0,1,0
30,23,2,3,3,2,4,1,15753,1,26,11,3,1,14,3.0,69047.72894688007,12784,53294.72894688007,0,1,0,0,1,0,0,1,0
49,30,4,5,5,3,1,3,13184,2,14,6,3,1,9,3.0,69047.72894688007,12784,55863.72894688007,1,1,0,1,0,0,0,1,0
24,12,4,1,4,1,3,1,3616,3,25,11,1,0,12,2.67,69047.72894688007,12784,65431.72894688007,0,0,1,0,0,0,0,1,0
52,2,2,5,3,1,4,4,19068,1,33,7,15,1,22,2.67,102997.714045,2542,83929.714045,1,1,0,0,1,0,0,1,0
44,2,4,1,4,1,4,3,2011,1,10,5,7,1,12,3.0,89817.88593023256,119,87806.88593023256,0,0,1,0,0,0,1,0,0
45,15,1,5,2,4,3,4,19017,3,9,5,6,1,11,3.0,69047.72894688007,12784,50030.72894688007,0,0,1,0,1,0,1,0,0
26,20,4,1,3,3,1,3,8380,4,6,4,3,1,7,2.33,69047.72894688007,12784,60667.72894688007,1,0,0,1,0,0,1,0,0
22,22,3,2,3,4,4,3,8429,4,10,5,7,1,12,3.67,69047.72894688007,12784,60618.72894688007,0,0,0,1,0,0,1,0,0
38,15,3,3,4,2,2,2,18074,4,17,4,8,1,12,2.67,69047.72894688007,12784,50973.72894688007,0,1,0,0,1,0,0,1,0
25,34,4,2,5,4,2,4,10527,4,8,10,8,1,18,3.67,69047.72894688007,12784,58520.72894688007,0,0,0,1,0,0,1,0,0
52,2,4,5,5,2,3,4,5806,2,8,14,0,0,14,3.33,102997.714045,2542,97191.714045,0,1,0,0,0,0,1,0,0
58,18,1,5,1,4,4,4,8886,3,5,2,7,1,9,3.0,102997.714045,2542,94111.714045,1,1,0,1,0,1,0,0,1
40,44,3,5,3,4,3,2,10671,1,21,3,6,1,9,3.33,69047.72894688007,12784,58376.72894688007,1,0,1,1,0,0,0,1,1
52,26,1,1,4,4,4,1,16063,4,3,12,2,0,14,4.0,69047.72894688007,12784,52984.72894688007,1,1,0,0,1,1,0,0,0
39,8,2,4,5,4,1,3,16975,1,24,11,4,1,15,3.33,69047.72894688007,12784,52072.72894688007,1,0,1,0,1,0,0,1,0
20,40,2,5,4,1,4,2,11986,1,25,5,2,0,7,3.0,102997.714045,2542,91011.714045,1,0,0,1,0,0,0,1,0
38,41,4,3,2,2,2,3,4634,1,25,8,9,1,17,2.0,102997.714045,2542,98363.714045,1,1,0,0,0,0,0,1,0
44,9,3,4,5,3,1,3,12259,1,12,7,1,0,8,3.0,69047.72894688007,12784,56788.72894688007,0,0,1,1,0,0,0,1,0
21,15,1,5,3,1,2,1,18909,2,27,9,8,1,17,2.0,102997.714045,2542,84088.714045,0,1,0,0,1,0,0,1,0
54,36,2,5,1,4,2,4,12402,3,11,3,3,1,6,2.33,69047.72894688007,12784,56645.72894688007,1,0,1,1,0,0,0,1,0
47,25,3,5,1,3,3,4,13863,1,25,7,6,1,13,2.33,69047.72894688007,12784,55184.72894688007,0,0,0,0,1,0,0,1,1
54,24,3,2,1,3,3,2,12320,4,26,2,4,1,6,2.33,102997.714045,2542,90677.714045,1,0,1,1,0,0,0,1,0
20,33,4,5,2,3,4,1,9646,2,5,4,7,1,11,3.0,69047.72894688007,12784,59401.72894688007,1,1,0,1,0,1,0,0,0
36,28,1,5,2,1,3,4,17808,1,15,13,8,1,21,2.0,69047.72894688007,12784,51239.72894688007,0,0,0,0,1,0,0,1,0
51,27,3,4,2,2,1,3,12633,3,22,3,2,0,5,1.67,102997.714045,2542,90364.714045,0,0,1,1,0,0,0,1,1
46,48,4,5,5,1,1,3,3548,3,9,2,6,1,8,2.33,69047.72894688007,12784,65499.72894688007,1,0,0,0,0,0,1,0,0
45,22,2,3,3,1,3,4,11315,2,25,3,5,1,8,2.33,69047.72894688007,12784,57732.72894688007,1,0,0,1,0,0,0,1,0
36,2,3,4,5,4,2,2,4362,1,15,6,0,0,6,3.67,69047.72894688007,12784,64685.72894688007,1,1,0,0,0,0,0,1,0
56,30,4,4,5,2,2,4,8662,4,2,1,2,0,3,3.0,69047.72894688007,12784,60385.72894688007,0,0,0,1,0,0,0,0,0
43,42,2,2,2,4,1,1,14505,4,29,9,8,1,17,2.33,102997.714045,2542,88492.714045,0,0,0,0,1,0,0,1,0
23,4,4,1,1,1,1,4,2819,2,3,2,0,0,2,1.0,89817.88593023256,119,86998.88593023256,0,0,1,0,0,1,0,0,0
56,21,2,4,2,3,2,4,10741,2,19,12,7,1,19,2.33,69047.72894688007,12784,58306.72894688007,0,0,1,1,0,0,0,1,0
39,48,2,2,4,2,2,3,15989,3,29,4,9,1,13,2.67,69047.72894688007,12784,53058.72894688007,0,0,0,0,1,0,0,1,0
21,26,4,3,2,1,4,4,3203,1,11,12,2,0,14,2.33,102997.714045,2542,99794.714045,0,1,0,0,0,0,0,1,1
22,21,1,5,4,3,3,3,9053,2,23,12,5,1,17,3.33,69047.72894688007,12784,59994.72894688007,0,1,0,1,0,0,0,1,0
37,29,1,5,5,1,3,2,12646,4,9,7,5,1,12,3.0,69047.72894688007,12784,56401.72894688007,0,0,0,1,0,0,1,0,0
43,1,3,2,4,4,2,2,5562,4,5,2,2,0,4,3.33,69047.72894688007,12784,63485.72894688007,0,0,1,0,0,1,0,0,0
54,40,4,3,5,1,4,2,15891,1,2,7,7,1,14,3.33,102997.714045,2542,87106.714045,0,1,0,0,1,0,0,0,0
29,41,4,1,3,4,1,2,4004,1,1,7,0,0,7,2.67,102997.714045,2542,98993.714045,1,0,0,0,0,0,0,0,0
54,18,3,3,5,4,3,1,12775,4,17,10,2,0,12,4.0,69047.72894688007,12784,56272.72894688007,0,0,0,1,0,0,0,1,0
41,16,3,3,4,1,3,3,3195,3,1,3,9,1,12,2.67,69047.72894688007,12784,65852.72894688007,1,0,1,0,0,0,0,0,0
45,3,4,1,3,3,2,4,8709,4,10,13,2,0,15,2.67,102997.714045,2542,94288.714045,1,0,0,1,0,0,1,0,0
28,2,1,2,5,3,4,4,13578,1,5,9,8,1,17,4.0,102997.714045,2542,89419.714045,1,0,1,1,0,1,0,0,0
28,35,3,5,4,1,3,3,8231,1,25,3,1,0,4,2.67,69047.72894688007,12784,60816.72894688007,0,0,0,1,0,0,0,1,0
48,21,2,2,2,1,4,2,13866,2,4,13,1,0,14,2.33,69047.72894688007,12784,55181.72894688007,1,0,1,0,1,1,0,0,0
35,12,2,5,1,2,4,4,19856,1,25,3,8,1,11,2.33,102997.714045,2542,83141.714045,0,0,0,0,1,0,0,1,0
41,1,2,5,3,4,2,3,19189,1,22,7,2,0,9,3.0,102997.714045,2542,83808.714045,0,0,1,0,1,0,0,1,0
33,39,3,5,1,2,3,1,6154,1,16,12,6,1,18,2.0,69047.72894688007,12784,62893.72894688007,0,0,0,0,0,0,0,1,0
57,34,4,5,1,3,4,4,17690,4,19,9,8,1,17,2.67,69047.72894688007,12784,51357.72894688007,0,1,0,0,1,0,0,1,0
34,1,3,3,4,1,1,2,9888,1,14,8,2,0,10,2.0,91683.75438596492,139,81795.75438596492,0,1,0,1,0,0,0,1,0
40,1,3,1,1,3,3,2,14488,4,26,8,5,1,13,2.33,69047.72894688007,12784,54559.72894688007,1,0,1,0,1,0,0,1,0
37,2,4,1,2,1,3,2,6341,2,12,1,0,0,1,2.0,69047.72894688007,12784,62706.72894688007,1,1,0,0,0,0,0,1,0
50,9,2,4,5,4,4,2,3546,1,16,9,8,1,17,4.33,69047.72894688007,12784,65501.72894688007,0,0,1,0,0,0,0,1,0
58,2,1,4,4,1,4,1,12364,2,14,5,2,0,7,3.0,69047.72894688007,12784,56683.72894688007,1,0,0,1,0,0,0,1,0
43,33,1,5,5,1,2,1,15130,3,1,7,4,1,11,2.67,102997.714045,2542,87867.714045,1,0,0,0,1,0,0,0,1
44,21,4,3,2,2,2,4,16625,2,23,11,8,1,19,2.0,69047.72894688007,12784,52422.72894688007,0,1,0,0,1,0,0,1,1
23,40,3,1,2,4,3,4,18381,3,25,3,7,1,10,3.0,69047.72894688007,12784,50666.72894688007,1,1,0,0,1,0,0,1,0
38,1,3,4,4,3,4,1,11894,1,25,7,9,1,16,3.67,69047.72894688007,12784,57153.72894688007,0,0,1,1,0,0,0,1,1
33,29,1,3,3,1,1,3,9944,3,8,1,5,1,6,1.67,69047.72894688007,12784,59103.72894688007,1,1,0,1,0,0,1,0,0
40,11,3,2,3,4,1,4,6323,1,10,9,9,1,18,2.67,17372.83423076923,33,11049.83423076923,0,0,1,0,0,0,1,0,0
51,14,3,2,4,3,3,2,4936,4,7,7,0,0,7,3.33,91683.75438596492,139,86747.75438596492,0,0,1,0,0,0,1,0,0
40,29,4,4,1,2,1,2,4340,3,17,4,9,1,13,1.33,69047.72894688007,12784,64707.72894688007,1,1,0,0,0,0,0,1,1
32,23,1,2,4,1,1,1,13840,4,20,9,7,1,16,2.0,102997.714045,2542,89157.714045,1,1,0,0,1,0,0,1,0
43,32,4,3,5,4,1,3,6130,4,16,11,4,1,15,3.33,69047.72894688007,12784,62917.72894688007,0,1,0,0,0,0,0,1,0
32,38,4,4,1,1,1,4,15408,3,14,11,5,1,16,1.0,69047.72894688007,12784,53639.72894688007,1,0,0,0,1,0,0,1,0
51,5,4,1,4,2,4,4,14085,2,19,12,2,0,14,3.33,69047.72894688007,12784,54962.72894688007,0,0,0,0,1,0,0,1,0
53,40,1,2,4,2,3,3,14416,3,27,8,1,0,9,3.0,69047.72894688007,12784,54631.72894688007,0,0,0,0,1,0,0,1,0
25,7,2,5,5,3,1,2,16239,2,23,1,9,1,10,3.0,69047.72894688007,12784,52808.72894688007,1,0,0,0,1,0,0,1,0
32,2,4,3,2,3,3,2,8696,2,22,7,9,1,16,2.67,69047.72894688007,12784,60351.72894688007,0,0,0,1,0,0,0,1,0
46,48,2,2,2,1,1,3,12711,1,18,10,9,1,19,1.33,102997.714045,2542,90286.714045,0,0,0,1,0,0,0,1,0
55,41,4,3,5,1,3,3,9100,2,9,14,0,0,14,3.0,69047.72894688007,12784,59947.72894688007,1,0,0,1,0,0,1,0,0
26,17,1,1,3,4,3,4,2305,1,3,2,0,0,2,3.33,17372.83423076923,33,15067.83423076923,0,0,1,0,0,1,0,0,0
38,14,3,2,2,3,4,3,9924,0,9,8,7,1,15,3.0,91683.75438596492,139,81759.75438596492,0,0,1,1,0,0,1,0,0
27,21,3,5,5,3,1,4,15676,3,25,8,6,1,14,3.0,102997.714045,2542,87321.714045,1,0,1,0,1,0,0,1,0
28,29,1,2,2,3,2,2,6549,1,8,6,1,0,7,2.33,69047.72894688007,12784,62498.72894688007,0,0,1,0,0,0,1,0,0
40,23,3,5,1,4,1,1,12216,4,1,2,0,0,2,2.0,102997.714045,2542,90781.714045,0,0,0,1,0,0,0,0,0
53,22,2,3,4,4,4,1,9734,2,9,6,2,0,8,4.0,69047.72894688007,12784,59313.72894688007,1,0,1,1,0,0,1,0,0
33,47,1,2,2,2,2,1,5561,4,1,6,3,1,9,2.0,69047.72894688007,12784,63486.72894688007,0,1,0,0,0,0,0,0,0
32,10,3,2,5,2,2,2,14741,2,1,6,2,0,8,3.0,69047.72894688007,12784,54306.72894688007,1,0,0,0,1,0,0,0,0
48,36,2,3,5,1,2,4,13865,1,26,12,1,0,13,2.67,102997.714045,2542,89132.714045,0,0,0,0,1,0,0,1,0
48,41,3,5,3,4,4,1,17091,3,18,4,6,1,10,3.67,102997.714045,2542,85906.714045,0,1,0,0,1,0,0,1,0
36,47,4,2,1,1,1,1,5022,2,15,14,8,1,22,1.0,69047.72894688007,12784,64025.72894688007,1,0,1,0,0,0,0,1,0
50,36,4,4,2,1,3,3,15545,3,18,2,3,1,5,2.0,69047.72894688007,12784,53502.72894688007,1,0,0,0,1,0,0,1,1
45,35,4,5,1,1,4,4,13651,1,2,6,0,0,6,2.0,69047.72894688007,12784,55396.72894688007,1,0,1,1,0,0,0,0,0
30,21,3,5,4,3,1,1,18157,1,26,7,2,0,9,2.67,69047.72894688007,12784,50890.72894688007,1,1,0,0,1,0,0,1,0
43,2,4,1,5,3,2,3,16626,4,4,10,6,1,16,3.33,69047.72894688007,12784,52421.72894688007,1,0,1,0,1,1,0,0,1
36,5,3,3,1,2,3,3,8008,4,3,2,0,0,2,2.0,69047.72894688007,12784,61039.72894688007,0,0,1,1,0,1,0,0,0
30,28,3,2,4,4,4,3,5775,1,10,8,1,0,9,4.0,89817.88593023256,119,84042.88593023256,0,0,1,0,0,0,1,0,0
50,10,2,3,4,4,4,3,10496,6,4,3,1,0,4,4.0,69047.72894688007,12784,58551.72894688007,0,1,0,1,0,1,0,0,0
45,31,2,2,1,3,1,1,6480,2,23,6,3,1,9,1.67,102997.714045,2542,96517.714045,0,0,0,0,0,0,0,1,0
36,16,2,2,1,3,1,2,5647,4,3,2,0,0,2,1.67,91683.75438596492,139,86036.75438596492,0,0,1,0,0,1,0,0,0
42,10,3,1,3,3,2,2,2936,3,6,3,3,1,6,2.67,89817.88593023256,119,86881.88593023256,0,0,1,0,0,0,1,0,0
51,12,1,4,3,3,1,2,19551,4,26,6,6,1,12,2.33,102997.714045,2542,83446.714045,1,1,0,0,1,0,0,1,0
27,13,1,5,3,3,4,4,8165,3,14,8,3,1,11,3.33,69047.72894688007,12784,60882.72894688007,1,0,1,1,0,0,0,1,0
55,22,3,1,3,2,2,3,19043,2,3,14,1,0,15,2.33,69047.72894688007,12784,50004.72894688007,0,0,0,0,1,1,0,0,0
44,34,2,2,4,1,4,3,6838,3,17,7,0,0,7,3.0,69047.72894688007,12784,62209.72894688007,0,1,0,0,0,0,0,1,0
30,2,2,1,4,2,4,3,2720,0,5,3,1,0,4,3.33,17372.83423076923,33,14652.83423076923,0,1,0,0,0,1,0,0,0
58,40,2,1,3,3,1,3,10754,1,10,3,7,1,10,2.33,69047.72894688007,12784,58293.72894688007,0,1,0,1,0,0,1,0,0
42,38,3,3,5,1,4,4,15626,4,1,14,6,1,20,3.33,69047.72894688007,12784,53421.72894688007,0,1,0,0,1,0,0,0,0
40,40,4,4,1,1,4,4,19548,4,5,2,6,1,8,2.0,69047.72894688007,12784,49499.72894688007,1,0,0,0,1,1,0,0,0
48,7,2,2,1,1,2,1,10940,2,18,10,7,1,17,1.33,69047.72894688007,12784,58107.72894688007,0,0,0,1,0,0,0,1,0
44,42,3,2,4,2,4,2,11747,3,3,8,8,1,16,3.33,69047.72894688007,12784,57300.72894688007,1,0,1,1,0,1,0,0,0
48,18,2,2,5,1,4,3,11759,1,29,14,4,1,18,3.33,102997.714045,2542,91238.714045,1,1,0,1,0,0,0,1,0
55,34,3,2,2,1,3,1,5907,3,14,2,0,0,2,2.0,69047.72894688007,12784,63140.72894688007,1,0,0,0,0,0,0,1,0
21,38,2,2,3,1,3,3,3160,2,5,12,2,0,14,2.33,69047.72894688007,12784,65887.72894688007,0,1,0,0,0,1,0,0,0
24,5,1,2,5,4,3,3,9800,3,4,10,2,0,12,4.0,102997.714045,2542,93197.714045,0,0,0,1,0,1,0,0,1
48,37,4,2,3,4,1,2,13675,2,28,8,0,0,8,2.67,69047.72894688007,12784,55372.72894688007,1,1,0,1,0,0,0,1,0
31,34,1,3,5,4,3,1,13410,4,9,9,0,0,9,4.0,69047.72894688007,12784,55637.72894688007,1,0,0,1,0,0,1,0,0
55,9,2,4,2,3,1,4,12333,2,2,12,2,0,14,2.0,102997.714045,2542,90664.714045,1,0,0,1,0,0,0,0,1
36,30,3,2,5,2,2,4,14361,3,17,5,7,1,12,3.0,69047.72894688007,12784,54686.72894688007,0,0,0,0,1,0,0,1,1
58,41,3,4,3,3,4,1,13222,3,13,10,2,0,12,3.33,69047.72894688007,12784,55825.72894688007,1,0,0,1,0,0,0,1,0
20,32,2,1,2,2,1,1,18744,1,10,12,6,1,18,1.67,69047.72894688007,12784,50303.72894688007,1,0,0,0,1,0,1,0,1
28,24,2,1,3,3,2,3,2028,5,4,2,0,0,2,2.67,17372.83423076923,33,15344.83423076923,1,1,0,0,0,1,0,0,1
29,23,3,1,4,4,4,3,2201,9,3,2,1,0,3,4.0,89817.88593023256,119,87616.88593023256,0,1,0,0,0,1,0,0,0
39,21,3,4,2,1,3,3,9047,1,6,1,9,1,10,2.0,69047.72894688007,12784,60000.72894688007,0,1,0,1,0,0,1,0,0
37,2,2,5,4,1,1,1,16478,1,10,3,6,1,9,2.0,69047.72894688007,12784,52569.72894688007,1,0,0,0,1,0,1,0,0
22,28,4,3,5,3,3,2,17334,1,8,5,5,1,10,3.67,69047.72894688007,12784,51713.72894688007,0,1,0,0,1,0,1,0,1
46,2,3,4,1,3,1,3,17048,8,26,15,15,1,30,1.67,102997.714045,2542,85949.714045,0,0,1,0,1,0,0,1,0
42,47,3,1,4,3,1,2,9542,4,19,9,0,0,9,2.67,102997.714045,2542,93455.714045,0,0,0,1,0,0,0,1,1
31,17,1,3,5,3,4,1,3080,2,19,11,2,0,13,4.0,102997.714045,2542,99917.714045,1,0,1,0,0,0,0,1,1
26,6,1,3,1,2,2,4,6220,1,7,11,0,0,11,1.67,69047.72894688007,12784,62827.72894688007,1,0,1,0,0,0,1,0,1
54,36,1,2,4,4,2,4,10425,1,8,5,4,1,9,3.33,102997.714045,2542,92572.714045,0,0,1,1,0,0,1,0,0
22,4,2,1,3,2,4,1,5050,2,16,13,4,1,17,3.0,69047.72894688007,12784,63997.72894688007,1,0,0,0,0,0,0,1,0
30,1,2,3,3,3,3,3,8474,1,11,8,5,1,13,3.0,69047.72894688007,12784,60573.72894688007,0,1,0,1,0,0,0,1,0
59,41,1,5,5,2,1,2,12019,2,25,8,5,1,13,2.67,102997.714045,2542,90978.714045,1,1,0,1,0,0,0,1,1
32,46,1,4,4,4,4,3,8413,3,24,8,1,0,9,4.0,69047.72894688007,12784,60634.72894688007,1,0,0,1,0,0,0,1,0
32,19,1,4,3,4,2,3,18958,3,13,7,2,0,9,3.0,69047.72894688007,12784,50089.72894688007,0,1,0,0,1,0,0,1,0
34,14,1,1,2,4,1,3,8533,4,21,3,6,1,9,2.33,102997.714045,2542,94464.714045,1,0,0,1,0,0,0,1,0
20,32,2,2,1,3,3,4,8932,1,1,5,5,1,10,2.33,69047.72894688007,12784,60115.72894688007,1,1,0,1,0,0,0,0,0
37,35,1,1,1,3,2,4,12929,1,29,1,8,1,9,2.0,69047.72894688007,12784,56118.72894688007,0,0,1,1,0,0,0,1,0
20,23,4,1,4,3,1,4,8913,2,6,2,6,1,8,2.67,102997.714045,2542,94084.714045,1,0,1,1,0,0,1,0,1
37,36,3,3,5,2,2,4,19647,4,5,11,8,1,19,3.0,69047.72894688007,12784,49400.72894688007,1,1,0,0,1,1,0,0,0
30,32,1,1,2,4,4,1,14011,4,11,2,9,1,11,3.33,69047.72894688007,12784,55036.72894688007,0,0,0,0,1,0,0,1,0
52,18,3,5,5,2,1,4,18935,3,16,5,7,1,12,2.67,69047.72894688007,12784,50112.72894688007,1,0,1,0,1,0,0,1,0
59,6,1,4,3,2,2,3,14285,4,14,5,3,1,8,2.33,69047.72894688007,12784,54762.72894688007,0,1,0,0,1,0,0,1,1
55,16,4,5,3,3,3,4,17213,1,13,6,1,0,7,3.0,69047.72894688007,12784,51834.72894688007,1,0,1,0,1,0,0,1,0
51,12,3,3,2,1,4,4,14810,4,9,2,3,1,5,2.33,102997.714045,2542,88187.714045,1,0,0,0,1,0,1,0,1
57,24,2,1,2,2,1,2,4789,3,13,6,8,1,14,1.67,69047.72894688007,12784,64258.72894688007,0,0,0,0,0,0,0,1,0
32,21,1,2,4,2,4,2,16505,3,14,6,1,0,7,3.33,102997.714045,2542,86492.714045,1,0,0,0,1,0,0,1,0
56,26,1,1,5,1,2,3,16222,4,10,9,6,1,15,2.67,102997.714045,2542,86775.714045,0,0,0,0,1,0,1,0,0
36,9,4,3,2,1,1,3,5294,4,12,1,6,1,7,1.33,69047.72894688007,12784,63753.72894688007,1,0,0,0,0,0,0,1,0
35,27,3,2,3,4,2,3,6883,2,7,7,0,0,7,3.0,69047.72894688007,12784,62164.72894688007,0,0,1,0,0,0,1,0,0
40,10,4,1,3,4,3,3,2213,3,7,7,1,0,8,3.33,17372.83423076923,33,15159.83423076923,1,0,1,0,0,0,1,0,0
25,11,1,5,1,1,1,1,10764,2,21,3,9,1,12,1.0,102997.714045,2542,92233.714045,1,0,1,1,0,0,0,1,0
49,17,1,4,4,3,3,3,15804,3,4,8,9,1,17,3.33,69047.72894688007,12784,53243.72894688007,0,0,1,0,1,1,0,0,0
49,11,3,5,3,4,3,2,9405,1,11,8,9,1,17,3.33,69047.72894688007,12784,59642.72894688007,0,0,1,1,0,0,0,1,0
42,15,3,5,3,3,4,2,7481,3,8,4,5,1,9,3.33,69047.72894688007,12784,61566.72894688007,0,1,0,0,0,0,1,0,0
28,43,1,3,5,2,3,4,12995,4,23,3,3,1,6,3.33,69047.72894688007,12784,56052.72894688007,0,1,0,1,0,0,0,1,0
35,23,4,4,4,3,4,1,18220,1,26,5,6,1,11,3.67,69047.72894688007,12784,50827.72894688007,0,1,0,0,1,0,0,1,1
44,18,2,1,3,4,4,3,13787,3,5,11,9,1,20,3.67,69047.72894688007,12784,55260.72894688007,0,0,0,0,1,1,0,0,0
27,11,1,1,4,3,2,2,14782,1,26,11,3,1,14,3.0,69047.72894688007,12784,54265.72894688007,1,0,1,0,1,0,0,1,0
30,42,1,1,4,1,4,3,16939,4,10,5,0,0,5,3.0,69047.72894688007,12784,52108.72894688007,0,1,0,0,1,0,1,0,0
37,1,1,2,5,2,2,1,19563,4,2,4,7,1,11,3.0,69047.72894688007,12784,49484.72894688007,0,0,1,0,1,0,0,0,0
41,34,3,4,1,3,1,1,9079,4,6,6,5,1,11,1.67,69047.72894688007,12784,59968.72894688007,1,0,1,1,0,0,1,0,0
54,35,3,1,5,3,2,2,18327,1,10,8,2,0,10,3.33,102997.714045,2542,84670.714045,1,1,0,0,1,0,1,0,0
23,3,4,2,3,2,2,2,9341,2,9,2,8,1,10,2.33,69047.72894688007,12784,59706.72894688007,1,0,0,1,0,0,1,0,0
42,23,3,4,4,1,2,3,15992,2,1,0,0,0,0,2.33,69047.72894688007,12784,53055.72894688007,0,1,0,0,1,0,0,0,0
48,3,4,2,2,1,3,4,16302,2,11,1,4,1,5,2.0,69047.72894688007,12784,52745.72894688007,1,0,0,0,1,0,0,1,0
20,8,2,4,2,2,1,2,4664,2,2,9,5,1,14,1.67,69047.72894688007,12784,64383.72894688007,0,0,1,0,0,0,0,0,0
56,6,2,4,1,3,4,2,18589,1,9,3,8,1,11,2.67,69047.72894688007,12784,50458.72894688007,1,0,1,0,1,0,1,0,0
23,45,3,5,3,4,1,3,5412,1,18,14,2,0,16,2.67,102997.714045,2542,97585.714045,0,0,0,0,0,0,0,1,1
37,28,2,5,5,3,4,1,7946,2,18,3,2,0,5,4.0,69047.72894688007,12784,61101.72894688007,0,0,1,1,0,0,0,1,0
55,9,2,2,3,3,1,4,18298,1,6,4,0,0,4,2.33,102997.714045,2542,84699.714045,0,0,0,0,1,0,1,0,0
21,15,1,4,2,2,1,2,6562,2,29,7,1,0,8,1.67,69047.72894688007,12784,62485.72894688007,1,0,0,0,0,0,0,1,1
59,33,2,5,2,4,2,1,7571,3,24,14,5,1,19,2.67,69047.72894688007,12784,61476.72894688007,0,0,1,0,0,0,0,1,0
21,24,2,4,5,2,4,2,10159,2,7,2,4,1,6,3.67,102997.714045,2542,92838.714045,1,1,0,1,0,0,1,0,0
28,4,2,4,1,4,1,3,5791,3,8,9,0,0,9,2.0,69047.72894688007,12784,63256.72894688007,1,0,1,0,0,0,1,0,0
46,31,2,4,4,1,3,1,18449,2,15,1,1,0,2,2.67,69047.72894688007,12784,50598.72894688007,1,0,0,0,1,0,0,1,1
40,47,2,3,5,2,3,4,13613,3,17,11,1,0,12,3.33,69047.72894688007,12784,55434.72894688007,1,0,1,1,0,0,0,1,0
20,34,1,5,4,2,4,1,15375,3,22,6,1,0,7,3.33,102997.714045,2542,87622.714045,1,0,0,0,1,0,0,1,0
23,24,1,4,5,3,4,1,17325,4,12,11,9,1,20,4.0,69047.72894688007,12784,51722.72894688007,0,0,1,0,1,0,0,1,0
34,10,3,3,2,1,2,1,7872,1,1,7,6,1,13,1.67,69047.72894688007,12784,61175.72894688007,1,0,1,1,0,0,0,0,0
21,24,2,4,5,1,4,4,13324,4,28,11,8,1,19,3.33,69047.72894688007,12784,55723.72894688007,0,0,0,1,0,0,0,1,1
55,3,2,1,2,1,3,4,15623,4,9,11,0,0,11,2.0,69047.72894688007,12784,53424.72894688007,1,0,0,0,1,0,1,0,0
28,18,1,5,2,2,4,4,8886,4,1,12,2,0,14,2.67,69047.72894688007,12784,60161.72894688007,0,0,1,1,0,0,0,0,0
24,49,1,3,2,1,4,1,16488,3,6,12,8,1,20,2.33,69047.72894688007,12784,52559.72894688007,0,0,0,0,1,0,1,0,0
29,2,4,2,2,1,4,1,12539,4,28,2,1,0,3,2.33,69047.72894688007,12784,56508.72894688007,1,0,0,1,0,0,0,1,0
45,48,2,1,2,1,3,3,4660,2,26,11,1,0,12,2.0,69047.72894688007,12784,64387.72894688007,0,0,0,0,0,0,0,1,1
45,12,3,1,3,3,4,4,3469,2,8,11,3,1,14,3.33,69047.72894688007,12784,65578.72894688007,1,1,0,0,0,0,1,0,0
24,46,3,3,5,4,2,2,15294,3,9,13,3,1,16,3.67,102997.714045,2542,87703.714045,0,0,1,0,1,0,1,0,0
31,33,4,3,3,4,3,4,14042,1,18,3,0,0,3,3.33,69047.72894688007,12784,55005.72894688007,0,0,1,0,1,0,0,1,0
25,9,4,5,2,4,4,3,11484,4,5,7,8,1,15,3.33,102997.714045,2542,91513.714045,0,0,0,1,0,1,0,0,0
27,35,2,1,2,2,1,2,3534,4,11,6,5,1,11,1.67,102997.714045,2542,99463.714045,1,0,1,0,0,0,0,1,0
22,38,3,3,1,2,3,2,8595,1,8,5,2,0,7,2.0,69047.72894688007,12784,60452.72894688007,0,0,1,1,0,0,1,0,0
56,32,4,2,1,3,1,3,11325,2,26,12,2,0,14,1.67,102997.714045,2542,91672.714045,1,0,1,1,0,0,0,1,0
37,35,3,2,4,1,1,2,15208,4,27,8,2,0,10,2.0,69047.72894688007,12784,53839.72894688007,0,0,1,0,1,0,0,1,0
41,5,2,5,4,4,2,2,5004,4,22,12,7,1,19,3.33,69047.72894688007,12784,64043.72894688007,0,1,0,0,0,0,0,1,0
31,4,4,1,3,1,2,2,3978,8,2,2,2,0,4,2.0,17372.83423076923,33,13394.83423076923,0,0,0,0,0,0,0,0,0
22,5,4,3,4,2,4,3,14164,4,22,2,1,0,3,3.33,69047.72894688007,12784,54883.72894688007,0,0,0,0,1,0,0,1,0
46,15,2,2,4,2,1,3,4685,1,11,2,5,1,7,2.33,69047.72894688007,12784,64362.72894688007,1,0,1,0,0,0,0,1,1
27,20,4,4,3,3,1,2,18564,1,3,9,8,1,17,2.33,102997.714045,2542,84433.714045,0,0,1,0,1,1,0,0,1
56,30,1,5,5,4,3,3,13806,1,26,10,4,1,14,4.0,69047.72894688007,12784,55241.72894688007,1,1,0,0,1,0,0,1,0
38,16,1,4,1,1,1,1,8463,2,11,11,7,1,18,1.0,69047.72894688007,12784,60584.72894688007,0,0,0,1,0,0,0,1,0
34,36,3,5,4,3,1,3,18734,4,25,5,5,1,10,2.67,69047.72894688007,12784,50313.72894688007,0,1,0,0,1,0,0,1,1
28,45,1,4,3,1,2,4,15588,3,23,1,6,1,7,2.0,69047.72894688007,12784,53459.72894688007,0,0,1,0,1,0,0,1,0
43,15,1,5,4,4,1,3,17936,3,9,14,0,0,14,3.0,69047.72894688007,12784,51111.72894688007,0,0,0,0,1,0,1,0,0
50,24,3,5,1,4,3,4,15946,3,21,2,3,1,5,2.67,69047.72894688007,12784,53101.72894688007,1,1,0,0,1,0,0,1,0
30,22,2,1,5,1,3,4,11182,1,8,2,3,1,5,3.0,102997.714045,2542,91815.714045,1,1,0,1,0,0,1,0,1
54,38,2,4,2,3,3,1,11204,3,6,10,1,0,11,2.67,69047.72894688007,12784,57843.72894688007,0,0,1,1,0,0,1,0,1
52,35,2,2,4,3,2,1,3697,1,12,3,0,0,3,3.0,69047.72894688007,12784,65350.72894688007,0,0,1,0,0,0,0,1,1
56,11,2,1,4,3,2,2,17290,4,10,7,3,1,10,3.0,69047.72894688007,12784,51757.72894688007,0,0,1,0,1,0,1,0,1
49,30,2,2,5,4,4,2,19697,4,10,7,9,1,16,4.33,102997.714045,2542,83300.714045,0,0,1,0,1,0,1,0,0
22,5,2,5,2,2,2,3,16651,3,15,7,3,1,10,2.0,69047.72894688007,12784,52396.72894688007,0,0,1,0,1,0,0,1,1
25,35,2,4,5,4,3,4,15709,3,28,11,6,1,17,4.0,69047.72894688007,12784,53338.72894688007,1,0,1,0,1,0,0,1,0
41,11,1,5,2,3,2,3,15908,2,3,6,3,1,9,2.33,102997.714045,2542,87089.714045,1,1,0,0,1,1,0,0,0
34,26,1,5,4,2,1,1,14999,1,2,7,3,1,10,2.33,102997.714045,2542,87998.714045,0,0,0,0,1,0,0,0,0
25,6,3,5,4,2,1,3,4590,3,12,2,1,0,3,2.33,69047.72894688007,12784,64457.72894688007,1,1,0,0,0,0,0,1,0
32,11,3,2,5,1,4,2,6536,4,28,3,2,0,5,3.33,69047.72894688007,12784,62511.72894688007,0,0,0,0,0,0,0,1,0
46,5,3,2,2,2,4,3,5021,8,4,2,0,0,2,2.67,61845.10984536083,269,56824.10984536083,1,0,0,0,0,1,0,0,0
25,34,2,4,1,4,3,1,18932,4,28,1,1,0,2,2.67,69047.72894688007,12784,50115.72894688007,0,0,1,0,1,0,0,1,0
55,22,4,2,3,1,4,2,3199,2,4,2,5,1,7,2.67,69047.72894688007,12784,65848.72894688007,1,0,0,0,0,1,0,0,0
28,3,3,2,4,1,4,2,9870,2,21,5,7,1,12,3.0,69047.72894688007,12784,59177.72894688007,1,0,0,1,0,0,0,1,0
41,19,3,5,4,1,2,2,10533,4,25,9,8,1,17,2.33,69047.72894688007,12784,58514.72894688007,1,0,0,1,0,0,0,1,1
54,27,4,4,3,4,2,2,5082,3,17,7,1,0,8,3.0,69047.72894688007,12784,63965.72894688007,0,0,1,0,0,0,0,1,0
34,26,1,2,2,1,2,2,5894,2,1,4,4,1,8,1.67,69047.72894688007,12784,63153.72894688007,0,0,1,0,0,0,0,0,0
24,35,2,3,1,3,1,1,16873,1,24,4,1,0,5,1.67,102997.714045,2542,86124.714045,0,1,0,0,1,0,0,1,0
39,1,3,5,4,3,2,4,14036,1,2,3,2,0,5,3.0,69047.72894688007,12784,55011.72894688007,0,1,0,0,1,0,0,0,1
43,14,3,4,1,2,3,3,17159,6,4,1,1,0,2,2.0,69047.72894688007,12784,51888.72894688007,0,0,1,0,1,1,0,0,0
25,22,4,1,1,4,3,3,3361,1,1,13,4,1,17,2.67,69047.72894688007,12784,65686.72894688007,0,0,0,0,0,0,0,0,0
29,28,1,4,1,1,4,4,10051,2,25,11,1,0,12,2.0,102997.714045,2542,92946.714045,1,0,0,1,0,0,0,1,0
45,7,1,3,3,4,4,3,11030,1,11,6,9,1,15,3.67,69047.72894688007,12784,58017.72894688007,1,0,0,1,0,0,0,1,0
24,45,1,1,1,2,3,1,5593,4,9,8,7,1,15,2.0,102997.714045,2542,97404.714045,1,0,0,0,0,0,1,0,1
44,7,4,1,5,3,2,1,11604,1,9,14,2,0,16,3.33,69047.72894688007,12784,57443.72894688007,0,0,0,1,0,0,1,0,0
42,34,2,1,3,2,3,2,11425,1,6,10,5,1,15,2.67,69047.72894688007,12784,57622.72894688007,1,0,0,1,0,0,1,0,0
24,10,3,5,5,4,4,4,18013,4,25,8,5,1,13,4.33,69047.72894688007,12784,51034.72894688007,0,0,0,0,1,0,0,1,0
44,32,3,4,5,4,4,1,7946,2,4,1,0,0,1,4.33,69047.72894688007,12784,61101.72894688007,0,1,0,1,0,1,0,0,0
24,13,3,1,2,4,3,3,2033,1,1,0,0,0,0,3.0,69047.72894688007,12784,67014.72894688007,0,0,1,0,0,0,0,0,0
39,27,3,3,4,1,3,3,17676,1,8,12,2,0,14,2.67,69047.72894688007,12784,51371.72894688007,0,0,1,0,1,0,1,0,0
41,1,4,4,4,4,4,1,7873,2,5,14,0,0,14,4.0,69047.72894688007,12784,61174.72894688007,0,0,1,1,0,1,0,0,0
20,13,4,1,4,3,1,1,3121,4,22,9,2,0,11,2.67,69047.72894688007,12784,65926.72894688007,0,0,0,0,0,0,0,1,1
54,26,2,3,2,3,3,3,7190,1,6,13,4,1,17,2.67,69047.72894688007,12784,61857.72894688007,1,1,0,0,0,0,1,0,1
59,40,4,4,3,1,1,4,8342,2,14,14,9,1,23,1.67,69047.72894688007,12784,60705.72894688007,0,1,0,1,0,0,0,1,0
34,28,2,2,3,4,4,3,6712,1,8,7,1,0,8,3.67,91683.75438596492,139,84971.75438596492,0,0,1,0,0,0,1,0,0
45,22,4,4,2,1,1,2,12396,2,1,6,3,1,9,1.33,69047.72894688007,12784,56651.72894688007,0,0,1,1,0,0,0,0,0
45,37,4,2,3,2,2,1,19743,2,26,3,3,1,6,2.33,69047.72894688007,12784,49304.72894688007,0,1,0,0,1,0,0,1,0
53,17,2,5,3,2,1,4,16050,4,5,3,7,1,10,2.0,69047.72894688007,12784,52997.72894688007,0,0,1,0,1,1,0,0,0
56,35,1,3,3,3,4,4,13274,4,12,11,2,0,13,3.33,102997.714045,2542,89723.714045,1,1,0,1,0,0,0,1,0
44,24,3,1,2,2,4,2,19103,4,24,3,2,0,5,2.67,69047.72894688007,12784,49944.72894688007,0,0,1,0,1,0,0,1,0
40,5,2,4,5,3,1,1,14021,3,27,8,5,1,13,3.0,102997.714045,2542,88976.714045,1,0,1,0,1,0,0,1,0
28,12,1,2,5,2,2,4,19854,1,10,5,5,1,10,3.0,69047.72894688007,12784,49193.72894688007,1,1,0,0,1,0,1,0,0
59,2,2,4,4,3,1,3,13726,3,5,3,4,1,7,2.67,69047.72894688007,12784,55321.72894688007,1,1,0,1,0,1,0,0,0
34,14,3,2,4,3,1,2,15045,3,29,4,1,0,5,2.67,69047.72894688007,12784,54002.72894688007,0,0,1,0,1,0,0,1,0
33,11,3,3,1,1,1,1,12809,2,29,6,9,1,15,1.0,69047.72894688007,12784,56238.72894688007,0,0,1,1,0,0,0,1,0
34,14,2,1,5,2,4,2,5670,2,1,13,3,1,16,3.67,69047.72894688007,12784,63377.72894688007,0,0,1,0,0,0,0,0,0
39,32,4,1,2,3,2,4,12175,2,20,14,4,1,18,2.33,69047.72894688007,12784,56872.72894688007,1,0,0,1,0,0,0,1,1
52,41,2,2,2,1,4,1,7943,4,24,6,1,0,7,2.33,69047.72894688007,12784,61104.72894688007,1,0,1,1,0,0,0,1,1
32,36,3,1,2,3,2,4,16859,3,19,9,8,1,17,2.33,102997.714045,2542,86138.714045,0,0,1,0,1,0,0,1,0
48,20,3,4,2,1,1,2,8734,3,29,8,3,1,11,1.33,69047.72894688007,12784,60313.72894688007,0,1,0,1,0,0,0,1,0
31,45,2,4,2,1,4,3,3711,1,18,13,3,1,16,2.33,69047.72894688007,12784,65336.72894688007,0,0,0,0,0,0,0,1,0
40,7,2,5,4,4,3,4,9572,3,19,14,2,0,16,3.67,69047.72894688007,12784,59475.72894688007,0,0,0,1,0,0,0,1,0
54,9,1,2,2,1,3,1,18135,2,11,9,5,1,14,2.0,102997.714045,2542,84862.714045,0,1,0,0,1,0,0,1,0
58,47,3,2,2,3,4,2,3245,2,7,14,3,1,17,3.0,69047.72894688007,12784,65802.72894688007,0,1,0,0,0,0,1,0,0
51,19,3,5,2,1,2,1,15285,2,28,8,4,1,12,1.67,102997.714045,2542,87712.714045,1,1,0,0,1,0,0,1,0
50,39,2,2,3,1,3,1,11957,4,24,9,2,0,11,2.33,102997.714045,2542,91040.714045,1,1,0,1,0,0,0,1,0
47,1,3,3,2,3,1,1,11957,0,13,8,5,1,13,2.0,69047.72894688007,12784,57090.72894688007,0,0,1,1,0,0,0,1,0
53,32,2,3,4,4,1,2,16597,3,22,7,4,1,11,3.0,69047.72894688007,12784,52450.72894688007,1,0,1,0,1,0,0,1,0
32,27,3,1,2,4,1,4,13734,3,28,13,2,0,15,2.33,69047.72894688007,12784,55313.72894688007,1,0,1,1,0,0,0,1,0
36,26,3,2,3,1,2,2,5347,6,3,2,0,0,2,2.0,69047.72894688007,12784,63700.72894688007,0,0,1,0,0,1,0,0,0
21,28,2,5,5,1,1,2,19982,1,26,1,6,1,7,2.33,69047.72894688007,12784,49065.72894688007,0,0,1,0,1,0,0,1,1
32,1,3,1,1,4,4,3,2956,1,1,0,0,0,0,3.0,89817.88593023256,119,86861.88593023256,0,1,0,0,0,0,0,0,0
20,11,2,1,1,4,1,3,2600,1,1,0,0,0,0,2.0,89817.88593023256,119,87217.88593023256,1,1,0,0,0,0,0,0,1
39,25,3,4,2,2,4,1,11608,1,10,3,9,1,12,2.67,69047.72894688007,12784,57439.72894688007,0,1,0,1,0,0,1,0,0
56,39,2,3,1,2,4,4,16307,1,27,11,9,1,20,2.33,69047.72894688007,12784,52740.72894688007,1,0,0,0,1,0,0,1,0
29,10,2,2,2,4,1,3,8268,1,7,7,1,0,8,2.33,91683.75438596492,139,83415.75438596492,1,0,0,1,0,0,1,0,0
30,24,4,3,5,4,3,1,17092,4,20,4,2,0,6,4.0,69047.72894688007,12784,51955.72894688007,1,0,1,0,1,0,0,1,0
20,14,4,1,5,1,2,1,8315,1,2,12,8,1,20,2.67,69047.72894688007,12784,60732.72894688007,1,0,0,1,0,0,0,0,0
24,7,3,2,5,1,4,1,17271,4,3,12,4,1,16,3.33,69047.72894688007,12784,51776.72894688007,1,0,1,0,1,1,0,0,0
44,33,4,5,3,3,1,1,19577,3,18,14,7,1,21,2.33,69047.72894688007,12784,49470.72894688007,0,1,0,0,1,0,0,1,0
45,5,1,5,5,2,3,3,6073,2,20,4,7,1,11,3.33,69047.72894688007,12784,62974.72894688007,0,0,0,0,0,0,0,1,0
30,22,1,3,1,2,3,4,13276,2,21,2,7,1,9,2.0,69047.72894688007,12784,55771.72894688007,0,0,0,1,0,0,0,1,1
33,40,2,4,1,3,2,3,16185,3,21,10,5,1,15,2.0,102997.714045,2542,86812.714045,0,0,1,0,1,0,0,1,0
54,8,3,2,3,3,3,3,3780,7,1,0,0,0,0,3.0,17372.83423076923,33,13592.83423076923,0,1,0,0,0,0,0,0,0
21,22,1,5,4,2,3,2,10909,4,12,7,1,0,8,3.0,102997.714045,2542,92088.714045,0,0,0,1,0,0,0,1,0
57,22,2,5,1,3,1,4,19536,2,1,6,4,1,10,1.67,69047.72894688007,12784,49511.72894688007,0,1,0,0,1,0,0,0,0
21,43,4,2,3,2,4,1,12780,2,15,13,5,1,18,3.0,69047.72894688007,12784,56267.72894688007,0,1,0,1,0,0,0,1,0
20,12,2,5,2,2,1,1,8355,1,26,11,8,1,19,1.67,69047.72894688007,12784,60692.72894688007,0,0,1,1,0,0,0,1,0
31,7,2,3,4,3,3,2,11557,9,5,4,0,0,4,3.33,102997.714045,2542,91440.714045,0,0,0,1,0,1,0,0,0
43,3,1,5,4,3,2,3,19740,3,8,7,0,0,7,3.0,69047.72894688007,12784,49307.72894688007,0,0,1,0,1,0,1,0,0
54,7,4,3,3,1,1,2,4245,4,7,4,9,1,13,1.67,69047.72894688007,12784,64802.72894688007,1,0,1,0,0,0,1,0,1
28,19,3,5,1,1,4,3,13316,2,16,8,5,1,13,2.0,69047.72894688007,12784,55731.72894688007,1,0,1,1,0,0,0,1,0
24,1,4,5,3,4,3,1,15072,1,9,1,0,0,1,3.33,69047.72894688007,12784,53975.72894688007,0,1,0,0,1,0,1,0,0
31,6,4,4,3,3,2,2,12881,2,18,1,6,1,7,2.67,69047.72894688007,12784,56166.72894688007,0,1,0,1,0,0,0,1,0
55,29,1,3,4,2,3,4,3767,3,8,5,6,1,11,3.0,69047.72894688007,12784,65280.72894688007,0,0,0,0,0,0,1,0,0
32,5,2,2,2,4,1,3,5878,3,7,1,2,0,3,2.33,89817.88593023256,119,83939.88593023256,0,0,1,0,0,0,1,0,0
35,8,2,1,1,4,1,4,18609,4,17,5,5,1,10,2.0,69047.72894688007,12784,50438.72894688007,1,0,0,0,1,0,0,1,1
34,32,2,4,3,1,1,1,4738,3,12,9,1,0,10,1.67,102997.714045,2542,98259.714045,1,1,0,0,0,0,0,1,0
34,38,4,1,4,4,2,3,17769,2,28,5,4,1,9,3.33,69047.72894688007,12784,51278.72894688007,0,0,0,0,1,0,0,1,1
40,13,4,2,1,4,2,2,15428,3,23,11,9,1,20,2.33,69047.72894688007,12784,53619.72894688007,1,0,0,0,1,0,0,1,1
38,5,1,1,4,1,4,1,11119,3,12,14,3,1,17,3.0,69047.72894688007,12784,57928.72894688007,0,0,0,1,0,0,0,1,0
45,6,2,3,4,4,4,3,8865,6,19,7,12,1,19,4.0,91683.75438596492,139,82818.75438596492,0,1,0,1,0,0,0,1,0
29,7,3,1,3,2,1,3,3339,3,7,7,7,1,14,2.0,17372.83423076923,33,14033.83423076923,1,0,0,0,0,0,1,0,1
27,1,1,5,3,2,1,2,19752,1,10,14,5,1,19,2.0,69047.72894688007,12784,49295.72894688007,0,0,0,0,1,0,1,0,0
47,27,4,3,1,4,3,4,15864,4,11,12,4,1,16,2.67,69047.72894688007,12784,53183.72894688007,0,0,1,0,1,0,0,1,0
43,48,2,2,1,2,4,1,19528,1,11,8,0,0,8,2.33,69047.72894688007,12784,49519.72894688007,0,0,1,0,1,0,0,1,0
34,23,3,2,4,3,2,1,9328,4,13,8,5,1,13,3.0,102997.714045,2542,93669.714045,1,0,0,1,0,0,0,1,1
25,34,1,4,4,4,1,2,12219,2,6,3,2,0,5,3.0,102997.714045,2542,90778.714045,1,0,0,1,0,0,1,0,1
42,5,3,5,3,4,2,4,18303,6,1,0,0,0,0,3.0,102997.714045,2542,84694.714045,0,0,1,0,1,0,0,0,0
47,3,2,2,2,3,2,3,19082,4,1,2,0,0,2,2.33,102997.714045,2542,83915.714045,1,0,1,0,1,0,0,0,0
55,6,3,2,4,3,3,2,8918,3,4,6,3,1,9,3.33,69047.72894688007,12784,60129.72894688007,0,0,1,1,0,1,0,0,0
20,16,4,2,1,1,4,3,3772,4,7,3,6,1,9,2.0,69047.72894688007,12784,65275.72894688007,0,0,1,0,0,0,1,0,0
48,13,2,1,3,1,1,1,15353,2,11,13,5,1,18,1.67,69047.72894688007,12784,53694.72894688007,1,0,1,0,1,0,0,1,0
45,18,3,5,4,2,1,4,4667,4,8,6,2,0,8,2.33,69047.72894688007,12784,64380.72894688007,1,1,0,0,0,0,1,0,0
35,43,4,5,1,1,3,3,8572,2,9,11,8,1,19,1.67,102997.714045,2542,94425.714045,0,1,0,1,0,0,1,0,0
52,22,3,2,5,4,3,1,7678,4,4,13,8,1,21,4.0,69047.72894688007,12784,61369.72894688007,0,0,1,1,0,1,0,0,0
34,13,1,3,5,4,3,4,15559,1,14,5,5,1,10,4.0,69047.72894688007,12784,53488.72894688007,1,1,0,0,1,0,0,1,0
52,10,4,1,2,4,1,2,16510,4,16,1,3,1,4,2.33,69047.72894688007,12784,52537.72894688007,1,1,0,0,1,0,0,1,0
30,36,3,1,2,4,2,3,8599,2,21,5,3,1,8,2.67,69047.72894688007,12784,60448.72894688007,0,1,0,1,0,0,0,1,0
32,42,3,5,3,3,4,2,8886,4,1,9,2,0,11,3.33,69047.72894688007,12784,60161.72894688007,0,0,1,1,0,0,0,0,0
57,23,3,3,2,2,2,1,13522,2,5,3,2,0,5,2.0,102997.714045,2542,89475.714045,0,1,0,1,0,1,0,0,0
24,42,2,4,3,1,4,3,14117,3,25,9,4,1,13,2.67,102997.714045,2542,88880.714045,1,1,0,0,1,0,0,1,0
32,20,1,2,1,4,2,1,11403,2,28,3,2,0,5,2.33,69047.72894688007,12784,57644.72894688007,1,0,1,1,0,0,0,1,0
33,49,4,3,5,4,3,4,4912,1,25,10,2,0,12,4.0,69047.72894688007,12784,64135.72894688007,1,0,0,0,0,0,0,1,0
31,27,4,3,1,2,1,2,3911,2,2,5,7,1,12,1.33,69047.72894688007,12784,65136.72894688007,0,0,1,0,0,0,0,0,0
30,16,3,2,3,4,3,2,5301,8,2,1,2,0,3,3.33,91683.75438596492,139,86382.75438596492,0,0,1,0,0,0,0,0,0
24,11,4,2,3,1,4,2,4011,0,4,2,1,0,3,2.67,69047.72894688007,12784,65036.72894688007,0,0,0,0,0,1,0,0,0
33,8,3,2,4,2,3,1,4524,4,9,13,9,1,22,3.0,102997.714045,2542,98473.714045,1,0,1,0,0,0,1,0,0
27,28,2,3,5,4,1,3,6934,2,9,6,5,1,11,3.33,102997.714045,2542,96063.714045,1,0,1,0,0,0,1,0,0
22,11,1,2,1,4,4,1,11723,1,20,9,2,0,11,3.0,69047.72894688007,12784,57324.72894688007,0,1,0,1,0,0,0,1,0
48,33,1,1,5,1,1,4,17313,2,15,8,6,1,14,2.33,69047.72894688007,12784,51734.72894688007,0,0,0,0,1,0,0,1,1
42,13,4,2,1,2,3,2,5538,5,0,0,0,0,0,2.0,69047.72894688007,12784,63509.72894688007,0,0,1,0,0,0,0,0,0
20,47,2,1,3,3,4,4,15409,2,20,13,1,0,14,3.33,69047.72894688007,12784,53638.72894688007,1,0,0,0,1,0,0,1,0
39,43,1,2,3,2,1,4,17229,2,24,14,4,1,18,2.0,69047.72894688007,12784,51818.72894688007,0,0,0,0,1,0,0,1,1
34,41,3,5,1,3,2,2,11523,2,22,1,6,1,7,2.0,102997.714045,2542,91474.714045,0,0,0,1,0,0,0,1,0
29,11,4,4,1,4,4,1,16758,3,19,6,7,1,13,3.0,102997.714045,2542,86239.714045,0,1,0,0,1,0,0,1,0
26,23,2,5,3,4,2,2,8905,4,2,2,5,1,7,3.0,69047.72894688007,12784,60142.72894688007,1,0,0,1,0,0,0,0,0
57,21,1,2,3,3,4,4,15335,3,12,14,1,0,15,3.33,69047.72894688007,12784,53712.72894688007,0,1,0,0,1,0,0,1,0
34,8,1,1,1,1,3,2,12738,2,11,8,9,1,17,1.67,69047.72894688007,12784,56309.72894688007,0,0,0,1,0,0,0,1,0
26,7,3,3,5,1,2,1,12194,4,14,9,1,0,10,2.67,69047.72894688007,12784,56853.72894688007,0,0,0,1,0,0,0,1,0
21,47,1,3,2,2,1,3,5239,3,18,8,3,1,11,1.67,69047.72894688007,12784,63808.72894688007,1,1,0,0,0,0,0,1,0
26,5,2,4,3,4,1,3,10484,2,14,5,5,1,10,2.67,69047.72894688007,12784,58563.72894688007,1,0,0,1,0,0,0,1,0
20,30,4,2,5,3,2,3,4046,4,2,4,3,1,7,3.33,69047.72894688007,12784,65001.72894688007,1,0,1,0,0,0,0,0,1
32,32,3,4,1,3,3,1,10675,2,23,8,2,0,10,2.33,69047.72894688007,12784,58372.72894688007,0,1,0,1,0,0,0,1,0
55,15,1,1,1,3,2,4,12177,4,13,12,0,0,12,2.0,69047.72894688007,12784,56870.72894688007,0,1,0,1,0,0,0,1,0
23,47,4,3,2,4,3,1,14354,2,15,12,0,0,12,3.0,69047.72894688007,12784,54693.72894688007,0,0,0,0,1,0,0,1,0
54,24,1,5,2,2,4,1,13279,2,7,1,9,1,10,2.67,69047.72894688007,12784,55768.72894688007,1,1,0,1,0,0,1,0,1
36,9,2,1,1,3,2,3,3407,7,5,3,0,0,3,2.0,69047.72894688007,12784,65640.72894688007,0,1,0,0,0,1,0,0,1
23,39,4,3,3,2,1,4,3334,2,13,5,2,0,7,2.0,102997.714045,2542,99663.714045,1,1,0,0,0,0,0,1,0
28,20,2,5,4,2,3,3,18794,2,7,6,0,0,6,3.0,69047.72894688007,12784,50253.72894688007,1,0,0,0,1,0,1,0,0
24,29,2,5,4,2,2,2,14138,1,18,12,1,0,13,2.67,102997.714045,2542,88859.714045,1,0,1,0,1,0,0,1,0
20,6,4,1,4,2,2,3,4103,4,4,14,9,1,23,2.67,102997.714045,2542,98894.714045,0,0,0,0,0,1,0,0,0
20,9,4,5,3,3,2,3,10577,3,27,11,3,1,14,2.67,69047.72894688007,12784,58470.72894688007,0,1,0,1,0,0,0,1,1
40,2,3,5,3,3,4,3,18041,0,20,15,1,0,16,3.33,102997.714045,2542,84956.714045,0,0,1,0,1,0,0,1,0
21,36,1,3,4,4,4,4,6252,1,29,4,7,1,11,4.0,69047.72894688007,12784,62795.72894688007,1,0,0,0,0,0,0,1,1
22,21,1,2,5,2,1,2,7714,2,29,3,0,0,3,2.67,69047.72894688007,12784,61333.72894688007,0,1,0,1,0,0,0,1,0
47,49,4,4,5,4,3,1,13691,2,10,9,7,1,16,4.0,69047.72894688007,12784,55356.72894688007,1,1,0,1,0,0,1,0,1
49,25,1,5,3,2,1,1,11757,4,19,10,0,0,10,2.0,69047.72894688007,12784,57290.72894688007,0,0,1,1,0,0,0,1,1
35,16,4,2,4,1,4,1,13958,3,3,6,0,0,6,3.0,69047.72894688007,12784,55089.72894688007,0,1,0,0,1,1,0,0,0
54,30,4,1,1,4,2,3,8125,1,20,3,8,1,11,2.33,69047.72894688007,12784,60922.72894688007,0,0,0,1,0,0,0,1,1
47,32,3,4,5,2,2,3,19407,1,14,3,9,1,12,3.0,102997.714045,2542,83590.714045,0,0,0,0,1,0,0,1,0
48,28,2,4,3,1,2,1,14312,4,6,10,1,0,11,2.0,69047.72894688007,12784,54735.72894688007,0,1,0,0,1,0,1,0,0
27,18,4,2,3,3,1,3,9333,1,13,4,0,0,4,2.33,69047.72894688007,12784,59714.72894688007,1,1,0,1,0,0,0,1,0
45,41,2,5,3,4,3,4,4627,1,6,4,2,0,6,3.33,69047.72894688007,12784,64420.72894688007,0,1,0,0,0,0,1,0,0
36,33,1,3,3,3,2,4,15852,4,10,5,6,1,11,2.67,69047.72894688007,12784,53195.72894688007,0,1,0,0,1,0,1,0,0
42,29,4,2,1,2,1,2,8765,4,23,9,3,1,12,1.33,102997.714045,2542,94232.714045,1,0,1,1,0,0,0,1,1
53,42,3,2,4,3,4,2,12305,3,3,11,7,1,18,3.67,102997.714045,2542,90692.714045,0,1,0,1,0,1,0,0,1
31,46,4,3,4,4,4,3,15933,3,26,5,9,1,14,4.0,102997.714045,2542,87064.714045,0,1,0,0,1,0,0,1,0
32,1,1,2,4,1,2,3,17004,3,13,7,4,1,11,2.33,69047.72894688007,12784,52043.72894688007,0,0,1,0,1,0,0,1,0
51,8,4,3,1,4,3,4,8932,3,7,4,2,0,6,2.67,69047.72894688007,12784,60115.72894688007,1,1,0,1,0,0,1,0,1
21,11,3,2,4,1,2,4,15012,3,21,12,4,1,16,2.33,102997.714045,2542,87985.714045,1,0,1,0,1,0,0,1,1
39,21,2,3,2,1,4,2,14089,3,13,5,7,1,12,2.33,102997.714045,2542,88908.714045,0,1,0,0,1,0,0,1,0
35,23,1,1,1,1,2,3,5186,3,23,7,6,1,13,1.33,69047.72894688007,12784,63861.72894688007,1,1,0,0,0,0,0,1,0
18,1,3,1,4,4,3,4,1611,1,0,0,0,0,0,3.67,17372.83423076923,33,15761.83423076923,0,1,0,0,0,0,0,0,0
34,24,2,1,2,2,2,2,10726,4,15,1,1,0,2,2.0,69047.72894688007,12784,58321.72894688007,0,0,0,1,0,0,0,1,0
22,15,1,5,5,4,4,3,10893,2,16,3,1,0,4,4.33,69047.72894688007,12784,58154.72894688007,0,0,1,1,0,0,0,1,0
59,11,3,1,2,2,4,4,12768,1,11,7,7,1,14,2.67,102997.714045,2542,90229.714045,0,1,0,1,0,0,0,1,1
59,9,2,5,5,4,2,1,4730,3,16,10,7,1,17,3.67,69047.72894688007,12784,64317.72894688007,1,1,0,0,0,0,0,1,0
45,2,3,2,2,2,4,1,16204,4,14,14,1,0,15,2.67,69047.72894688007,12784,52843.72894688007,0,0,1,0,1,0,0,1,1
31,2,3,5,3,3,4,2,5865,4,11,5,6,1,11,3.33,69047.72894688007,12784,63182.72894688007,0,0,1,0,0,0,0,1,0
44,22,4,3,4,2,3,4,5978,4,1,11,5,1,16,3.0,69047.72894688007,12784,63069.72894688007,1,0,0,0,0,0,0,0,0
58,7,4,5,2,1,1,3,18817,2,20,2,5,1,7,1.33,69047.72894688007,12784,50230.72894688007,0,0,0,0,1,0,0,1,0
52,4,3,4,4,4,4,1,16555,2,5,2,1,0,3,4.0,102997.714045,2542,86442.714045,0,0,1,0,1,1,0,0,0
43,47,3,3,1,1,1,2,5748,3,1,1,9,1,10,1.0,102997.714045,2542,97249.714045,1,0,0,0,0,0,0,0,0
59,2,1,5,5,1,3,4,17264,1,1,1,5,1,6,3.0,69047.72894688007,12784,51783.72894688007,1,0,0,0,1,0,0,0,0
20,26,1,5,1,4,2,3,4294,4,4,12,7,1,19,2.33,102997.714045,2542,98703.714045,1,1,0,0,0,1,0,0,0
56,7,1,4,1,1,3,3,19365,1,13,8,6,1,14,1.67,69047.72894688007,12784,49682.72894688007,1,0,0,0,1,0,0,1,0
21,22,1,4,4,3,3,3,3509,4,2,11,9,1,20,3.33,69047.72894688007,12784,65538.72894688007,1,0,0,0,0,0,0,0,1
51,36,4,3,2,2,2,3,8149,1,9,7,6,1,13,2.0,102997.714045,2542,94848.714045,0,0,0,1,0,0,1,0,0
43,21,1,5,4,3,1,3,18977,4,9,6,8,1,14,2.67,69047.72894688007,12784,50070.72894688007,0,0,0,0,1,0,1,0,0
45,6,3,3,1,4,2,4,13245,4,0,0,0,0,0,2.33,69047.72894688007,12784,55802.72894688007,1,0,1,1,0,0,0,0,0
33,7,3,2,2,4,3,3,4302,0,3,2,0,0,2,3.0,91683.75438596492,139,87381.75438596492,0,0,1,0,0,1,0,0,0
35,22,2,2,4,1,4,1,17428,4,9,6,2,0,8,3.0,69047.72894688007,12784,51619.72894688007,1,0,0,0,1,0,1,0,0
46,3,3,4,2,3,4,4,16606,8,13,12,5,1,17,3.0,102997.714045,2542,86391.714045,0,0,1,0,1,0,0,1,0
24,2,2,4,4,2,4,2,16906,3,17,5,9,1,14,3.33,102997.714045,2542,86091.714045,1,0,0,0,1,0,0,1,0
58,19,2,3,5,4,2,1,18864,3,26,1,8,1,9,3.67,69047.72894688007,12784,50183.72894688007,1,0,0,0,1,0,0,1,1
22,28,4,1,4,4,3,3,10742,3,26,8,6,1,14,3.67,69047.72894688007,12784,58305.72894688007,1,1,0,1,0,0,0,1,0
44,6,3,2,1,4,2,4,9158,4,29,2,6,1,8,2.33,69047.72894688007,12784,59889.72894688007,1,0,1,1,0,0,0,1,0
31,9,3,3,2,3,4,4,10648,1,13,8,0,0,8,3.0,69047.72894688007,12784,58399.72894688007,0,0,0,1,0,0,0,1,0
44,28,4,1,2,4,2,2,13496,1,16,10,4,1,14,2.67,69047.72894688007,12784,55551.72894688007,0,0,1,1,0,0,0,1,0
35,1,2,2,1,3,2,3,4312,0,15,13,2,0,15,2.0,91683.75438596492,139,87371.75438596492,0,1,0,0,0,0,0,1,0
51,36,2,4,1,2,1,2,19896,2,20,9,3,1,12,1.33,69047.72894688007,12784,49151.72894688007,0,0,1,0,1,0,0,1,0
24,3,2,5,4,3,4,1,4959,4,20,14,8,1,22,3.67,69047.72894688007,12784,64088.72894688007,1,0,1,0,0,0,0,1,0
55,37,4,4,1,2,3,2,4823,2,20,10,0,0,10,2.0,69047.72894688007,12784,64224.72894688007,0,0,0,0,0,0,0,1,0
26,23,3,1,4,1,2,1,2886,1,3,2,0,0,2,2.33,89817.88593023256,119,86931.88593023256,0,0,0,0,0,1,0,0,0
30,1,2,3,1,3,1,3,6360,3,18,9,7,1,16,1.67,69047.72894688007,12784,62687.72894688007,0,0,0,0,0,0,0,1,0
25,22,1,4,5,1,1,3,14166,3,12,10,4,1,14,2.33,69047.72894688007,12784,54881.72894688007,1,0,1,0,1,0,0,1,0
57,14,3,2,1,2,2,1,4320,3,24,2,0,0,2,1.67,69047.72894688007,12784,64727.72894688007,0,0,1,0,0,0,0,1,0
27,4,4,2,2,2,2,3,6142,1,6,2,0,0,2,2.0,69047.72894688007,12784,62905.72894688007,1,0,1,0,0,0,1,0,0
34,44,1,2,1,1,4,1,18241,3,12,13,8,1,21,2.0,69047.72894688007,12784,50806.72894688007,1,0,0,0,1,0,0,1,1
29,9,4,1,3,3,1,2,2451,6,1,0,0,0,0,2.33,89817.88593023256,119,87366.88593023256,0,0,1,0,0,0,0,0,0
26,27,1,3,2,2,1,2,10682,2,9,2,7,1,9,1.67,102997.714045,2542,92315.714045,0,1,0,1,0,0,1,0,0
34,30,3,3,3,1,3,3,7187,2,3,10,0,0,10,2.33,69047.72894688007,12784,61860.72894688007,1,1,0,0,0,1,0,0,0
43,26,4,1,4,2,2,3,15508,1,22,1,3,1,4,2.67,69047.72894688007,12784,53539.72894688007,0,0,0,0,1,0,0,1,0
20,25,1,3,4,3,4,1,18735,2,8,2,1,0,3,3.67,69047.72894688007,12784,50312.72894688007,1,1,0,0,1,0,1,0,0
44,1,3,1,4,3,1,3,3195,4,2,2,2,0,4,2.67,61845.10984536083,269,58650.10984536083,1,0,0,0,0,0,0,0,0
34,10,3,1,2,2,2,3,2008,1,1,0,1,0,1,2.0,17372.83423076923,33,15364.83423076923,0,0,0,0,0,0,0,0,0
55,9,3,2,5,1,3,1,10710,4,10,12,6,1,18,3.0,69047.72894688007,12784,58337.72894688007,1,0,0,1,0,0,1,0,0
20,46,3,1,4,2,1,2,9241,2,9,12,9,1,21,2.33,102997.714045,2542,93756.714045,1,0,0,1,0,0,1,0,0
59,11,2,3,2,1,3,3,16799,2,10,1,8,1,9,2.0,69047.72894688007,12784,52248.72894688007,1,1,0,0,1,0,1,0,0
32,46,3,1,2,4,3,2,10331,1,9,3,6,1,9,3.0,69047.72894688007,12784,58716.72894688007,1,0,1,1,0,0,1,0,0
35,47,2,4,1,4,1,3,9485,2,8,5,3,1,8,2.0,69047.72894688007,12784,59562.72894688007,0,0,1,1,0,0,1,0,0
54,48,1,2,2,3,3,3,12615,4,4,4,1,0,5,2.67,69047.72894688007,12784,56432.72894688007,1,1,0,1,0,1,0,0,0
34,24,1,4,2,4,2,4,19270,1,4,11,5,1,16,2.67,102997.714045,2542,83727.714045,1,0,0,0,1,1,0,0,0
49,15,3,5,2,4,4,1,16490,3,13,12,8,1,20,3.33,69047.72894688007,12784,52557.72894688007,0,0,0,0,1,0,0,1,1
38,22,3,3,5,3,1,4,14858,2,24,4,4,1,8,3.0,102997.714045,2542,88139.714045,0,0,1,0,1,0,0,1,0
38,3,3,3,3,1,3,2,10609,0,16,10,5,1,15,2.33,91683.75438596492,139,81074.75438596492,0,0,0,1,0,0,0,1,0
38,31,2,3,2,4,4,1,15554,1,1,6,0,0,6,3.33,102997.714045,2542,87443.714045,0,0,0,0,1,0,0,0,0
28,34,2,4,2,1,4,2,7304,1,13,1,5,1,6,2.33,102997.714045,2542,95693.714045,0,0,1,0,0,0,0,1,0
23,46,1,3,2,2,4,3,7215,2,21,5,9,1,14,2.67,69047.72894688007,12784,61832.72894688007,0,0,0,0,0,0,0,1,1
30,7,3,2,3,3,1,2,3491,1,10,7,8,1,15,2.33,17372.83423076923,33,13881.83423076923,0,0,0,0,0,0,1,0,0
30,33,4,2,5,2,2,3,10460,2,15,4,2,0,6,3.0,69047.72894688007,12784,58587.72894688007,0,0,1,1,0,0,0,1,0
40,4,2,3,4,3,1,2,10855,7,12,11,2,0,13,2.67,91683.75438596492,139,80828.75438596492,0,0,1,1,0,0,0,1,0
59,44,1,1,5,1,2,4,13761,3,26,11,5,1,16,2.67,69047.72894688007,12784,55286.72894688007,1,0,0,0,1,0,0,1,1
39,49,1,1,1,1,2,2,8769,1,11,5,0,0,5,1.33,69047.72894688007,12784,60278.72894688007,1,1,0,1,0,0,0,1,1
20,45,3,3,5,3,2,1,4889,2,18,11,9,1,20,3.33,69047.72894688007,12784,64158.72894688007,1,1,0,0,0,0,0,1,0
56,22,1,3,1,1,2,2,16504,4,15,12,9,1,21,1.33,69047.72894688007,12784,52543.72894688007,0,0,0,0,1,0,0,1,1
59,21,4,5,1,1,2,2,3711,2,7,1,3,1,4,1.33,69047.72894688007,12784,65336.72894688007,0,1,0,0,0,0,1,0,0
41,45,4,1,1,2,3,4,3069,4,11,6,4,1,10,2.0,69047.72894688007,12784,65978.72894688007,0,0,1,0,0,0,0,1,0
46,43,3,5,5,4,4,4,7814,3,28,4,1,0,5,4.33,102997.714045,2542,95183.714045,0,1,0,1,0,0,0,1,0
44,45,4,1,1,2,4,2,11437,1,11,8,4,1,12,2.33,102997.714045,2542,91560.714045,0,1,0,1,0,0,0,1,0
29,18,4,1,2,3,2,2,10996,3,2,7,2,0,9,2.33,69047.72894688007,12784,58051.72894688007,0,0,1,1,0,0,0,0,0
43,19,3,4,1,4,2,1,13177,3,23,10,8,1,18,2.33,102997.714045,2542,89820.714045,0,0,1,1,0,0,0,1,0
34,6,1,1,3,4,4,2,2351,0,2,2,1,0,3,3.67,69047.72894688007,12784,66696.72894688007,0,0,0,0,0,0,0,0,1
43,9,4,1,5,3,4,3,9744,3,11,10,8,1,18,4.0,69047.72894688007,12784,59303.72894688007,0,1,0,1,0,0,0,1,0
20,22,1,4,3,1,4,1,19465,3,16,1,5,1,6,2.67,69047.72894688007,12784,49582.72894688007,0,0,1,0,1,0,0,1,0
36,31,4,3,2,4,4,2,19059,4,21,13,7,1,20,3.33,69047.72894688007,12784,49988.72894688007,0,1,0,0,1,0,0,1,0
43,25,2,1,1,2,3,4,6670,1,28,2,9,1,11,2.0,69047.72894688007,12784,62377.72894688007,1,1,0,0,0,0,0,1,0
54,38,4,3,5,4,4,3,19501,1,21,11,6,1,17,4.33,69047.72894688007,12784,49546.72894688007,1,0,0,0,1,0,0,1,0
34,23,3,2,3,4,3,3,18295,2,13,8,9,1,17,3.33,102997.714045,2542,84702.714045,0,1,0,0,1,0,0,1,0
23,40,2,1,1,3,1,1,5270,2,23,4,0,0,4,1.67,69047.72894688007,12784,63777.72894688007,0,0,1,0,0,0,0,1,1
30,5,3,1,2,2,1,3,2422,0,3,2,1,0,3,1.67,17372.83423076923,33,14950.83423076923,0,1,0,0,0,1,0,0,1
36,24,3,2,2,2,3,3,5674,7,9,8,0,0,8,2.33,17372.83423076923,33,11698.83423076923,0,0,1,0,0,0,1,0,0
26,29,3,2,3,1,1,3,4306,5,0,0,0,0,0,1.67,91683.75438596492,139,87377.75438596492,0,0,0,0,0,0,0,0,0
48,12,1,3,5,4,4,1,15007,4,19,10,0,0,10,4.33,69047.72894688007,12784,54040.72894688007,1,0,1,0,1,0,0,1,0
47,16,4,5,5,2,4,3,14410,4,17,6,0,0,6,3.67,69047.72894688007,12784,54637.72894688007,1,0,0,0,1,0,0,1,1
33,44,2,3,4,4,1,3,9179,4,24,3,4,1,7,3.0,69047.72894688007,12784,59868.72894688007,1,1,0,1,0,0,0,1,0
23,14,3,5,3,2,3,2,15596,3,23,5,8,1,13,2.67,69047.72894688007,12784,53451.72894688007,0,1,0,0,1,0,0,1,1
28,10,3,4,4,1,1,1,9629,3,15,13,1,0,14,2.0,102997.714045,2542,93368.714045,0,0,0,1,0,0,0,1,0
25,9,2,1,1,1,1,3,4400,3,3,2,2,0,4,1.0,69047.72894688007,12784,64647.72894688007,0,0,1,0,0,1,0,0,1
42,22,3,4,4,3,4,1,7698,2,4,9,8,1,17,3.67,69047.72894688007,12784,61349.72894688007,0,0,1,1,0,1,0,0,1
45,47,1,2,5,1,2,3,10619,2,4,1,1,0,2,2.67,102997.714045,2542,92378.714045,1,0,1,1,0,1,0,0,0
23,33,2,1,1,2,2,3,12196,2,24,7,8,1,15,1.67,69047.72894688007,12784,56851.72894688007,0,0,0,1,0,0,0,1,0
52,2,2,1,4,3,2,2,3212,7,2,2,2,0,4,3.0,17372.83423076923,33,14160.83423076923,0,1,0,0,0,0,0,0,0
27,27,2,5,4,1,4,4,17429,1,21,7,7,1,14,3.0,102997.714045,2542,85568.714045,1,0,1,0,1,0,0,1,0
37,6,2,3,5,4,4,1,17763,3,5,5,7,1,12,4.33,102997.714045,2542,85234.714045,0,1,0,0,1,1,0,0,0
34,13,3,2,1,2,2,2,15759,3,6,2,1,0,3,1.67,69047.72894688007,12784,53288.72894688007,1,0,1,0,1,0,1,0,0
26,37,4,1,3,3,3,3,4444,2,19,2,1,0,3,3.0,69047.72894688007,12784,64603.72894688007,1,1,0,0,0,0,0,1,0
51,10,2,5,4,4,2,2,5641,2,4,10,4,1,14,3.33,102997.714045,2542,97356.714045,1,1,0,0,0,1,0,0,0
47,22,3,5,2,1,1,1,4259,1,19,12,1,0,13,1.33,102997.714045,2542,98738.714045,0,0,1,0,0,0,0,1,0
40,31,2,3,5,2,3,4,19734,2,25,11,8,1,19,3.33,69047.72894688007,12784,49313.72894688007,0,0,0,0,1,0,0,1,1
21,7,1,5,4,3,4,2,16591,2,26,5,6,1,11,3.67,69047.72894688007,12784,52456.72894688007,1,1,0,0,1,0,0,1,0
55,45,1,4,3,2,1,3,19959,3,18,3,5,1,8,2.0,69047.72894688007,12784,49088.72894688007,1,1,0,0,1,0,0,1,0
45,1,4,4,5,1,2,4,15731,2,29,12,7,1,19,2.67,102997.714045,2542,87266.714045,1,0,1,0,1,0,0,1,0
46,18,2,3,2,1,2,1,17725,3,18,7,7,1,14,1.67,69047.72894688007,12784,51322.72894688007,0,0,0,0,1,0,0,1,0
38,2,2,3,3,4,4,4,7756,3,5,4,0,0,4,3.67,69047.72894688007,12784,61291.72894688007,1,0,1,1,0,1,0,0,0
56,18,2,2,2,1,4,3,16788,2,2,12,8,1,20,2.33,102997.714045,2542,86209.714045,0,0,0,0,1,0,0,0,1
56,49,2,5,5,4,1,3,16968,3,3,2,3,1,5,3.33,69047.72894688007,12784,52079.72894688007,1,0,1,0,1,1,0,0,1
44,39,3,2,2,3,2,2,7365,4,7,6,7,1,13,2.33,69047.72894688007,12784,61682.72894688007,0,1,0,0,0,0,1,0,0
27,3,2,1,3,3,4,2,2566,1,1,1,0,0,1,3.33,89817.88593023256,119,87251.88593023256,1,0,0,0,0,0,0,0,0
21,19,1,4,4,3,4,1,3676,1,19,8,3,1,11,3.67,69047.72894688007,12784,65371.72894688007,1,1,0,0,0,0,0,1,0
29,19,3,1,5,1,1,2,15995,1,23,14,5,1,19,2.33,69047.72894688007,12784,53052.72894688007,1,0,0,0,1,0,0,1,0
34,4,4,2,2,1,4,1,11481,2,3,6,9,1,15,2.33,69047.72894688007,12784,57566.72894688007,0,0,0,1,0,1,0,0,0
40,49,3,5,2,1,1,4,10289,3,13,8,5,1,13,1.33,102997.714045,2542,92708.714045,1,0,0,1,0,0,0,1,0
39,37,3,1,1,3,2,1,9380,4,6,5,7,1,12,2.0,102997.714045,2542,93617.714045,0,0,0,1,0,0,1,0,0
29,6,2,3,2,2,2,4,8307,2,16,9,3,1,12,2.0,69047.72894688007,12784,60740.72894688007,1,0,1,1,0,0,0,1,0
28,40,1,4,3,1,2,4,17539,4,10,3,3,1,6,2.0,69047.72894688007,12784,51508.72894688007,1,0,0,0,1,0,1,0,0
30,42,2,2,1,1,2,2,15583,2,3,14,0,0,14,1.33,69047.72894688007,12784,53464.72894688007,1,0,1,0,1,1,0,0,0
42,9,4,3,5,4,2,4,18529,3,27,8,0,0,8,3.67,69047.72894688007,12784,50518.72894688007,1,0,0,0,1,0,0,1,0
33,1,2,2,4,2,1,3,6949,0,5,0,1,0,1,2.33,69047.72894688007,12784,62098.72894688007,0,1,0,0,0,1,0,0,0
33,46,3,3,1,1,1,3,4280,2,1,3,5,1,8,1.0,102997.714045,2542,98717.714045,1,1,0,0,0,0,0,0,0
41,10,1,2,5,4,3,2,15675,1,8,7,6,1,13,4.0,69047.72894688007,12784,53372.72894688007,1,1,0,0,1,0,1,0,0
35,35,2,4,3,1,2,3,19848,2,8,1,3,1,4,2.0,102997.714045,2542,83149.714045,0,1,0,0,1,0,1,0,0
38,28,4,3,1,4,3,2,18224,3,27,13,6,1,19,2.67,69047.72894688007,12784,50823.72894688007,1,0,0,0,1,0,0,1,0
59,15,1,2,4,4,2,1,6303,3,29,1,5,1,6,3.33,69047.72894688007,12784,62744.72894688007,0,0,1,0,0,0,0,1,1
20,45,4,5,5,3,4,2,7484,3,10,6,5,1,11,4.0,69047.72894688007,12784,61563.72894688007,0,0,1,0,0,0,1,0,0
25,41,1,3,2,4,4,3,18225,2,19,5,6,1,11,3.33,69047.72894688007,12784,50822.72894688007,1,0,1,0,1,0,0,1,0
21,20,3,2,3,3,2,1,15052,4,29,10,8,1,18,2.67,69047.72894688007,12784,53995.72894688007,0,1,0,0,1,0,0,1,0
55,23,3,1,5,1,2,1,3072,4,28,7,8,1,15,2.67,102997.714045,2542,99925.714045,1,0,0,0,0,0,0,1,0
41,2,3,4,1,2,2,3,16595,7,18,16,11,1,27,1.67,102997.714045,2542,86402.714045,0,0,1,0,1,0,0,1,0
34,23,4,5,2,3,1,3,5221,2,13,14,8,1,22,2.0,102997.714045,2542,97776.714045,1,0,1,0,0,0,0,1,0
35,25,2,3,2,4,1,3,10903,3,13,10,4,1,14,2.33,69047.72894688007,12784,58144.72894688007,0,0,1,1,0,0,0,1,0
26,31,3,4,3,3,1,2,4429,1,25,4,4,1,8,2.33,69047.72894688007,12784,64618.72894688007,1,1,0,0,0,0,0,1,0
28,19,2,5,2,1,3,2,12947,4,12,2,3,1,5,2.0,69047.72894688007,12784,56100.72894688007,0,0,0,1,0,0,0,1,0
45,2,1,2,3,2,1,3,6632,0,8,7,3,1,10,2.0,69047.72894688007,12784,62415.72894688007,0,1,0,0,0,0,1,0,0
44,26,3,5,5,2,4,4,8308,2,2,6,2,0,8,3.67,102997.714045,2542,94689.714045,1,0,0,1,0,0,0,0,1
48,16,3,5,1,3,1,1,8317,2,10,14,6,1,20,1.67,69047.72894688007,12784,60730.72894688007,0,1,0,1,0,0,1,0,0
53,21,3,2,4,1,3,4,18868,3,14,13,5,1,18,2.67,69047.72894688007,12784,50179.72894688007,0,0,1,0,1,0,0,1,0
22,38,2,1,4,1,3,4,11811,4,19,11,8,1,19,2.67,69047.72894688007,12784,57236.72894688007,0,1,0,1,0,0,0,1,0
55,8,4,3,5,4,4,2,15028,2,5,6,6,1,12,4.33,69047.72894688007,12784,54019.72894688007,0,1,0,0,1,1,0,0,1
57,40,1,5,5,3,1,2,12469,1,10,1,0,0,1,3.0,69047.72894688007,12784,56578.72894688007,1,1,0,1,0,0,1,0,0
33,42,1,3,3,2,3,1,11957,2,21,14,1,0,15,2.67,102997.714045,2542,91040.714045,0,0,0,1,0,0,0,1,0
37,26,3,1,5,3,1,2,9220,3,10,9,0,0,9,3.0,102997.714045,2542,93777.714045,1,0,0,1,0,0,1,0,0
23,22,2,1,5,1,1,1,11326,2,29,1,9,1,10,2.33,69047.72894688007,12784,57721.72894688007,0,0,1,1,0,0,0,1,0
43,32,4,2,3,2,4,2,13441,4,14,2,8,1,10,3.0,69047.72894688007,12784,55606.72894688007,1,1,0,1,0,0,0,1,0
50,24,3,4,3,4,4,3,13973,3,12,11,1,0,12,3.67,69047.72894688007,12784,55074.72894688007,1,0,1,0,1,0,0,1,0
38,1,4,2,4,2,3,2,7625,0,9,7,1,0,8,3.0,69047.72894688007,12784,61422.72894688007,0,1,0,1,0,0,1,0,0
57,45,4,3,3,3,3,2,8927,3,11,4,7,1,11,3.0,102997.714045,2542,94070.714045,0,0,1,1,0,0,0,1,0
40,34,3,1,1,1,3,4,17371,1,1,8,7,1,15,1.67,69047.72894688007,12784,51676.72894688007,1,0,0,0,1,0,0,0,0
22,35,1,3,5,3,3,3,17817,2,15,11,0,0,11,3.67,102997.714045,2542,85180.714045,0,0,1,0,1,0,0,1,0
40,30,2,1,1,3,4,2,14325,3,1,6,9,1,15,2.67,102997.714045,2542,88672.714045,0,0,1,0,1,0,0,0,0
35,24,4,2,2,2,2,4,3554,4,4,5,7,1,12,2.0,69047.72894688007,12784,65493.72894688007,1,0,0,0,0,1,0,0,0
27,34,4,1,2,1,1,2,16971,3,23,14,6,1,20,1.33,102997.714045,2542,86026.714045,1,1,0,0,1,0,0,1,0
45,20,3,5,4,2,2,3,11460,3,7,14,1,0,15,2.67,102997.714045,2542,91537.714045,1,0,1,1,0,0,1,0,0
48,23,2,1,1,3,2,4,4856,3,4,3,2,0,5,2.0,69047.72894688007,12784,64191.72894688007,0,1,0,0,0,1,0,0,0
43,6,2,2,3,1,1,1,4081,1,20,7,1,0,8,1.67,89817.88593023256,119,85736.88593023256,1,1,0,0,0,0,0,1,0
51,5,3,2,1,1,1,2,5421,1,12,1,8,1,9,1.0,69047.72894688007,12784,63626.72894688007,1,0,0,0,0,0,0,1,0
20,3,2,1,3,1,1,2,3033,1,2,2,1,0,3,1.67,17372.83423076923,33,14339.83423076923,0,1,0,0,0,0,0,0,0
23,22,4,1,4,3,2,4,5377,3,29,1,0,0,1,3.0,69047.72894688007,12784,63670.72894688007,0,0,0,0,0,0,0,1,0
31,2,3,1,3,1,3,3,3067,0,2,2,1,0,3,2.33,69047.72894688007,12784,65980.72894688007,0,0,1,0,0,0,0,0,0
27,2,3,1,4,4,3,2,2580,2,4,2,1,0,3,3.67,89817.88593023256,119,87237.88593023256,0,1,0,0,0,1,0,0,0
23,5,1,3,2,1,4,3,7766,4,24,1,4,1,5,2.33,69047.72894688007,12784,61281.72894688007,0,0,0,1,0,0,0,1,0
30,28,3,2,5,4,1,4,16711,4,16,1,0,0,1,3.33,69047.72894688007,12784,52336.72894688007,0,1,0,0,1,0,0,1,0
37,18,1,1,4,4,4,2,19880,4,26,2,7,1,9,4.0,69047.72894688007,12784,49167.72894688007,0,0,0,0,1,0,0,1,0
59,46,4,3,2,4,4,3,14152,1,10,2,0,0,2,3.33,102997.714045,2542,88845.714045,0,1,0,0,1,0,1,0,0
58,29,4,5,1,1,1,3,9513,3,23,14,1,0,15,1.0,102997.714045,2542,93484.714045,1,0,0,1,0,0,0,1,0
31,24,2,2,1,3,2,3,6812,1,10,9,1,0,10,2.0,69047.72894688007,12784,62235.72894688007,0,1,0,0,0,0,1,0,0
24,44,4,4,1,2,1,4,13193,1,7,12,2,0,14,1.33,69047.72894688007,12784,55854.72894688007,1,0,1,1,0,0,1,0,0
49,33,4,2,5,3,4,3,13802,1,24,12,3,1,15,4.0,69047.72894688007,12784,55245.72894688007,0,0,0,0,1,0,0,1,0
21,45,3,2,4,2,3,3,9255,4,25,13,1,0,14,3.0,69047.72894688007,12784,59792.72894688007,1,1,0,1,0,0,0,1,1
28,9,3,1,3,3,2,3,2377,5,2,2,2,0,4,2.67,89817.88593023256,119,87440.88593023256,0,0,0,0,0,0,0,0,0
33,43,3,4,2,4,1,1,11231,2,22,4,5,1,9,2.33,69047.72894688007,12784,57816.72894688007,1,0,0,1,0,0,0,1,0
34,22,2,2,4,3,2,3,5747,1,15,10,6,1,16,3.0,89817.88593023256,119,84070.88593023256,1,0,1,0,0,0,0,1,0
39,25,3,2,5,3,2,2,12260,3,12,8,6,1,14,3.33,69047.72894688007,12784,56787.72894688007,1,0,1,1,0,0,0,1,0
44,28,2,2,2,1,1,1,7344,3,10,3,8,1,11,1.33,102997.714045,2542,95653.714045,1,0,1,0,0,0,1,0,0
24,8,3,2,3,1,4,4,13023,3,10,9,1,0,10,2.67,69047.72894688007,12784,56024.72894688007,1,1,0,1,0,0,1,0,0
30,10,3,1,3,3,3,4,3170,3,16,5,5,1,10,3.0,69047.72894688007,12784,65877.72894688007,1,1,0,0,0,0,0,1,0
49,24,3,3,2,1,1,4,18537,2,8,5,0,0,5,1.33,69047.72894688007,12784,50510.72894688007,1,1,0,0,1,0,1,0,0
41,19,3,5,4,2,2,3,13988,1,19,9,6,1,15,2.67,69047.72894688007,12784,55059.72894688007,0,0,1,0,1,0,0,1,0
47,9,4,1,4,3,3,1,19506,3,27,9,0,0,9,3.33,102997.714045,2542,83491.714045,0,0,0,0,1,0,0,1,0
34,21,2,4,2,4,4,1,10396,3,23,5,7,1,12,3.33,69047.72894688007,12784,58651.72894688007,0,0,1,1,0,0,0,1,0
55,25,2,1,3,4,4,3,11581,2,12,6,0,0,6,3.67,69047.72894688007,12784,57466.72894688007,1,0,0,1,0,0,0,1,1
33,38,3,3,1,3,2,4,19230,3,28,1,6,1,7,2.0,102997.714045,2542,83767.714045,1,1,0,0,1,0,0,1,0
38,34,1,4,5,2,2,1,7775,4,14,4,3,1,7,3.0,69047.72894688007,12784,61272.72894688007,1,0,0,1,0,0,0,1,0
22,38,3,3,3,4,2,1,4498,3,16,1,6,1,7,3.0,102997.714045,2542,98499.714045,1,0,0,0,0,0,0,1,0
47,39,3,3,2,4,4,4,13932,4,14,1,0,0,1,3.33,69047.72894688007,12784,55115.72894688007,0,1,0,0,1,0,0,1,0
28,18,4,2,4,1,2,1,3743,1,18,1,5,1,6,2.33,69047.72894688007,12784,65304.72894688007,0,0,0,0,0,0,0,1,0
21,31,3,2,2,4,4,1,19731,4,25,12,1,0,13,3.33,69047.72894688007,12784,49316.72894688007,1,0,1,0,1,0,0,1,0
38,6,4,2,2,1,2,3,3626,1,14,4,3,1,7,1.67,102997.714045,2542,99371.714045,1,0,0,0,0,0,0,1,0
27,49,1,2,3,4,3,3,18230,1,5,4,9,1,13,3.33,69047.72894688007,12784,50817.72894688007,0,0,0,0,1,1,0,0,0
24,39,3,1,4,1,4,2,6625,3,20,10,7,1,17,3.0,102997.714045,2542,96372.714045,1,1,0,0,0,0,0,1,0
52,44,4,5,1,1,4,1,8807,4,10,4,0,0,4,2.0,69047.72894688007,12784,60240.72894688007,1,0,1,1,0,0,1,0,0
50,4,4,2,4,1,1,4,15578,1,28,4,1,0,5,2.0,69047.72894688007,12784,53469.72894688007,0,1,0,0,1,0,0,1,0
20,44,3,1,4,2,2,4,13194,2,22,5,5,1,10,2.67,69047.72894688007,12784,55853.72894688007,0,0,0,1,0,0,0,1,0
42,5,3,1,3,2,4,3,2093,4,2,2,2,0,4,3.0,17372.83423076923,33,15279.83423076923,0,0,1,0,0,0,0,0,0
55,18,1,5,5,2,2,1,11054,2,6,10,1,0,11,3.0,102997.714045,2542,91943.714045,1,0,0,1,0,0,1,0,0
56,29,1,5,3,2,4,1,17101,3,12,1,5,1,6,3.0,69047.72894688007,12784,51946.72894688007,1,0,0,0,1,0,0,1,0
30,7,3,1,2,4,1,3,2983,0,3,2,1,0,3,2.33,69047.72894688007,12784,66064.72894688007,0,1,0,0,0,1,0,0,0
43,27,1,2,1,2,4,4,8476,2,12,6,8,1,14,2.33,69047.72894688007,12784,60571.72894688007,1,1,0,1,0,0,0,1,0
30,17,1,5,3,4,1,1,8733,3,18,7,7,1,14,2.67,69047.72894688007,12784,60314.72894688007,0,1,0,1,0,0,0,1,1
26,14,4,1,4,2,1,2,16761,2,28,9,8,1,17,2.33,102997.714045,2542,86236.714045,0,0,1,0,1,0,0,1,0
49,16,4,1,5,1,4,1,5982,4,11,10,6,1,16,3.33,102997.714045,2542,97015.714045,0,0,0,0,0,0,0,1,0
38,17,3,2,1,4,2,1,4717,2,18,1,7,1,8,2.33,69047.72894688007,12784,64330.72894688007,0,0,1,0,0,0,0,1,1
34,8,4,2,3,2,1,4,4404,2,4,3,1,0,4,2.0,17372.83423076923,33,12968.83423076923,0,0,1,0,0,1,0,0,0
58,36,2,1,1,2,3,2,12631,4,15,4,5,1,9,2.0,69047.72894688007,12784,56416.72894688007,1,1,0,1,0,0,0,1,0
29,43,3,2,3,4,3,4,15861,1,24,7,4,1,11,3.33,102997.714045,2542,87136.714045,1,0,1,0,1,0,0,1,1
22,9,2,1,5,4,2,3,9438,3,18,2,3,1,5,3.67,102997.714045,2542,93559.714045,0,1,0,1,0,0,0,1,0
19,25,4,1,4,2,4,3,2994,1,1,0,0,0,0,3.33,89817.88593023256,119,86823.88593023256,1,1,0,0,0,0,0,0,0
40,15,2,2,3,1,2,2,14868,2,23,1,6,1,7,2.0,102997.714045,2542,88129.714045,0,1,0,0,1,0,0,1,0
29,4,2,1,1,4,3,3,2109,1,1,0,0,0,0,2.67,89817.88593023256,119,87708.88593023256,0,0,0,0,0,0,0,0,0
30,14,3,3,3,4,4,2,9855,2,4,6,2,0,8,3.67,69047.72894688007,12784,59192.72894688007,1,0,0,1,0,1,0,0,0
51,48,1,5,3,2,3,4,7968,3,27,13,7,1,20,2.67,69047.72894688007,12784,61079.72894688007,0,0,1,1,0,0,0,1,0
53,5,3,5,4,3,4,2,18747,2,28,10,2,0,12,3.67,102997.714045,2542,84250.714045,1,0,1,0,1,0,0,1,0
43,34,1,5,2,4,4,2,13465,4,10,5,0,0,5,3.33,102997.714045,2542,89532.714045,1,1,0,1,0,0,1,0,0
42,17,1,1,2,1,2,1,10935,2,7,10,0,0,10,1.67,69047.72894688007,12784,58112.72894688007,1,0,1,1,0,0,1,0,1
55,26,3,3,2,4,2,1,15337,1,28,14,3,1,17,2.67,69047.72894688007,12784,53710.72894688007,1,0,0,0,1,0,0,1,0
24,28,1,1,3,2,1,4,19852,2,3,8,3,1,11,2.0,69047.72894688007,12784,49195.72894688007,1,0,1,0,1,1,0,0,0
33,20,4,2,5,2,1,3,16560,2,11,6,9,1,15,2.67,69047.72894688007,12784,52487.72894688007,1,0,0,0,1,0,0,1,0
21,22,4,1,1,3,2,1,11951,4,27,6,9,1,15,2.0,69047.72894688007,12784,57096.72894688007,0,1,0,1,0,0,0,1,0
26,38,4,1,1,1,3,2,5415,2,1,1,0,0,1,1.67,69047.72894688007,12784,63632.72894688007,0,1,0,0,0,0,0,0,0
39,9,3,2,1,1,4,3,5151,1,10,0,7,1,7,2.0,69047.72894688007,12784,63896.72894688007,0,0,1,0,0,0,1,0,0
20,3,1,3,5,4,3,1,18860,2,29,3,7,1,10,4.0,69047.72894688007,12784,50187.72894688007,1,0,1,0,1,0,0,1,0
44,1,1,3,3,4,4,3,19320,4,7,10,5,1,15,3.67,69047.72894688007,12784,49727.72894688007,0,0,1,0,1,0,1,0,0
57,20,4,5,2,4,3,1,9896,4,5,12,0,0,12,3.0,69047.72894688007,12784,59151.72894688007,1,0,1,1,0,1,0,0,0
40,43,1,2,2,2,4,2,5471,4,2,10,1,0,11,2.67,69047.72894688007,12784,63576.72894688007,0,0,1,0,0,0,0,0,0
48,19,1,5,4,3,4,1,5088,4,13,2,8,1,10,3.67,69047.72894688007,12784,63959.72894688007,0,0,0,0,0,0,0,1,0
39,4,2,5,3,2,3,2,7429,4,22,14,4,1,18,2.67,69047.72894688007,12784,61618.72894688007,0,0,1,0,0,0,0,1,0
53,6,3,4,5,3,3,2,17069,2,24,10,0,0,10,3.67,69047.72894688007,12784,51978.72894688007,1,0,1,0,1,0,0,1,0
36,48,1,1,5,2,1,1,15002,2,27,5,7,1,12,2.67,102997.714045,2542,87995.714045,0,0,0,0,1,0,0,1,0
28,10,3,1,2,4,2,3,1052,1,1,0,0,0,0,2.67,69047.72894688007,12784,67995.72894688007,0,0,1,0,0,0,0,0,0
36,2,2,3,3,2,2,3,7596,1,10,9,9,1,18,2.33,91683.75438596492,139,84087.75438596492,0,0,1,0,0,0,1,0,0
32,25,1,3,5,3,3,2,6834,2,8,5,8,1,13,3.67,69047.72894688007,12784,62213.72894688007,1,1,0,0,0,0,1,0,0
46,7,1,4,5,1,1,1,5887,3,20,4,9,1,13,2.33,69047.72894688007,12784,63160.72894688007,0,1,0,0,0,0,0,1,1
47,2,4,5,4,1,4,3,6681,4,28,8,3,1,11,3.0,69047.72894688007,12784,62366.72894688007,1,1,0,0,0,0,0,1,0
30,7,3,4,4,3,1,2,14804,1,4,6,8,1,14,2.67,69047.72894688007,12784,54243.72894688007,1,0,0,0,1,1,0,0,1
34,15,2,3,4,3,1,4,15864,2,26,14,3,1,17,2.67,69047.72894688007,12784,53183.72894688007,1,0,0,0,1,0,0,1,1
58,2,3,4,2,2,4,2,16291,4,16,9,14,1,23,2.67,102997.714045,2542,86706.714045,0,0,0,0,1,0,0,1,0
26,31,1,1,2,3,1,2,3571,2,16,1,4,1,5,2.0,102997.714045,2542,99426.714045,1,0,0,0,0,0,0,1,0
35,15,3,4,1,3,2,4,8756,1,7,6,6,1,12,2.0,69047.72894688007,12784,60291.72894688007,0,1,0,1,0,0,1,0,0
45,39,2,5,1,4,2,4,16670,3,21,5,5,1,10,2.33,102997.714045,2542,86327.714045,1,1,0,0,1,0,0,1,0
35,3,4,1,5,3,2,4,7059,2,28,10,7,1,17,3.33,69047.72894688007,12784,61988.72894688007,0,0,1,0,0,0,0,1,0
36,19,4,4,5,1,1,1,3681,4,18,8,0,0,8,2.33,69047.72894688007,12784,65366.72894688007,1,1,0,0,0,0,0,1,0
32,37,4,3,3,4,4,3,7792,3,13,6,5,1,11,3.67,69047.72894688007,12784,61255.72894688007,0,0,1,1,0,0,0,1,0
34,34,2,2,4,4,2,4,10019,3,8,13,9,1,22,3.33,69047.72894688007,12784,59028.72894688007,1,0,0,1,0,0,1,0,0
30,31,3,1,5,1,2,3,16318,3,21,4,3,1,7,2.67,69047.72894688007,12784,52729.72894688007,0,1,0,0,1,0,0,1,0
37,20,4,4,1,3,1,1,4972,4,6,12,0,0,12,1.67,102997.714045,2542,98025.714045,1,0,0,0,0,0,1,0,1
30,4,2,3,5,4,3,1,11551,1,6,10,7,1,17,4.0,69047.72894688007,12784,57496.72894688007,1,0,0,1,0,0,1,0,0
32,1,2,1,3,4,4,1,3730,0,3,2,1,0,3,3.67,17372.83423076923,33,13642.83423076923,1,1,0,0,0,1,0,0,1
54,34,2,3,3,1,1,2,13350,1,23,7,8,1,15,1.67,102997.714045,2542,89647.714045,1,1,0,1,0,0,0,1,0
56,33,3,1,4,3,3,3,18450,2,6,4,2,0,6,3.33,69047.72894688007,12784,50597.72894688007,1,0,0,0,1,0,1,0,0
39,7,4,3,5,4,4,1,18765,1,27,5,2,0,7,4.33,69047.72894688007,12784,50282.72894688007,0,1,0,0,1,0,0,1,0
27,30,4,3,4,3,1,4,13342,1,18,3,6,1,9,2.67,69047.72894688007,12784,55705.72894688007,0,1,0,1,0,0,0,1,1
38,10,3,1,5,3,4,4,18699,1,26,1,3,1,4,4.0,102997.714045,2542,84298.714045,1,1,0,0,1,0,0,1,0
53,34,1,2,3,1,1,3,14850,4,5,12,6,1,18,1.67,102997.714045,2542,88147.714045,1,0,1,0,1,1,0,0,1
20,26,3,1,2,2,2,2,9215,3,27,7,0,0,7,2.0,69047.72894688007,12784,59832.72894688007,1,1,0,1,0,0,0,1,0
43,48,2,4,4,1,1,4,19737,4,25,14,1,0,15,2.0,69047.72894688007,12784,49310.72894688007,1,0,0,0,1,0,0,1,1
20,11,1,4,3,3,3,2,9029,2,24,2,2,0,4,3.0,69047.72894688007,12784,60018.72894688007,0,0,1,1,0,0,0,1,1
50,3,3,4,5,3,2,4,9089,1,22,2,7,1,9,3.33,69047.72894688007,12784,59958.72894688007,1,0,1,1,0,0,0,1,0
47,15,4,1,5,1,3,3,19728,3,10,14,6,1,20,3.0,102997.714045,2542,83269.714045,0,0,1,0,1,0,1,0,0
52,32,3,3,1,2,3,1,19605,1,20,6,2,0,8,2.0,69047.72894688007,12784,49442.72894688007,1,1,0,0,1,0,0,1,0
35,41,4,3,4,1,3,4,12939,3,29,8,3,1,11,2.67,69047.72894688007,12784,56108.72894688007,1,0,1,1,0,0,0,1,0
23,12,1,3,2,2,1,1,6924,1,16,5,0,0,5,1.67,69047.72894688007,12784,62123.72894688007,1,0,1,0,0,0,0,1,0
51,37,3,3,1,1,2,4,15069,2,15,4,9,1,13,1.33,69047.72894688007,12784,53978.72894688007,0,1,0,0,1,0,0,1,0
43,48,1,4,2,3,1,4,3346,1,26,4,9,1,13,2.0,69047.72894688007,12784,65701.72894688007,1,0,0,0,0,0,0,1,0
54,14,4,3,5,2,3,3,19300,2,3,7,5,1,12,3.33,102997.714045,2542,83697.714045,0,0,1,0,1,1,0,0,0
52,16,1,1,4,2,1,3,17639,3,11,8,6,1,14,2.33,69047.72894688007,12784,51408.72894688007,0,0,1,0,1,0,0,1,0
43,25,4,4,2,2,3,4,14114,2,19,12,2,0,14,2.33,69047.72894688007,12784,54933.72894688007,1,0,1,0,1,0,0,1,1
44,39,2,5,3,1,1,3,13931,3,9,14,5,1,19,1.67,69047.72894688007,12784,55116.72894688007,0,0,1,0,1,0,1,0,0
30,9,2,3,4,4,3,4,17355,2,10,2,0,0,2,3.67,69047.72894688007,12784,51692.72894688007,1,1,0,0,1,0,1,0,1
52,30,2,5,5,2,1,1,14908,2,8,13,3,1,16,2.67,69047.72894688007,12784,54139.72894688007,0,0,0,0,1,0,1,0,0
32,1,4,2,5,3,1,2,12765,2,4,12,5,1,17,3.0,69047.72894688007,12784,56282.72894688007,1,1,0,1,0,1,0,0,0
35,19,1,1,5,2,3,2,3187,1,2,6,9,1,15,3.33,102997.714045,2542,99810.714045,1,0,1,0,0,0,0,0,0
57,19,3,1,3,2,3,2,13810,1,10,2,1,0,3,2.67,69047.72894688007,12784,55237.72894688007,0,1,0,0,1,0,1,0,1
28,7,3,3,1,2,3,1,5250,3,10,12,6,1,18,2.0,69047.72894688007,12784,63797.72894688007,1,0,0,0,0,0,1,0,1
51,15,1,2,3,3,1,1,19228,2,13,11,4,1,15,2.33,69047.72894688007,12784,49819.72894688007,0,0,0,0,1,0,0,1,0
32,15,3,2,4,3,2,3,6667,5,5,1,1,0,2,3.0,69047.72894688007,12784,62380.72894688007,0,0,0,0,0,1,0,0,0
41,7,4,1,4,2,3,2,8290,3,8,13,0,0,13,3.0,69047.72894688007,12784,60757.72894688007,1,0,1,1,0,0,1,0,1
49,39,1,1,1,1,4,1,17238,2,7,10,1,0,11,2.0,102997.714045,2542,85759.714045,0,0,1,0,1,0,1,0,0
51,26,2,3,2,2,4,2,14759,3,2,8,5,1,13,2.67,69047.72894688007,12784,54288.72894688007,0,1,0,0,1,0,0,0,1
33,22,3,1,3,3,4,1,19923,2,11,11,5,1,16,3.33,69047.72894688007,12784,49124.72894688007,1,0,0,0,1,0,0,1,0
33,4,3,1,2,3,2,3,18524,3,1,7,1,0,8,2.33,69047.72894688007,12784,50523.72894688007,0,1,0,0,1,0,0,0,0
31,10,3,2,4,3,4,3,6583,2,5,2,1,0,3,3.67,91683.75438596492,139,85100.75438596492,1,0,0,0,0,1,0,0,0
39,20,1,3,5,3,3,2,15482,4,6,11,1,0,12,3.67,102997.714045,2542,87515.714045,1,0,0,0,1,0,1,0,0
21,11,2,1,3,1,2,2,10931,1,7,13,2,0,15,2.0,69047.72894688007,12784,58116.72894688007,0,1,0,1,0,0,1,0,0
29,17,1,5,5,4,4,3,3359,1,24,12,2,0,14,4.33,69047.72894688007,12784,65688.72894688007,0,0,0,0,0,0,0,1,0
57,1,1,4,4,3,1,1,6339,3,1,3,5,1,8,2.67,69047.72894688007,12784,62708.72894688007,1,0,1,0,0,0,0,0,0
42,12,2,4,3,1,2,3,3579,4,16,12,7,1,19,2.0,102997.714045,2542,99418.714045,0,0,1,0,0,0,0,1,1
55,6,1,3,5,2,1,2,19634,2,21,3,4,1,7,2.67,69047.72894688007,12784,49413.72894688007,0,1,0,0,1,0,0,1,0
32,22,4,3,4,4,2,1,3758,4,17,8,2,0,10,3.33,102997.714045,2542,99239.714045,1,0,1,0,0,0,0,1,0
44,22,4,5,1,3,2,1,3942,1,4,12,6,1,18,2.0,102997.714045,2542,99055.714045,1,0,1,0,0,1,0,0,0
30,6,1,2,1,4,1,1,16348,4,16,2,8,1,10,2.0,69047.72894688007,12784,52699.72894688007,1,1,0,0,1,0,0,1,0
28,7,4,3,2,3,1,3,15192,2,24,13,5,1,18,2.0,69047.72894688007,12784,53855.72894688007,0,0,1,0,1,0,0,1,0
48,17,3,4,4,1,2,2,19607,3,16,3,3,1,6,2.33,69047.72894688007,12784,49440.72894688007,1,1,0,0,1,0,0,1,0
39,41,1,2,1,2,3,2,19872,3,11,3,7,1,10,2.0,69047.72894688007,12784,49175.72894688007,1,0,0,0,1,0,0,1,0
49,40,1,4,5,4,4,3,3500,1,24,2,0,0,2,4.33,69047.72894688007,12784,65547.72894688007,1,1,0,0,0,0,0,1,0
35,37,2,1,1,1,4,3,12530,4,29,14,7,1,21,2.0,69047.72894688007,12784,56517.72894688007,0,0,0,1,0,0,0,1,1
41,35,2,3,4,2,2,3,3296,1,18,11,2,0,13,2.67,69047.72894688007,12784,65751.72894688007,0,0,1,0,0,0,0,1,0
47,33,1,2,2,1,2,4,8299,2,24,10,6,1,16,1.67,69047.72894688007,12784,60748.72894688007,1,1,0,1,0,0,0,1,0
52,12,2,5,1,4,4,4,11358,1,8,4,9,1,13,3.0,69047.72894688007,12784,57689.72894688007,1,0,1,1,0,0,1,0,0
56,36,2,2,4,4,4,1,8382,4,24,4,6,1,10,4.0,102997.714045,2542,94615.714045,0,0,1,1,0,0,0,1,0
40,2,3,1,3,3,2,3,2001,2,5,3,0,0,3,2.67,89817.88593023256,119,87816.88593023256,0,0,1,0,0,1,0,0,0
31,12,3,1,4,3,3,3,3929,8,4,2,0,0,2,3.33,89817.88593023256,119,85888.88593023256,1,0,1,0,0,1,0,0,0
58,23,4,5,3,3,2,3,4478,3,26,14,8,1,22,2.67,69047.72894688007,12784,64569.72894688007,0,1,0,0,0,0,0,1,0
31,41,1,3,4,4,1,3,12968,2,26,2,3,1,5,3.0,69047.72894688007,12784,56079.72894688007,0,0,1,1,0,0,0,1,0
44,25,3,4,1,2,4,4,6099,2,21,9,3,1,12,2.33,102997.714045,2542,96898.714045,1,0,0,0,0,0,0,1,0
49,28,4,4,5,1,2,2,5365,2,10,6,9,1,15,2.67,69047.72894688007,12784,63682.72894688007,0,0,1,0,0,0,1,0,0
40,21,3,2,5,4,1,1,14411,4,11,11,0,0,11,3.33,102997.714045,2542,88586.714045,1,0,1,0,1,0,0,1,0
37,8,2,5,3,2,1,4,17098,4,27,10,9,1,19,2.0,69047.72894688007,12784,51949.72894688007,1,1,0,0,1,0,0,1,0
25,1,3,5,4,2,1,4,6919,3,11,10,1,0,11,2.33,69047.72894688007,12784,62128.72894688007,1,0,0,0,0,0,0,1,0
22,5,4,1,2,4,1,2,2328,1,4,2,2,0,4,2.33,89817.88593023256,119,87489.88593023256,1,0,0,0,0,1,0,0,0
54,39,2,4,4,3,3,1,17466,4,20,10,9,1,19,3.33,69047.72894688007,12784,51581.72894688007,1,0,1,0,1,0,0,1,0
34,36,2,2,4,1,4,1,4101,1,17,14,3,1,17,3.0,69047.72894688007,12784,64946.72894688007,1,0,1,0,0,0,0,1,1
24,15,3,2,1,4,2,2,19605,2,23,12,7,1,19,2.33,69047.72894688007,12784,49442.72894688007,1,0,0,0,1,0,0,1,1
35,20,2,1,3,3,4,2,7132,1,15,1,9,1,10,3.33,69047.72894688007,12784,61915.72894688007,1,1,0,0,0,0,0,1,0
33,17,2,5,4,1,1,3,19589,4,12,12,6,1,18,2.0,102997.714045,2542,83408.714045,1,0,1,0,1,0,0,1,0
34,35,3,3,3,2,3,3,11641,2,14,3,5,1,8,2.67,69047.72894688007,12784,57406.72894688007,0,0,0,1,0,0,0,1,0
48,12,3,4,2,4,2,1,17743,1,10,1,1,0,2,2.67,102997.714045,2542,85254.714045,1,0,0,0,1,0,1,0,1
38,37,2,2,4,3,1,2,16651,3,18,3,0,0,3,2.67,102997.714045,2542,86346.714045,1,0,1,0,1,0,0,1,0
59,47,1,2,4,1,3,1,18658,4,7,12,0,0,12,2.67,69047.72894688007,12784,50389.72894688007,0,1,0,0,1,0,1,0,0
26,45,3,2,1,1,1,2,11038,2,27,10,5,1,15,1.0,69047.72894688007,12784,58009.72894688007,1,1,0,1,0,0,0,1,1
34,5,1,2,1,4,4,4,5915,4,27,6,6,1,12,3.0,69047.72894688007,12784,63132.72894688007,0,0,0,0,0,0,0,1,0
48,17,1,1,3,3,2,1,5026,2,1,14,1,0,15,2.67,102997.714045,2542,97971.714045,1,0,0,0,0,0,0,0,0
21,28,4,4,4,3,4,3,10582,1,4,12,4,1,16,3.67,69047.72894688007,12784,58465.72894688007,0,0,0,1,0,1,0,0,0
32,36,3,5,5,2,3,1,14004,3,24,8,1,0,9,3.33,69047.72894688007,12784,55043.72894688007,1,0,1,0,1,0,0,1,0
45,39,4,3,5,4,1,3,5435,1,8,12,8,1,20,3.33,69047.72894688007,12784,63612.72894688007,0,0,0,0,0,0,1,0,1
33,23,4,5,3,1,2,2,8380,1,7,13,2,0,15,2.0,102997.714045,2542,94617.714045,1,0,1,1,0,0,1,0,0
22,48,4,5,2,2,1,1,9288,2,25,3,8,1,11,1.67,102997.714045,2542,93709.714045,1,0,1,1,0,0,0,1,0
27,2,3,2,4,1,2,3,4227,0,3,2,2,0,4,2.33,69047.72894688007,12784,64820.72894688007,0,0,1,0,0,1,0,0,0
38,1,2,5,1,2,4,1,6764,3,9,10,2,0,12,2.33,69047.72894688007,12784,62283.72894688007,0,0,1,0,0,0,1,0,0
50,3,3,5,2,3,4,4,7443,4,14,11,6,1,17,3.0,69047.72894688007,12784,61604.72894688007,0,0,1,0,0,0,0,1,0
23,16,3,1,4,1,4,2,16006,1,7,8,1,0,9,3.0,69047.72894688007,12784,53041.72894688007,0,0,0,0,1,0,1,0,0
49,39,2,5,4,2,3,3,4531,3,25,6,3,1,9,3.0,102997.714045,2542,98466.714045,1,1,0,0,0,0,0,1,1
42,42,4,2,2,1,2,2,8229,4,10,12,5,1,17,1.67,69047.72894688007,12784,60818.72894688007,0,1,0,1,0,0,1,0,1
26,49,4,4,3,3,2,3,17654,1,28,1,7,1,8,2.67,69047.72894688007,12784,51393.72894688007,0,0,0,0,1,0,0,1,0
53,11,3,4,5,4,2,2,16553,3,7,2,6,1,8,3.67,69047.72894688007,12784,52494.72894688007,0,1,0,0,1,0,1,0,0
37,43,3,2,2,2,3,1,15422,1,29,2,3,1,5,2.33,69047.72894688007,12784,53625.72894688007,0,0,0,0,1,0,0,1,0
38,19,2,3,2,3,2,4,6810,3,12,2,1,0,3,2.33,69047.72894688007,12784,62237.72894688007,1,1,0,0,0,0,0,1,0
50,20,1,3,5,3,1,3,6574,2,16,7,7,1,14,3.0,69047.72894688007,12784,62473.72894688007,1,0,0,0,0,0,0,1,0
39,45,4,1,5,4,3,2,18001,4,14,13,7,1,20,4.0,69047.72894688007,12784,51046.72894688007,0,1,0,0,1,0,0,1,1
24,9,2,1,2,3,3,3,2694,1,1,0,0,0,0,2.67,17372.83423076923,33,14678.83423076923,0,0,0,0,0,0,0,0,0
39,38,3,4,3,3,3,3,11010,4,10,14,7,1,21,3.0,69047.72894688007,12784,58037.72894688007,1,0,0,1,0,0,1,0,0
28,26,2,5,4,2,1,1,6012,2,23,10,1,0,11,2.33,69047.72894688007,12784,63035.72894688007,0,0,0,0,0,0,0,1,0
22,33,2,4,1,3,3,2,10268,2,5,11,6,1,17,2.33,69047.72894688007,12784,58779.72894688007,0,0,0,1,0,1,0,0,1
29,34,2,5,1,2,4,2,5645,2,5,8,7,1,15,2.33,69047.72894688007,12784,63402.72894688007,0,1,0,0,0,1,0,0,0
58,47,3,2,2,4,4,3,19987,4,20,5,4,1,9,3.33,102997.714045,2542,83010.714045,1,1,0,0,1,0,0,1,0
23,20,3,5,4,3,1,2,19034,1,8,10,7,1,17,2.67,102997.714045,2542,83963.714045,0,1,0,0,1,0,1,0,1
40,25,3,3,3,3,2,2,13737,2,14,12,4,1,16,2.67,102997.714045,2542,89260.714045,0,0,0,0,1,0,0,1,0
54,31,2,4,2,1,3,2,15497,1,1,11,4,1,15,2.0,102997.714045,2542,87500.714045,0,0,1,0,1,0,0,0,0
35,39,4,5,2,1,3,3,19619,1,19,10,4,1,14,2.0,69047.72894688007,12784,49428.72894688007,0,1,0,0,1,0,0,1,0
47,39,3,1,1,3,2,2,3260,2,10,11,9,1,20,2.0,69047.72894688007,12784,65787.72894688007,1,0,1,0,0,0,1,0,0
58,9,4,2,3,4,1,3,4896,4,7,12,7,1,19,2.67,102997.714045,2542,98101.714045,1,0,1,0,0,0,1,0,0
58,17,2,2,5,4,2,4,13103,4,4,14,7,1,21,3.67,69047.72894688007,12784,55944.72894688007,1,1,0,1,0,1,0,0,0
47,26,3,3,2,4,2,4,19033,4,7,12,3,1,15,2.67,69047.72894688007,12784,50014.72894688007,0,0,0,0,1,0,1,0,0
38,9,2,5,3,1,4,4,13253,4,14,12,5,1,17,2.67,69047.72894688007,12784,55794.72894688007,0,1,0,1,0,0,0,1,0
44,45,4,3,1,4,3,4,11882,4,20,8,2,0,10,2.67,69047.72894688007,12784,57165.72894688007,0,0,1,1,0,0,0,1,0
39,42,3,4,3,2,2,4,13014,3,15,1,8,1,9,2.33,69047.72894688007,12784,56033.72894688007,1,1,0,1,0,0,0,1,0
54,36,2,4,2,3,1,2,8933,1,24,1,8,1,9,2.0,69047.72894688007,12784,60114.72894688007,0,1,0,1,0,0,0,1,1
50,29,4,4,5,1,3,4,13328,4,8,10,3,1,13,3.0,69047.72894688007,12784,55719.72894688007,1,1,0,1,0,0,1,0,0
43,8,2,3,5,2,4,4,14861,4,28,11,6,1,17,3.67,102997.714045,2542,88136.714045,1,0,0,0,1,0,0,1,0
43,36,3,3,5,1,2,3,8783,3,4,12,9,1,21,2.67,102997.714045,2542,94214.714045,1,0,0,1,0,1,0,0,0
59,30,2,2,3,4,1,4,15230,2,1,9,3,1,12,2.67,69047.72894688007,12784,53817.72894688007,1,0,0,0,1,0,0,0,0
38,43,2,5,2,4,2,4,5574,2,5,5,8,1,13,2.67,102997.714045,2542,97423.714045,0,1,0,0,0,1,0,0,0
58,17,2,3,5,4,3,4,4991,3,28,12,1,0,13,4.0,69047.72894688007,12784,64056.72894688007,0,0,0,0,0,0,0,1,0
23,46,4,3,5,3,4,4,18508,1,5,3,6,1,9,4.0,69047.72894688007,12784,50539.72894688007,1,0,0,0,1,1,0,0,0
37,26,4,1,4,1,1,2,8734,4,19,8,3,1,11,2.0,69047.72894688007,12784,60313.72894688007,1,0,0,1,0,0,0,1,1
42,24,1,4,5,4,4,4,7555,2,12,2,0,0,2,4.33,69047.72894688007,12784,61492.72894688007,0,1,0,0,0,0,0,1,0
37,7,3,2,1,4,3,3,4284,5,5,3,0,0,3,2.67,89817.88593023256,119,85533.88593023256,1,0,1,0,0,1,0,0,0
35,45,4,2,3,2,3,2,15544,1,6,10,8,1,18,2.67,69047.72894688007,12784,53503.72894688007,0,1,0,0,1,0,1,0,0
58,17,1,5,3,1,1,2,16764,1,18,8,1,0,9,1.67,69047.72894688007,12784,52283.72894688007,1,1,0,0,1,0,0,1,0
47,13,4,4,5,3,4,2,3421,4,10,14,3,1,17,4.0,69047.72894688007,12784,65626.72894688007,1,1,0,0,0,0,1,0,0
28,1,2,1,2,1,1,3,2596,1,1,0,0,0,0,1.33,17372.83423076923,33,14776.83423076923,0,0,0,0,0,0,0,0,1
57,7,3,3,5,3,2,3,19089,3,7,9,9,1,18,3.33,69047.72894688007,12784,49958.72894688007,1,0,1,0,1,0,1,0,0
37,15,3,4,4,2,3,1,9051,3,23,12,8,1,20,3.0,69047.72894688007,12784,59996.72894688007,1,0,1,1,0,0,0,1,0
30,32,2,2,4,4,4,3,7080,1,22,10,3,1,13,4.0,102997.714045,2542,95917.714045,1,0,1,0,0,0,0,1,0
29,21,2,3,3,1,3,1,18313,1,27,2,9,1,11,2.33,69047.72894688007,12784,50734.72894688007,0,0,1,0,1,0,0,1,1
47,28,3,2,2,2,2,2,3576,2,27,14,8,1,22,2.0,69047.72894688007,12784,65471.72894688007,0,0,0,0,0,0,0,1,0
31,48,1,4,3,1,2,4,15436,3,4,6,0,0,6,2.0,69047.72894688007,12784,53611.72894688007,1,0,0,0,1,1,0,0,1
20,39,1,1,2,1,3,1,8755,4,26,4,4,1,8,2.0,69047.72894688007,12784,60292.72894688007,0,0,1,1,0,0,0,1,0
37,5,3,1,5,2,2,1,17551,1,2,3,5,1,8,3.0,102997.714045,2542,85446.714045,1,0,1,0,1,0,0,0,0
31,5,3,2,1,2,2,3,9936,0,9,4,1,0,5,1.67,69047.72894688007,12784,59111.72894688007,0,1,0,1,0,0,1,0,0
51,5,3,4,4,3,2,3,15273,1,23,1,0,0,1,3.0,69047.72894688007,12784,53774.72894688007,1,0,1,0,1,0,0,1,0
20,18,2,5,4,4,4,2,3876,3,29,11,5,1,16,4.0,69047.72894688007,12784,65171.72894688007,0,0,1,0,0,0,0,1,0
59,10,4,3,1,2,1,2,9156,4,7,13,8,1,21,1.33,69047.72894688007,12784,59891.72894688007,1,0,0,1,0,0,1,0,0
32,27,4,1,3,2,4,4,6446,2,29,1,0,0,1,3.0,69047.72894688007,12784,62601.72894688007,1,0,0,0,0,0,0,1,0
52,34,1,3,5,2,2,1,4034,2,14,13,8,1,21,3.0,69047.72894688007,12784,65013.72894688007,1,0,1,0,0,0,0,1,0
26,12,3,1,5,2,2,4,18790,4,15,3,0,0,3,3.0,69047.72894688007,12784,50257.72894688007,0,0,0,0,1,0,0,1,0
26,15,4,3,2,3,2,1,18097,3,8,9,1,0,10,2.33,69047.72894688007,12784,50950.72894688007,0,0,1,0,1,0,1,0,1
26,32,3,4,4,3,3,4,13900,3,2,6,9,1,15,3.33,69047.72894688007,12784,55147.72894688007,1,0,1,0,1,0,0,0,1
31,45,4,5,2,3,1,3,9548,2,7,3,9,1,12,2.0,69047.72894688007,12784,59499.72894688007,0,0,0,1,0,0,1,0,0
53,6,3,2,4,4,4,3,2450,2,2,2,2,0,4,4.0,17372.83423076923,33,14922.83423076923,0,1,0,0,0,0,0,0,0
56,23,4,3,4,1,3,1,15169,3,28,5,8,1,13,2.67,69047.72894688007,12784,53878.72894688007,0,0,1,0,1,0,0,1,1
40,49,3,3,3,1,2,2,13964,4,6,4,2,0,6,2.0,69047.72894688007,12784,55083.72894688007,1,1,0,0,1,0,1,0,0
29,49,2,3,3,4,4,1,15664,4,6,6,6,1,12,3.67,69047.72894688007,12784,53383.72894688007,1,0,0,0,1,0,1,0,0
52,9,3,4,2,2,1,1,5327,3,15,3,1,0,4,1.67,69047.72894688007,12784,63720.72894688007,1,1,0,0,0,0,0,1,0
20,10,1,1,5,4,2,3,12353,2,13,5,1,0,6,3.67,102997.714045,2542,90644.714045,0,0,1,1,0,0,0,1,0
34,7,3,3,2,1,3,3,11994,0,12,6,2,0,8,2.0,69047.72894688007,12784,57053.72894688007,0,1,0,1,0,0,0,1,0
55,49,1,1,5,4,3,3,18986,2,26,11,3,1,14,4.0,69047.72894688007,12784,50061.72894688007,1,0,0,0,1,0,0,1,1
30,47,2,2,4,1,2,3,4071,2,24,2,4,1,6,2.33,69047.72894688007,12784,64976.72894688007,0,0,1,0,0,0,0,1,0
53,38,2,1,5,2,2,2,16817,1,18,12,3,1,15,3.0,69047.72894688007,12784,52230.72894688007,0,0,1,0,1,0,0,1,1
25,25,4,3,1,4,4,4,6370,3,11,12,6,1,18,3.0,102997.714045,2542,96627.714045,0,0,0,0,0,0,0,1,0
32,30,1,1,4,4,2,2,10450,1,21,13,8,1,21,3.33,69047.72894688007,12784,58597.72894688007,0,0,1,1,0,0,0,1,0
20,15,4,2,2,1,2,1,11607,2,22,12,6,1,18,1.67,69047.72894688007,12784,57440.72894688007,0,0,1,1,0,0,0,1,0
55,25,2,3,5,4,3,4,4282,1,5,4,3,1,7,4.0,69047.72894688007,12784,64765.72894688007,0,0,0,0,0,1,0,0,0
59,49,1,2,3,3,2,1,16038,1,29,1,3,1,4,2.67,69047.72894688007,12784,53009.72894688007,0,0,0,0,1,0,0,1,0
55,17,2,4,3,4,3,1,10617,1,3,3,1,0,4,3.33,69047.72894688007,12784,58430.72894688007,1,0,0,1,0,1,0,0,0
28,24,4,3,3,1,1,1,15659,1,14,8,7,1,15,1.67,69047.72894688007,12784,53388.72894688007,0,1,0,0,1,0,0,1,0
35,18,3,3,4,3,3,3,9362,2,2,2,2,0,4,3.33,69047.72894688007,12784,59685.72894688007,0,1,0,1,0,0,0,0,0
28,9,2,1,4,3,4,4,7623,3,20,6,9,1,15,3.67,69047.72894688007,12784,61424.72894688007,1,0,1,1,0,0,0,1,0
44,9,4,1,4,4,2,4,4888,3,25,6,1,0,7,3.33,69047.72894688007,12784,64159.72894688007,0,0,0,0,0,0,0,1,0
27,35,3,1,4,1,2,2,5423,2,29,7,2,0,9,2.33,69047.72894688007,12784,63624.72894688007,0,0,0,0,0,0,0,1,0
39,1,4,5,5,4,1,2,15982,3,22,3,0,0,3,3.33,69047.72894688007,12784,53065.72894688007,0,0,1,0,1,0,0,1,1
40,6,1,2,3,2,3,3,4031,3,21,13,0,0,13,2.67,69047.72894688007,12784,65016.72894688007,0,0,1,0,0,0,0,1,0
33,5,3,3,2,4,2,3,11878,6,10,6,8,1,14,2.67,102997.714045,2542,91119.714045,0,0,1,1,0,0,1,0,0
29,9,1,4,4,1,1,4,6946,2,8,3,6,1,9,2.0,69047.72894688007,12784,62101.72894688007,1,1,0,0,0,0,1,0,0
27,32,3,5,3,1,3,2,7156,4,27,11,0,0,11,2.33,69047.72894688007,12784,61891.72894688007,0,0,0,0,0,0,0,1,0
28,29,3,2,3,2,3,4,19284,2,9,10,3,1,13,2.67,102997.714045,2542,83713.714045,1,1,0,0,1,0,1,0,0
58,35,1,5,2,4,4,1,13461,3,13,10,0,0,10,3.33,69047.72894688007,12784,55586.72894688007,1,0,1,1,0,0,0,1,0
44,45,1,2,4,4,3,2,13535,1,26,7,4,1,11,3.67,69047.72894688007,12784,55512.72894688007,0,0,1,1,0,0,0,1,0
26,7,1,2,4,1,4,3,10368,3,26,9,6,1,15,3.0,69047.72894688007,12784,58679.72894688007,1,0,0,1,0,0,0,1,0
51,19,3,1,5,2,4,4,6628,4,13,5,4,1,9,3.67,69047.72894688007,12784,62419.72894688007,1,0,0,0,0,0,0,1,0
40,16,2,2,3,1,4,3,5094,6,1,0,0,0,0,2.67,17372.83423076923,33,12278.83423076923,0,1,0,0,0,0,0,0,0
21,13,2,3,4,1,4,3,6110,2,12,4,0,0,4,3.0,69047.72894688007,12784,62937.72894688007,1,0,1,0,0,0,0,1,0
59,17,1,2,2,4,1,2,8886,3,7,14,8,1,22,2.33,69047.72894688007,12784,60161.72894688007,0,0,1,1,0,0,1,0,0
36,12,2,3,4,4,2,2,8858,0,14,8,7,1,15,3.33,69047.72894688007,12784,60189.72894688007,0,1,0,1,0,0,0,1,0
49,40,3,1,1,3,2,1,3690,4,29,14,8,1,22,2.0,69047.72894688007,12784,65357.72894688007,1,0,1,0,0,0,0,1,1
30,32,4,5,5,2,1,2,11761,3,19,1,6,1,7,2.67,102997.714045,2542,91236.714045,0,1,0,1,0,0,0,1,0
49,18,3,2,1,4,2,2,4500,3,15,6,8,1,14,2.33,69047.72894688007,12784,64547.72894688007,1,0,1,0,0,0,0,1,0
23,23,2,4,2,1,3,2,13283,2,3,2,4,1,6,2.0,102997.714045,2542,89714.714045,0,0,1,1,0,1,0,0,0
50,7,2,3,1,4,3,1,15692,4,21,3,8,1,11,2.67,69047.72894688007,12784,53355.72894688007,0,0,0,0,1,0,0,1,0
23,8,2,1,1,1,1,1,11556,1,16,8,6,1,14,1.0,69047.72894688007,12784,57491.72894688007,1,0,0,1,0,0,0,1,0
55,40,3,4,1,3,4,1,14739,1,29,13,5,1,18,2.67,102997.714045,2542,88258.714045,0,1,0,0,1,0,0,1,1
42,14,4,1,2,2,3,3,10433,1,20,12,2,0,14,2.33,69047.72894688007,12784,58614.72894688007,1,0,1,1,0,0,0,1,0
35,18,3,2,1,2,4,1,5561,0,5,3,0,0,3,2.33,91683.75438596492,139,86122.75438596492,0,0,1,0,0,1,0,0,0
53,36,4,1,4,1,4,4,18122,2,11,14,5,1,19,3.0,69047.72894688007,12784,50925.72894688007,1,0,0,0,1,0,0,1,1
25,41,2,2,1,3,2,3,18487,2,26,13,3,1,16,2.0,102997.714045,2542,84510.714045,1,0,0,0,1,0,0,1,0
32,22,4,5,5,2,1,4,12253,1,24,12,9,1,21,2.67,69047.72894688007,12784,56794.72894688007,1,0,0,1,0,0,0,1,0
36,22,4,3,4,1,2,4,12571,2,14,8,9,1,17,2.33,69047.72894688007,12784,56476.72894688007,1,1,0,1,0,0,0,1,0
50,35,3,1,5,2,3,2,9383,1,24,13,5,1,18,3.33,69047.72894688007,12784,59664.72894688007,1,1,0,1,0,0,0,1,0
42,35,1,2,5,2,2,2,6373,2,19,6,4,1,10,3.0,69047.72894688007,12784,62674.72894688007,1,1,0,0,0,0,0,1,0
59,3,4,2,2,3,2,4,4556,2,11,14,3,1,17,2.33,102997.714045,2542,98441.714045,0,0,0,0,0,0,0,1,1
28,30,2,3,5,1,4,2,3539,3,13,5,3,1,8,3.33,69047.72894688007,12784,65508.72894688007,1,1,0,0,0,0,0,1,0
37,32,4,5,2,1,1,2,9268,3,3,2,2,0,4,1.33,69047.72894688007,12784,59779.72894688007,0,0,1,1,0,1,0,0,0
58,10,4,4,2,2,4,2,19019,1,21,8,3,1,11,2.67,69047.72894688007,12784,50028.72894688007,0,0,1,0,1,0,0,1,0
53,1,3,1,2,1,2,1,11993,3,16,5,0,0,5,1.67,69047.72894688007,12784,57054.72894688007,0,0,1,1,0,0,0,1,0
43,44,3,2,3,4,4,3,9522,4,23,12,1,0,13,3.67,69047.72894688007,12784,59525.72894688007,0,0,1,1,0,0,0,1,1
50,45,3,1,2,1,4,1,12362,3,2,1,9,1,10,2.33,102997.714045,2542,90635.714045,0,0,1,1,0,0,0,0,1
23,10,4,4,1,2,2,1,18420,3,11,9,4,1,13,1.67,69047.72894688007,12784,50627.72894688007,1,1,0,0,1,0,0,1,0
25,12,2,1,2,3,3,4,5341,1,24,10,0,0,10,2.67,102997.714045,2542,97656.714045,0,0,0,0,0,0,0,1,0
31,26,3,2,4,1,3,3,5617,1,10,7,0,0,7,2.67,91683.75438596492,139,86066.75438596492,1,0,1,0,0,0,1,0,1
34,28,4,3,5,1,2,4,16110,2,8,5,2,0,7,2.67,69047.72894688007,12784,52937.72894688007,1,0,1,0,1,0,1,0,0
55,22,3,4,3,2,3,3,18424,2,8,6,3,1,9,2.67,69047.72894688007,12784,50623.72894688007,1,1,0,0,1,0,1,0,1
38,13,4,2,1,2,2,4,5664,4,20,10,7,1,17,1.67,69047.72894688007,12784,63383.72894688007,1,0,1,0,0,0,0,1,0
53,14,3,5,3,1,3,3,5769,3,1,3,4,1,7,2.33,69047.72894688007,12784,63278.72894688007,1,0,1,0,0,0,0,0,0
35,29,3,2,1,4,4,3,13249,2,3,7,0,0,7,3.0,69047.72894688007,12784,55798.72894688007,0,0,0,1,0,1,0,0,0
51,24,2,4,4,4,1,4,14629,4,21,8,0,0,8,3.0,102997.714045,2542,88368.714045,0,1,0,0,1,0,0,1,0
56,2,1,1,2,4,1,4,15838,4,9,6,1,0,7,2.33,102997.714045,2542,87159.714045,0,0,1,0,1,0,1,0,0
35,1,1,5,2,2,2,1,6582,4,26,12,9,1,21,2.0,102997.714045,2542,96415.714045,0,0,1,0,0,0,0,1,0
30,26,2,2,1,3,3,2,6696,5,6,3,0,0,3,2.33,91683.75438596492,139,84987.75438596492,0,1,0,0,0,0,1,0,1
46,6,2,3,5,4,2,2,16321,4,9,11,6,1,17,3.67,69047.72894688007,12784,52726.72894688007,1,0,0,0,1,0,1,0,0
22,39,3,5,4,2,4,2,14430,2,25,2,8,1,10,3.33,69047.72894688007,12784,54617.72894688007,1,1,0,0,1,0,0,1,0
46,5,3,2,4,1,3,3,5772,4,9,6,0,0,6,2.67,91683.75438596492,139,85911.75438596492,1,1,0,0,0,0,1,0,0
35,31,1,3,2,3,1,1,9976,3,25,6,1,0,7,2.0,102997.714045,2542,93021.714045,0,0,0,1,0,0,0,1,0
51,12,2,1,3,1,2,2,13887,1,27,11,4,1,15,2.0,69047.72894688007,12784,55160.72894688007,0,0,0,0,1,0,0,1,0
32,6,4,2,5,4,3,4,17281,1,5,1,1,0,2,4.0,69047.72894688007,12784,51766.72894688007,0,0,1,0,1,1,0,0,1
35,4,2,2,2,2,3,2,5374,2,7,12,3,1,15,2.33,102997.714045,2542,97623.714045,1,0,0,0,0,0,1,0,0
35,2,3,2,1,4,1,4,5093,2,1,0,0,0,0,2.0,69047.72894688007,12784,63954.72894688007,0,0,0,0,0,0,0,0,0
34,19,4,4,5,1,3,2,17780,2,20,8,6,1,14,3.0,69047.72894688007,12784,51267.72894688007,0,1,0,0,1,0,0,1,0
21,14,1,5,4,4,2,3,7391,2,2,3,8,1,11,3.33,69047.72894688007,12784,61656.72894688007,0,1,0,0,0,0,0,0,0
23,35,1,2,5,1,3,4,15842,1,18,11,6,1,17,3.0,69047.72894688007,12784,53205.72894688007,0,0,0,0,1,0,0,1,1
26,1,2,1,1,1,1,3,3955,1,5,3,1,0,4,1.0,17372.83423076923,33,13417.83423076923,0,0,1,0,0,1,0,0,0
54,3,3,2,1,4,4,3,5940,2,6,2,0,0,2,3.0,91683.75438596492,139,85743.75438596492,0,0,1,0,0,0,1,0,0
59,30,4,5,3,1,3,3,13280,2,29,5,2,0,7,2.33,69047.72894688007,12784,55767.72894688007,0,1,0,1,0,0,0,1,0
52,45,3,3,3,4,3,2,6520,2,29,12,2,0,14,3.33,69047.72894688007,12784,62527.72894688007,0,0,1,0,0,0,0,1,0
58,26,1,5,5,3,1,2,12810,2,7,8,4,1,12,3.0,69047.72894688007,12784,56237.72894688007,0,1,0,1,0,0,1,0,0
53,27,4,3,1,1,4,2,12341,1,13,6,5,1,11,2.0,102997.714045,2542,90656.714045,1,0,1,1,0,0,0,1,0
35,12,1,1,5,2,3,1,6070,4,28,13,2,0,15,3.33,69047.72894688007,12784,62977.72894688007,0,1,0,0,0,0,0,1,0
53,34,1,1,5,4,4,2,18785,2,14,11,6,1,17,4.33,69047.72894688007,12784,50262.72894688007,0,0,1,0,1,0,0,1,0
47,20,4,5,5,1,1,2,9765,1,27,9,4,1,13,2.33,69047.72894688007,12784,59282.72894688007,1,1,0,1,0,0,0,1,1
31,13,2,5,1,2,3,2,3877,1,24,13,1,0,14,2.0,69047.72894688007,12784,65170.72894688007,1,0,1,0,0,0,0,1,0
26,1,3,2,2,3,1,1,6397,1,6,5,1,0,6,2.0,69047.72894688007,12784,62650.72894688007,0,0,0,0,0,0,1,0,0
55,17,2,2,1,4,3,4,7181,3,6,4,0,0,4,2.67,69047.72894688007,12784,61866.72894688007,1,0,0,0,0,0,1,0,0
30,30,1,1,2,4,2,1,9001,2,26,4,3,1,7,2.67,69047.72894688007,12784,60046.72894688007,1,0,0,1,0,0,0,1,0
34,4,3,3,1,4,1,3,7536,2,11,11,8,1,19,2.0,69047.72894688007,12784,61511.72894688007,0,1,0,0,0,0,0,1,0
53,28,3,5,1,2,3,3,8436,4,21,1,8,1,9,2.0,69047.72894688007,12784,60611.72894688007,0,1,0,1,0,0,0,1,0
39,40,1,4,1,3,4,4,5526,4,13,14,1,0,15,2.67,102997.714045,2542,97471.714045,0,0,1,0,0,0,0,1,1
21,38,4,4,2,1,3,3,6122,3,3,12,3,1,15,2.0,102997.714045,2542,96875.714045,0,1,0,0,0,1,0,0,0
44,48,2,3,4,4,3,3,19175,3,4,12,9,1,21,3.67,69047.72894688007,12784,49872.72894688007,1,1,0,0,1,1,0,0,1
27,12,2,4,2,1,4,2,19471,3,8,14,1,0,15,2.33,69047.72894688007,12784,49576.72894688007,0,0,0,0,1,0,1,0,1
50,38,4,5,4,4,1,2,14103,3,1,14,3,1,17,3.0,102997.714045,2542,88894.714045,1,0,1,0,1,0,0,0,0
23,19,4,2,1,2,4,2,12175,4,29,5,7,1,12,2.33,102997.714045,2542,90822.714045,1,0,0,1,0,0,0,1,0
27,2,4,4,2,1,1,1,9413,3,7,12,7,1,19,1.33,69047.72894688007,12784,59634.72894688007,1,1,0,1,0,0,1,0,0
38,22,1,1,3,4,2,1,7913,3,2,3,9,1,12,3.0,69047.72894688007,12784,61134.72894688007,0,0,0,1,0,0,0,0,0
40,28,4,1,4,2,1,2,10747,1,9,6,5,1,11,2.33,102997.714045,2542,92250.714045,0,0,0,1,0,0,1,0,0
54,47,4,4,2,1,2,4,17945,4,24,9,2,0,11,1.67,69047.72894688007,12784,51102.72894688007,1,1,0,0,1,0,0,1,0
53,20,2,2,2,4,1,2,14396,4,22,10,4,1,14,2.33,102997.714045,2542,88601.714045,0,0,0,0,1,0,0,1,0
59,49,1,1,2,1,4,3,15905,1,9,4,9,1,13,2.33,69047.72894688007,12784,53142.72894688007,1,0,0,0,1,0,1,0,0
27,15,1,4,5,3,2,2,18358,2,11,1,4,1,5,3.33,69047.72894688007,12784,50689.72894688007,1,0,0,0,1,0,0,1,0
54,40,3,5,5,3,4,1,13022,1,26,9,6,1,15,4.0,102997.714045,2542,89975.714045,1,0,0,1,0,0,0,1,0
21,3,2,1,3,4,1,4,3230,1,3,2,1,0,3,2.67,89817.88593023256,119,86587.88593023256,0,1,0,0,0,1,0,0,0
31,8,3,3,4,1,4,1,19776,2,21,5,9,1,14,3.0,69047.72894688007,12784,49271.72894688007,0,0,1,0,1,0,0,1,1
40,6,4,5,2,4,3,1,10380,1,21,5,4,1,9,3.0,69047.72894688007,12784,58667.72894688007,0,1,0,1,0,0,0,1,0
52,3,2,1,5,1,1,3,10175,4,15,11,0,0,11,2.33,102997.714045,2542,92822.714045,0,0,1,1,0,0,0,1,0
32,49,4,5,2,2,2,4,5560,2,26,4,9,1,13,2.0,102997.714045,2542,97437.714045,0,0,0,0,0,0,0,1,0
43,10,4,4,4,3,4,3,8331,2,13,11,2,0,13,3.67,102997.714045,2542,94666.714045,1,1,0,1,0,0,0,1,1
36,22,4,3,2,2,4,4,16748,2,21,10,6,1,16,2.67,102997.714045,2542,86249.714045,0,0,1,0,1,0,0,1,0
46,31,2,3,1,2,1,3,18746,4,29,5,9,1,14,1.33,69047.72894688007,12784,50301.72894688007,1,0,1,0,1,0,0,1,0
38,12,1,3,4,1,2,4,11908,3,12,1,3,1,4,2.33,69047.72894688007,12784,57139.72894688007,1,1,0,1,0,0,0,1,0
35,21,4,2,5,4,2,3,19112,3,27,10,2,0,12,3.67,69047.72894688007,12784,49935.72894688007,1,0,0,0,1,0,0,1,0
47,12,4,4,2,2,3,2,17880,3,4,5,7,1,12,2.33,102997.714045,2542,85117.714045,1,0,0,0,1,1,0,0,1
37,16,2,2,4,4,1,4,13452,4,29,4,8,1,12,3.0,69047.72894688007,12784,55595.72894688007,0,1,0,1,0,0,0,1,0
41,35,1,1,3,3,4,3,19173,3,8,10,9,1,19,3.33,102997.714045,2542,83824.714045,1,0,0,0,1,0,1,0,0
49,36,4,4,5,1,2,2,19340,4,12,13,0,0,13,2.67,69047.72894688007,12784,49707.72894688007,0,0,0,0,1,0,0,1,0
39,5,1,2,1,4,2,3,6014,4,16,3,9,1,12,2.33,102997.714045,2542,96983.714045,0,1,0,0,0,0,0,1,0
31,29,4,4,3,3,2,4,7762,1,8,11,3,1,14,2.67,69047.72894688007,12784,61285.72894688007,1,0,0,1,0,0,1,0,0
39,22,3,4,3,2,2,4,11483,2,27,1,2,0,3,2.33,102997.714045,2542,91514.714045,1,0,0,1,0,0,0,1,0
28,38,2,1,5,2,3,3,18684,1,25,1,0,0,1,3.33,69047.72894688007,12784,50363.72894688007,0,1,0,0,1,0,0,1,0
51,26,1,3,5,3,1,3,12040,4,13,10,2,0,12,3.0,69047.72894688007,12784,57007.72894688007,1,0,1,1,0,0,0,1,0
43,10,3,1,5,2,1,1,10819,3,23,3,1,0,4,2.67,69047.72894688007,12784,58228.72894688007,0,0,1,1,0,0,0,1,0
53,32,3,1,2,2,4,2,10671,1,14,10,4,1,14,2.67,69047.72894688007,12784,58376.72894688007,1,0,1,1,0,0,0,1,0
22,15,2,1,1,3,1,4,15240,4,8,5,7,1,12,1.67,69047.72894688007,12784,53807.72894688007,0,1,0,0,1,0,1,0,0
22,42,1,2,4,1,1,4,15564,3,8,11,7,1,18,2.0,69047.72894688007,12784,53483.72894688007,1,0,1,0,1,0,1,0,0
37,45,2,1,5,3,3,2,6066,4,19,2,6,1,8,3.67,102997.714045,2542,96931.714045,1,1,0,0,0,0,0,1,0
44,18,1,5,2,4,1,4,7349,1,27,12,5,1,17,2.33,69047.72894688007,12784,61698.72894688007,0,1,0,0,0,0,0,1,1
41,10,2,5,4,2,2,2,19141,3,21,6,12,1,18,2.67,102997.714045,2542,83856.714045,0,0,0,0,1,0,0,1,0
35,1,4,1,3,4,3,3,2506,3,2,2,2,0,4,3.33,89817.88593023256,119,87311.88593023256,0,1,0,0,0,0,0,0,0
39,6,2,3,1,4,1,3,9991,4,7,7,1,0,8,2.0,69047.72894688007,12784,59056.72894688007,0,0,1,1,0,0,1,0,0
24,19,2,1,4,1,3,4,7900,2,12,12,6,1,18,2.67,69047.72894688007,12784,61147.72894688007,1,1,0,1,0,0,0,1,0
34,10,3,3,1,4,1,1,17244,2,10,10,3,1,13,2.0,69047.72894688007,12784,51803.72894688007,1,0,1,0,1,0,1,0,1
48,17,1,3,5,3,3,4,11218,2,19,10,7,1,17,3.67,102997.714045,2542,91779.714045,0,0,1,1,0,0,0,1,0
31,38,3,3,5,3,4,2,14698,1,1,12,9,1,21,4.0,102997.714045,2542,88299.714045,0,0,1,0,1,0,0,0,0
55,36,4,2,5,1,1,1,6698,3,7,1,1,0,2,2.33,69047.72894688007,12784,62349.72894688007,0,1,0,0,0,0,1,0,0
38,43,2,2,5,3,1,3,16699,1,5,2,9,1,11,3.0,69047.72894688007,12784,52348.72894688007,1,0,1,0,1,1,0,0,1
31,19,4,3,4,4,4,4,18040,4,1,2,3,1,5,4.0,69047.72894688007,12784,51007.72894688007,0,1,0,0,1,0,0,0,0
42,9,3,1,4,1,3,3,3673,1,12,9,5,1,14,2.67,17372.83423076923,33,13699.83423076923,0,1,0,0,0,0,0,1,0
36,14,1,1,4,3,4,1,13845,2,29,9,6,1,15,3.67,69047.72894688007,12784,55202.72894688007,1,0,0,0,1,0,0,1,0
49,44,4,2,2,4,2,4,14724,4,22,5,1,0,6,2.67,69047.72894688007,12784,54323.72894688007,0,0,0,0,1,0,0,1,1
48,26,2,4,5,4,1,3,14866,2,15,9,0,0,9,3.33,69047.72894688007,12784,54181.72894688007,1,1,0,0,1,0,0,1,0
43,16,1,3,1,4,4,1,13401,4,23,7,5,1,12,3.0,69047.72894688007,12784,55646.72894688007,0,0,1,1,0,0,0,1,0
33,29,4,5,4,1,1,1,3281,3,21,6,5,1,11,2.0,102997.714045,2542,99716.714045,0,0,1,0,0,0,0,1,0
56,48,3,2,2,3,3,2,14524,1,8,8,9,1,17,2.67,69047.72894688007,12784,54523.72894688007,1,1,0,0,1,0,1,0,0
41,38,2,5,3,3,1,4,6106,2,7,1,6,1,7,2.33,102997.714045,2542,96891.714045,0,0,1,0,0,0,1,0,0
56,33,1,4,1,1,4,3,4716,4,20,11,2,0,13,2.0,69047.72894688007,12784,64331.72894688007,0,0,0,0,0,0,0,1,1
57,4,1,5,1,1,3,1,11456,4,2,5,6,1,11,1.67,69047.72894688007,12784,57591.72894688007,0,0,1,1,0,0,0,0,0
29,20,3,1,4,3,2,3,2157,1,3,1,0,0,1,3.0,69047.72894688007,12784,66890.72894688007,0,0,1,0,0,1,0,0,0
48,23,4,3,3,4,1,2,3193,4,23,3,9,1,12,2.67,102997.714045,2542,99804.714045,0,1,0,0,0,0,0,1,0
25,21,3,3,5,4,3,4,18163,2,3,14,8,1,22,4.0,69047.72894688007,12784,50884.72894688007,0,0,0,0,1,1,0,0,0
34,2,2,1,1,3,3,3,4381,1,6,5,1,0,6,2.33,89817.88593023256,119,85436.88593023256,0,1,0,0,0,0,1,0,0
57,7,2,5,3,2,2,2,5071,4,16,9,8,1,17,2.33,102997.714045,2542,97926.714045,1,1,0,0,0,0,0,1,0
53,36,1,5,3,2,3,4,17092,1,5,3,6,1,9,2.67,102997.714045,2542,85905.714045,1,1,0,0,1,1,0,0,1
23,44,3,4,1,2,2,1,10748,2,2,8,0,0,8,1.67,69047.72894688007,12784,58299.72894688007,0,1,0,1,0,0,0,0,0
50,10,3,2,5,1,1,1,8561,4,25,3,8,1,11,2.33,69047.72894688007,12784,60486.72894688007,1,0,0,1,0,0,0,1,0
59,32,2,5,5,4,1,3,14997,3,27,9,8,1,17,3.33,69047.72894688007,12784,54050.72894688007,0,1,0,0,1,0,0,1,0
39,1,3,1,3,3,3,3,2232,7,3,2,1,0,3,3.0,17372.83423076923,33,15140.83423076923,0,0,0,0,0,1,0,0,0
40,47,1,4,4,3,4,2,15073,3,22,5,6,1,11,3.67,102997.714045,2542,87924.714045,1,0,0,0,1,0,0,1,0
55,12,1,1,5,4,3,1,3402,4,7,11,8,1,19,4.0,69047.72894688007,12784,65645.72894688007,1,0,0,0,0,0,1,0,0
38,12,2,5,4,4,4,3,17128,2,29,4,9,1,13,4.0,69047.72894688007,12784,51919.72894688007,0,0,1,0,1,0,0,1,0
27,10,3,4,3,3,2,2,4279,4,6,11,9,1,20,2.67,69047.72894688007,12784,64768.72894688007,0,1,0,0,0,0,1,0,0
45,5,1,2,1,3,1,3,5769,1,10,7,1,0,8,1.67,17372.83423076923,33,11603.83423076923,1,1,0,0,0,0,1,0,0
32,33,3,2,5,1,4,3,9173,3,23,8,3,1,11,3.33,69047.72894688007,12784,59874.72894688007,1,0,1,1,0,0,0,1,0
57,25,4,5,1,2,4,4,14590,4,26,8,1,0,9,2.33,69047.72894688007,12784,54457.72894688007,1,1,0,0,1,0,0,1,0
21,15,1,3,1,3,2,2,11444,4,8,14,2,0,16,2.0,69047.72894688007,12784,57603.72894688007,1,1,0,1,0,0,1,0,0
46,2,3,1,3,4,3,3,11133,3,19,7,3,1,10,3.33,69047.72894688007,12784,57914.72894688007,0,0,0,1,0,0,0,1,0
54,36,1,5,2,2,3,3,17267,1,1,9,4,1,13,2.33,102997.714045,2542,85730.714045,1,1,0,0,1,0,0,0,1
26,2,4,1,5,4,1,2,13577,4,6,12,5,1,17,3.33,102997.714045,2542,89420.714045,1,0,0,1,0,0,1,0,0
24,1,3,1,4,2,1,2,2293,2,2,0,2,0,2,2.33,89817.88593023256,119,87524.88593023256,1,0,1,0,0,0,0,0,1
20,28,1,4,2,1,3,1,14711,3,21,1,9,1,10,2.0,69047.72894688007,12784,54336.72894688007,1,1,0,0,1,0,0,1,0
55,26,2,4,2,3,1,3,4503,4,2,9,8,1,17,2.0,69047.72894688007,12784,64544.72894688007,1,1,0,0,0,0,0,0,1
22,21,2,2,3,1,3,4,13420,1,6,2,9,1,11,2.33,69047.72894688007,12784,55627.72894688007,1,0,0,1,0,0,1,0,0
37,46,3,5,2,1,3,1,6440,4,16,8,6,1,14,2.0,102997.714045,2542,96557.714045,0,1,0,0,0,0,0,1,1
47,1,4,1,2,1,2,3,9014,2,9,3,8,1,11,1.67,69047.72894688007,12784,60033.72894688007,0,0,0,1,0,0,1,0,0
38,23,3,2,4,4,2,3,5745,9,2,2,1,0,3,3.33,69047.72894688007,12784,63302.72894688007,0,0,0,0,0,0,0,0,0
35,31,4,1,3,1,1,4,16889,4,18,14,9,1,23,1.67,69047.72894688007,12784,52158.72894688007,1,0,1,0,1,0,0,1,0
51,45,2,5,4,4,2,1,7764,3,10,2,2,0,4,3.33,69047.72894688007,12784,61283.72894688007,0,0,1,1,0,0,1,0,1
24,38,4,5,2,1,3,3,8411,3,2,2,5,1,7,2.0,102997.714045,2542,94586.714045,1,1,0,1,0,0,0,0,0
33,10,4,1,1,2,1,4,11558,4,9,7,3,1,10,1.33,102997.714045,2542,91439.714045,1,0,0,1,0,0,1,0,0
32,40,4,4,5,4,1,3,13288,2,13,10,0,0,10,3.33,102997.714045,2542,89709.714045,0,0,1,1,0,0,0,1,1
30,18,1,2,5,2,4,2,16661,3,20,1,4,1,5,3.67,69047.72894688007,12784,52386.72894688007,0,1,0,0,1,0,0,1,0
27,7,2,5,4,3,1,2,3448,1,23,11,7,1,18,2.67,69047.72894688007,12784,65599.72894688007,1,0,0,0,0,0,0,1,0
28,48,1,5,3,4,1,2,14714,3,13,2,2,0,4,2.67,69047.72894688007,12784,54333.72894688007,1,0,0,0,1,0,0,1,0
51,5,4,3,4,1,4,3,7914,3,12,6,4,1,10,3.0,69047.72894688007,12784,61133.72894688007,0,0,1,1,0,0,0,1,0
28,29,2,3,4,3,3,3,10959,1,2,4,0,0,4,3.33,102997.714045,2542,92038.714045,1,1,0,1,0,0,0,0,1
51,9,3,1,4,4,2,3,2075,3,4,2,0,0,2,3.33,17372.83423076923,33,15297.83423076923,0,0,1,0,0,1,0,0,0
43,9,2,3,3,1,1,2,6202,2,9,2,4,1,6,1.67,102997.714045,2542,96795.714045,1,1,0,0,0,0,1,0,0
35,48,4,3,1,2,4,2,5380,2,4,2,4,1,6,2.33,69047.72894688007,12784,63667.72894688007,1,0,1,0,0,1,0,0,1
28,33,4,1,3,1,4,4,4038,1,9,13,0,0,13,2.67,69047.72894688007,12784,65009.72894688007,0,0,1,0,0,0,1,0,1
32,28,1,1,1,2,2,4,10619,2,16,4,7,1,11,1.67,102997.714045,2542,92378.714045,0,1,0,1,0,0,0,1,0
37,3,3,3,2,1,2,4,17264,1,14,10,7,1,17,1.67,69047.72894688007,12784,51783.72894688007,0,0,1,0,1,0,0,1,0
57,44,3,3,1,3,4,4,3769,2,15,9,5,1,14,2.67,69047.72894688007,12784,65278.72894688007,1,0,0,0,0,0,0,1,0
59,18,4,2,2,3,1,1,13978,4,17,5,4,1,9,2.0,69047.72894688007,12784,55069.72894688007,1,0,1,0,1,0,0,1,1
43,27,3,4,4,4,4,1,19417,2,20,9,7,1,16,4.0,69047.72894688007,12784,49630.72894688007,1,0,1,0,1,0,0,1,1
51,2,3,3,2,2,2,3,10596,2,4,2,3,1,5,2.0,91683.75438596492,139,81087.75438596492,0,0,1,1,0,1,0,0,0
22,38,1,2,5,2,2,2,16511,3,8,3,9,1,12,3.0,69047.72894688007,12784,52536.72894688007,0,0,1,0,1,0,1,0,0
36,33,1,4,2,2,3,1,16597,3,6,3,2,0,5,2.33,102997.714045,2542,86400.714045,1,0,1,0,1,0,1,0,0
44,27,2,5,1,2,3,4,8439,3,3,3,9,1,12,2.0,69047.72894688007,12784,60608.72894688007,0,0,1,1,0,1,0,0,1
40,39,2,4,4,2,1,4,16176,1,14,5,7,1,12,2.33,69047.72894688007,12784,52871.72894688007,1,0,1,0,1,0,0,1,1
35,25,3,1,2,4,1,2,2022,1,10,2,7,1,9,2.33,89817.88593023256,119,87795.88593023256,1,0,0,0,0,0,1,0,1
41,1,3,1,4,4,1,3,2782,3,5,3,1,0,4,3.0,89817.88593023256,119,87035.88593023256,0,0,1,0,0,1,0,0,0
47,48,4,5,5,2,1,1,11596,2,29,4,0,0,4,2.67,102997.714045,2542,91401.714045,1,0,0,1,0,0,0,1,1
51,1,4,3,2,4,3,1,8913,1,13,1,9,1,10,3.0,69047.72894688007,12784,60134.72894688007,1,0,0,1,0,0,0,1,0
47,34,3,5,3,2,2,3,10330,4,7,6,1,0,7,2.33,69047.72894688007,12784,58717.72894688007,0,1,0,1,0,0,1,0,0
40,13,3,3,2,1,1,1,7203,1,1,8,4,1,12,1.33,69047.72894688007,12784,61844.72894688007,1,0,1,0,0,0,0,0,1
30,9,2,1,3,4,1,3,2206,1,10,0,1,0,1,2.67,17372.83423076923,33,15166.83423076923,0,1,0,0,0,0,1,0,0
35,43,1,5,3,3,2,2,4444,3,9,4,1,0,5,2.67,69047.72894688007,12784,64603.72894688007,1,0,0,0,0,0,1,0,0
38,15,2,3,4,3,2,3,11510,0,11,10,2,0,12,3.0,69047.72894688007,12784,57537.72894688007,1,0,0,1,0,0,0,1,0
26,7,3,5,2,4,2,3,11174,2,11,2,1,0,3,2.67,102997.714045,2542,91823.714045,0,0,1,1,0,0,0,1,0
31,22,3,2,3,4,4,2,6179,1,10,2,6,1,8,3.67,69047.72894688007,12784,62868.72894688007,1,0,1,0,0,0,1,0,1
58,32,4,2,2,1,2,2,15288,1,23,2,0,0,2,1.67,69047.72894688007,12784,53759.72894688007,1,0,1,0,1,0,0,1,1
59,36,1,2,4,1,3,1,9134,4,24,12,3,1,15,2.67,69047.72894688007,12784,59913.72894688007,0,0,0,1,0,0,0,1,1
22,41,1,3,5,1,2,3,14999,3,6,13,5,1,18,2.67,69047.72894688007,12784,54048.72894688007,1,0,1,0,1,0,1,0,0
50,8,2,3,3,2,1,4,4087,2,9,11,8,1,19,2.0,69047.72894688007,12784,64960.72894688007,0,1,0,0,0,0,1,0,0
47,4,2,3,2,3,3,3,10333,8,22,11,14,1,25,2.67,69047.72894688007,12784,58714.72894688007,1,0,0,1,0,0,0,1,0
31,8,3,3,4,1,1,3,10793,1,13,7,9,1,16,2.0,91683.75438596492,139,80890.75438596492,0,0,0,1,0,0,0,1,0
38,41,3,4,4,3,1,4,15521,1,13,13,7,1,20,2.67,69047.72894688007,12784,53526.72894688007,0,1,0,0,1,0,0,1,0
23,4,4,5,3,2,3,3,5917,3,9,1,3,1,4,2.67,102997.714045,2542,97080.714045,1,0,0,0,0,0,1,0,0
33,23,3,3,2,3,4,2,16739,2,18,12,8,1,20,3.0,102997.714045,2542,86258.714045,1,1,0,0,1,0,0,1,0
27,40,4,4,2,4,4,1,14003,2,22,2,6,1,8,3.33,102997.714045,2542,88994.714045,0,0,1,0,1,0,0,1,0
22,22,2,2,4,1,4,3,19485,2,20,8,3,1,11,3.0,69047.72894688007,12784,49562.72894688007,0,0,1,0,1,0,0,1,1
40,1,3,1,4,1,3,2,2406,8,1,0,0,0,0,2.67,17372.83423076923,33,14966.83423076923,0,0,1,0,0,0,0,0,0
36,16,2,3,5,1,1,3,4551,2,11,13,6,1,19,2.33,69047.72894688007,12784,64496.72894688007,1,0,0,0,0,0,0,1,0
40,17,1,5,3,2,3,3,18541,1,15,9,7,1,16,2.67,69047.72894688007,12784,50506.72894688007,1,0,1,0,1,0,0,1,1
54,14,4,3,1,4,2,2,12240,1,2,2,9,1,11,2.33,69047.72894688007,12784,56807.72894688007,1,1,0,1,0,0,0,0,0
56,38,2,4,5,3,2,1,6531,4,25,6,4,1,10,3.33,69047.72894688007,12784,62516.72894688007,1,0,0,0,0,0,0,1,1
50,37,2,1,4,4,1,3,17635,3,15,14,8,1,22,3.0,69047.72894688007,12784,51412.72894688007,0,0,1,0,1,0,0,1,1
39,22,1,3,5,1,1,2,16812,1,13,2,2,0,4,2.33,69047.72894688007,12784,52235.72894688007,0,0,0,0,1,0,0,1,0
27,48,1,1,1,1,3,4,19681,1,3,11,4,1,15,1.67,69047.72894688007,12784,49366.72894688007,0,0,1,0,1,1,0,0,0
58,33,4,2,4,4,1,2,19288,4,7,9,4,1,13,3.0,69047.72894688007,12784,49759.72894688007,0,0,0,0,1,0,1,0,0
35,41,4,5,3,1,3,1,9250,4,24,2,3,1,5,2.33,69047.72894688007,12784,59797.72894688007,1,1,0,1,0,0,0,1,0
56,12,3,4,2,4,1,4,4810,3,12,13,0,0,13,2.33,69047.72894688007,12784,64237.72894688007,1,0,1,0,0,0,0,1,0
30,3,2,3,4,2,2,3,7378,3,20,6,3,1,9,2.67,102997.714045,2542,95619.714045,1,0,1,0,0,0,0,1,0
56,31,4,1,5,1,1,4,12642,2,29,10,4,1,14,2.33,69047.72894688007,12784,56405.72894688007,1,0,1,1,0,0,0,1,0
52,38,3,3,2,3,3,1,6753,3,17,5,1,0,6,2.67,69047.72894688007,12784,62294.72894688007,0,1,0,0,0,0,0,1,0
27,22,2,1,2,1,3,2,19395,1,29,6,3,1,9,2.0,69047.72894688007,12784,49652.72894688007,0,0,0,0,1,0,0,1,0
38,14,1,3,5,4,2,3,19484,4,7,11,9,1,20,3.67,69047.72894688007,12784,49563.72894688007,0,0,1,0,1,0,1,0,0
53,3,4,4,3,3,3,1,11831,1,11,9,4,1,13,3.0,69047.72894688007,12784,57216.72894688007,0,1,0,1,0,0,0,1,0
52,42,4,5,5,4,3,2,7400,2,1,12,7,1,19,4.0,102997.714045,2542,95597.714045,1,1,0,0,0,0,0,0,1
26,47,2,4,3,2,2,3,15785,2,27,1,3,1,4,2.33,69047.72894688007,12784,53262.72894688007,0,0,1,0,1,0,0,1,0
53,24,3,1,3,1,4,2,11329,2,15,7,5,1,12,2.67,69047.72894688007,12784,57718.72894688007,1,0,0,1,0,0,0,1,0
35,23,2,2,3,2,1,3,5916,3,1,0,0,0,0,2.0,69047.72894688007,12784,63131.72894688007,1,0,1,0,0,0,0,0,1
21,18,1,3,2,2,1,1,18611,4,11,13,5,1,18,1.67,102997.714045,2542,84386.714045,0,1,0,0,1,0,0,1,0
29,11,4,4,2,2,2,3,18378,1,20,9,9,1,18,2.0,69047.72894688007,12784,50669.72894688007,1,1,0,0,1,0,0,1,0
27,48,2,5,3,1,3,4,18741,1,3,11,0,0,11,2.33,102997.714045,2542,84256.714045,1,0,0,0,1,1,0,0,0
46,2,1,4,5,3,1,1,10579,4,22,10,1,0,11,3.0,69047.72894688007,12784,58468.72894688007,1,0,1,1,0,0,0,1,0
37,16,3,3,1,1,4,4,15072,3,10,11,8,1,19,2.0,69047.72894688007,12784,53975.72894688007,0,1,0,0,1,0,1,0,1
28,33,2,1,1,2,4,4,4418,4,16,4,0,0,4,2.33,69047.72894688007,12784,64629.72894688007,0,0,0,0,0,0,0,1,0
34,2,2,2,3,4,3,2,9547,1,10,9,1,0,10,3.33,69047.72894688007,12784,59500.72894688007,0,0,1,1,0,0,1,0,0
44,18,2,2,2,1,4,2,14800,4,22,2,7,1,9,2.33,69047.72894688007,12784,54247.72894688007,0,0,1,0,1,0,0,1,0
54,2,2,3,1,2,2,2,10422,4,25,2,5,1,7,1.67,69047.72894688007,12784,58625.72894688007,1,0,0,1,0,0,0,1,0
26,34,3,5,5,4,2,4,16363,2,12,4,2,0,6,3.67,69047.72894688007,12784,52684.72894688007,0,0,0,0,1,0,0,1,1
50,26,3,1,3,4,2,3,3873,3,1,13,8,1,21,3.0,69047.72894688007,12784,65174.72894688007,1,0,0,0,0,0,0,0,0
55,13,2,1,4,4,2,3,12279,1,26,10,8,1,18,3.33,69047.72894688007,12784,56768.72894688007,0,0,0,1,0,0,0,1,0
44,29,2,3,1,4,1,4,10682,4,25,3,5,1,8,2.0,69047.72894688007,12784,58365.72894688007,1,1,0,1,0,0,0,1,0
30,27,3,2,4,3,4,2,5304,7,8,7,7,1,14,3.67,91683.75438596492,139,86379.75438596492,0,0,0,0,0,0,1,0,0
40,47,4,3,1,1,3,4,18235,3,13,13,3,1,16,1.67,69047.72894688007,12784,50812.72894688007,1,0,1,0,1,0,0,1,1
35,39,2,1,4,3,2,1,14586,1,1,6,2,0,8,3.0,102997.714045,2542,88411.714045,1,1,0,0,1,0,0,0,0
36,21,4,1,3,2,2,3,18573,4,19,1,1,0,2,2.33,102997.714045,2542,84424.714045,1,1,0,0,1,0,0,1,0
37,2,3,2,4,2,1,1,15983,3,17,5,3,1,8,2.33,102997.714045,2542,87014.714045,1,1,0,0,1,0,0,1,0
47,14,2,5,3,1,4,3,13727,1,3,5,3,1,8,2.67,69047.72894688007,12784,55320.72894688007,0,0,0,1,0,1,0,0,0
44,2,3,3,3,2,2,2,10209,5,2,2,2,0,4,2.33,69047.72894688007,12784,58838.72894688007,1,1,0,1,0,0,0,0,0
54,47,3,2,5,2,1,2,11733,1,20,10,8,1,18,2.67,69047.72894688007,12784,57314.72894688007,1,0,1,1,0,0,0,1,0
42,29,2,4,1,4,1,3,13945,2,5,9,5,1,14,2.0,69047.72894688007,12784,55102.72894688007,1,0,1,0,1,1,0,0,0
31,45,1,3,3,2,1,2,8093,2,5,10,0,0,10,2.0,69047.72894688007,12784,60954.72894688007,1,0,0,1,0,1,0,0,0
58,23,3,1,3,1,4,3,2372,1,2,2,2,0,4,2.67,89817.88593023256,119,87445.88593023256,0,0,0,0,0,0,0,0,0
34,16,4,4,4,2,1,4,18863,3,13,2,1,0,3,2.33,69047.72894688007,12784,50184.72894688007,0,0,0,0,1,0,0,1,0
55,47,1,5,1,1,3,2,15102,3,17,13,0,0,13,1.67,69047.72894688007,12784,53945.72894688007,0,1,0,0,1,0,0,1,0
55,37,3,1,5,1,1,2,7742,4,15,3,9,1,12,2.33,69047.72894688007,12784,61305.72894688007,1,1,0,1,0,0,0,1,1
34,30,4,2,1,2,3,1,3617,3,2,5,2,0,7,2.0,69047.72894688007,12784,65430.72894688007,1,1,0,0,0,0,0,0,0
57,33,1,5,1,4,1,4,15522,2,29,7,8,1,15,2.0,69047.72894688007,12784,53525.72894688007,1,0,1,0,1,0,0,1,0
28,3,1,5,3,4,1,4,12222,3,19,7,5,1,12,2.67,69047.72894688007,12784,56825.72894688007,1,0,1,1,0,0,0,1,0
56,4,3,1,3,1,3,2,9913,4,18,8,7,1,15,2.33,69047.72894688007,12784,59134.72894688007,1,1,0,1,0,0,0,1,0
30,8,2,4,2,4,2,2,3608,4,18,1,5,1,6,2.67,102997.714045,2542,99389.714045,0,1,0,0,0,0,0,1,0
42,10,2,4,2,1,4,1,9407,1,25,12,3,1,15,2.33,69047.72894688007,12784,59640.72894688007,0,1,0,1,0,0,0,1,1
22,33,2,4,3,3,1,4,14859,1,2,10,5,1,15,2.33,69047.72894688007,12784,54188.72894688007,0,1,0,0,1,0,0,0,0
40,7,4,2,2,4,2,1,7512,2,29,7,6,1,13,2.67,69047.72894688007,12784,61535.72894688007,1,0,1,0,0,0,0,1,0
45,29,4,2,2,1,4,1,4537,2,8,13,0,0,13,2.33,69047.72894688007,12784,64510.72894688007,0,1,0,0,0,0,1,0,0
52,31,1,2,3,2,2,3,5400,4,18,6,4,1,10,2.33,69047.72894688007,12784,63647.72894688007,0,0,1,0,0,0,0,1,1
43,38,3,4,2,4,2,1,10914,3,21,3,3,1,6,2.67,69047.72894688007,12784,58133.72894688007,1,0,1,1,0,0,0,1,1
57,13,3,4,3,1,2,1,13951,4,11,10,6,1,16,2.0,69047.72894688007,12784,55096.72894688007,1,0,1,0,1,0,0,1,0
49,31,4,2,4,4,4,1,11205,3,23,6,1,0,7,4.0,69047.72894688007,12784,57842.72894688007,0,0,1,1,0,0,0,1,0
37,2,2,2,4,3,4,4,5163,5,1,0,0,0,0,3.67,69047.72894688007,12784,63884.72894688007,0,0,0,0,0,0,0,0,0
54,27,3,4,1,2,1,4,11168,1,23,9,7,1,16,1.33,69047.72894688007,12784,57879.72894688007,0,1,0,1,0,0,0,1,0
49,44,2,4,1,2,2,1,8865,4,19,6,7,1,13,1.67,102997.714045,2542,94132.714045,0,1,0,1,0,0,0,1,0
49,22,3,4,2,1,2,3,16413,3,4,2,1,0,3,1.67,69047.72894688007,12784,52634.72894688007,0,0,1,0,1,1,0,0,0
40,46,2,5,1,3,2,2,13878,2,18,8,3,1,11,2.0,69047.72894688007,12784,55169.72894688007,0,0,1,0,1,0,0,1,0
51,47,1,4,2,3,3,4,14196,4,19,14,9,1,23,2.67,69047.72894688007,12784,54851.72894688007,0,0,1,0,1,0,0,1,1
55,13,4,3,3,1,2,2,19310,4,9,2,4,1,6,2.0,69047.72894688007,12784,49737.72894688007,0,1,0,0,1,0,1,0,1
22,15,4,4,4,1,1,4,11250,3,28,1,8,1,9,2.0,69047.72894688007,12784,57797.72894688007,1,1,0,1,0,0,0,1,0
44,19,4,5,5,2,1,4,11218,1,27,7,1,0,8,2.67,69047.72894688007,12784,57829.72894688007,1,0,1,1,0,0,0,1,0
42,6,1,4,1,3,3,3,9269,1,21,4,6,1,10,2.33,69047.72894688007,12784,59778.72894688007,1,0,1,1,0,0,0,1,0
22,13,4,1,3,4,1,3,7294,2,2,4,4,1,8,2.67,69047.72894688007,12784,61753.72894688007,0,0,0,0,0,0,0,0,0
53,6,3,3,1,2,1,3,13500,3,7,11,9,1,20,1.33,69047.72894688007,12784,55547.72894688007,1,1,0,1,0,0,1,0,0
22,24,2,4,1,2,2,2,15419,1,19,2,0,0,2,1.67,69047.72894688007,12784,53628.72894688007,1,1,0,0,1,0,0,1,1
31,33,4,1,2,2,2,1,13112,4,21,8,8,1,16,2.0,69047.72894688007,12784,55935.72894688007,0,0,1,1,0,0,0,1,0
46,13,4,2,2,2,1,4,14551,4,29,3,8,1,11,1.67,69047.72894688007,12784,54496.72894688007,1,0,0,0,1,0,0,1,0
52,25,2,3,5,2,3,1,5981,2,13,11,9,1,20,3.33,69047.72894688007,12784,63066.72894688007,1,0,0,0,0,0,0,1,1
35,18,1,5,1,2,3,1,18103,3,12,11,0,0,11,2.0,69047.72894688007,12784,50944.72894688007,0,0,0,0,1,0,0,1,0
56,14,4,1,4,3,1,2,17559,4,9,11,7,1,18,2.67,69047.72894688007,12784,51488.72894688007,1,0,0,0,1,0,1,0,0
52,25,2,4,1,3,2,1,6609,4,28,13,1,0,14,2.0,69047.72894688007,12784,62438.72894688007,0,0,1,0,0,0,0,1,0
39,28,4,1,1,2,3,4,4141,2,25,14,5,1,19,2.0,102997.714045,2542,98856.714045,0,1,0,0,0,0,0,1,1
58,1,3,1,5,3,3,3,7038,4,23,12,4,1,16,3.67,69047.72894688007,12784,62009.72894688007,1,0,1,0,0,0,0,1,0
58,14,4,3,5,1,4,3,19929,3,20,9,9,1,18,3.33,69047.72894688007,12784,49118.72894688007,1,1,0,0,1,0,0,1,0
46,2,2,3,3,4,1,3,11127,1,5,9,9,1,18,2.67,69047.72894688007,12784,57920.72894688007,0,1,0,1,0,1,0,0,0
55,27,3,5,4,2,2,1,10395,1,7,3,8,1,11,2.67,69047.72894688007,12784,58652.72894688007,0,0,1,1,0,0,1,0,0
41,5,3,2,3,2,4,2,19260,4,17,7,1,0,8,3.0,69047.72894688007,12784,49787.72894688007,1,0,0,0,1,0,0,1,0
58,48,2,3,2,1,4,2,7557,1,29,12,1,0,13,2.33,69047.72894688007,12784,61490.72894688007,0,0,1,0,0,0,0,1,0
30,37,3,4,1,3,4,1,15408,4,29,9,8,1,17,2.67,102997.714045,2542,87589.714045,1,0,0,0,1,0,0,1,1
51,11,2,5,5,4,1,3,6643,3,23,2,7,1,9,3.33,102997.714045,2542,96354.714045,0,0,1,0,0,0,0,1,0
47,33,3,2,4,4,3,2,9860,2,5,6,9,1,15,3.67,69047.72894688007,12784,59187.72894688007,0,0,0,1,0,1,0,0,0
46,25,4,2,2,2,2,3,7991,2,20,7,0,0,7,2.0,102997.714045,2542,95006.714045,0,1,0,1,0,0,0,1,0
32,2,3,1,4,4,3,2,3068,0,7,7,3,1,10,3.67,17372.83423076923,33,14304.83423076923,0,1,0,0,0,0,1,0,0
25,17,1,1,3,4,2,2,4777,3,27,4,9,1,13,3.0,102997.714045,2542,98220.714045,1,0,0,0,0,0,0,1,0
22,11,2,4,3,2,4,4,11622,3,26,9,6,1,15,3.0,102997.714045,2542,91375.714045,1,1,0,1,0,0,0,1,0
36,23,2,4,2,4,4,4,7431,1,6,9,9,1,18,3.33,102997.714045,2542,95566.714045,0,1,0,0,0,0,1,0,0
48,20,3,1,3,4,1,2,2259,4,0,0,0,0,0,2.67,89817.88593023256,119,87558.88593023256,0,0,1,0,0,0,0,0,0
32,20,1,1,3,3,2,4,13769,2,7,11,1,0,12,2.67,102997.714045,2542,89228.714045,1,0,0,0,1,0,1,0,0
21,35,2,3,5,4,2,4,8740,1,10,13,6,1,19,3.67,102997.714045,2542,94257.714045,0,1,0,1,0,0,1,0,0
41,22,4,5,2,4,2,1,7671,1,9,7,5,1,12,2.67,102997.714045,2542,95326.714045,1,0,0,1,0,0,1,0,0
27,13,4,5,5,4,3,1,17123,4,15,14,5,1,19,4.0,69047.72894688007,12784,51924.72894688007,0,0,1,0,1,0,0,1,0
24,21,2,1,1,3,2,3,2296,0,1,1,0,0,1,2.0,17372.83423076923,33,15076.83423076923,0,0,0,0,0,0,0,0,0
46,35,1,1,3,2,3,3,11961,3,20,3,7,1,10,2.67,102997.714045,2542,91036.714045,0,0,1,1,0,0,0,1,0
35,34,2,1,2,4,3,4,11184,2,11,6,8,1,14,3.0,69047.72894688007,12784,57863.72894688007,1,0,1,1,0,0,0,1,0
54,41,3,4,4,2,2,3,11958,2,27,2,1,0,3,2.67,102997.714045,2542,91039.714045,1,1,0,1,0,0,0,1,0
46,7,2,5,3,1,4,1,10312,4,14,5,1,0,6,2.67,69047.72894688007,12784,58735.72894688007,0,0,0,1,0,0,0,1,0
24,44,3,5,1,3,4,2,4092,3,14,10,6,1,16,2.67,69047.72894688007,12784,64955.72894688007,1,1,0,0,0,0,0,1,0
20,9,1,2,3,1,2,4,9396,1,7,9,7,1,16,2.0,69047.72894688007,12784,59651.72894688007,0,0,1,1,0,0,1,0,0
48,13,3,1,4,2,3,3,15311,2,7,8,2,0,10,3.0,102997.714045,2542,87686.714045,0,0,0,0,1,0,1,0,0
41,6,3,1,1,4,3,3,4721,2,18,13,2,0,15,2.67,17372.83423076923,33,12651.83423076923,1,1,0,0,0,0,0,1,0
48,33,1,1,3,4,1,4,5793,3,28,5,4,1,9,2.67,69047.72894688007,12784,63254.72894688007,1,1,0,0,0,0,0,1,0
26,27,4,1,2,2,4,1,3279,1,27,6,3,1,9,2.67,102997.714045,2542,99718.714045,0,1,0,0,0,0,0,1,0
51,31,1,1,3,4,1,1,3435,2,5,12,5,1,17,2.67,102997.714045,2542,99562.714045,0,0,0,0,0,1,0,0,0
20,39,3,5,1,4,1,1,5794,2,27,13,7,1,20,2.0,69047.72894688007,12784,63253.72894688007,0,1,0,0,0,0,0,1,0
20,32,1,5,2,3,1,1,11648,2,14,11,4,1,15,2.0,102997.714045,2542,91349.714045,1,1,0,1,0,0,0,1,0
47,49,4,1,4,3,1,2,16968,1,7,4,4,1,8,2.67,69047.72894688007,12784,52079.72894688007,0,0,1,0,1,0,1,0,0
53,33,3,2,5,1,1,3,13291,4,9,3,9,1,12,2.33,69047.72894688007,12784,55756.72894688007,1,0,1,1,0,0,1,0,1
37,48,1,4,5,4,4,4,6083,1,22,12,6,1,18,4.33,69047.72894688007,12784,62964.72894688007,0,0,0,0,0,0,0,1,0
41,45,3,4,1,3,4,2,3396,1,10,1,4,1,5,2.67,102997.714045,2542,99601.714045,1,1,0,0,0,0,1,0,0
35,4,3,4,1,4,4,1,5345,1,23,8,9,1,17,3.0,69047.72894688007,12784,63702.72894688007,1,0,0,0,0,0,0,1,1
35,9,3,5,4,4,1,1,5515,4,6,7,1,0,8,3.0,69047.72894688007,12784,63532.72894688007,0,1,0,0,0,0,1,0,0
29,44,3,4,2,3,4,2,14736,4,5,6,6,1,12,3.0,69047.72894688007,12784,54311.72894688007,1,0,0,0,1,1,0,0,1
43,17,3,2,3,2,4,3,4610,1,19,13,9,1,22,3.0,69047.72894688007,12784,64437.72894688007,1,1,0,0,0,0,0,1,0
40,28,1,3,1,3,3,3,10932,3,1,0,0,0,0,2.33,91683.75438596492,139,80751.75438596492,0,0,0,1,0,0,0,0,0
37,5,2,5,1,4,1,2,18384,1,18,7,1,0,8,2.0,69047.72894688007,12784,50663.72894688007,1,0,1,0,1,0,0,1,1
56,36,4,2,5,2,2,3,9847,4,24,13,5,1,18,3.0,102997.714045,2542,93150.714045,1,0,0,1,0,0,0,1,0
41,40,3,5,4,2,1,4,3969,1,20,14,9,1,23,2.33,69047.72894688007,12784,65078.72894688007,1,1,0,0,0,0,0,1,0
25,29,4,4,3,4,1,3,5246,1,21,1,8,1,9,2.67,69047.72894688007,12784,63801.72894688007,1,0,0,0,0,0,0,1,0
27,21,4,3,3,1,1,2,4612,2,22,1,9,1,10,1.67,69047.72894688007,12784,64435.72894688007,1,0,0,0,0,0,0,1,0
36,18,2,4,4,4,3,3,13198,1,7,2,5,1,7,3.67,69047.72894688007,12784,55849.72894688007,0,0,1,1,0,0,1,0,0
49,21,2,4,1,1,3,1,10729,4,19,4,8,1,12,1.67,69047.72894688007,12784,58318.72894688007,1,0,0,1,0,0,0,1,0
34,11,3,2,4,3,4,3,14921,4,10,7,6,1,13,3.67,69047.72894688007,12784,54126.72894688007,1,0,1,0,1,0,1,0,0
43,42,1,3,5,2,3,4,4636,4,29,1,7,1,8,3.33,69047.72894688007,12784,64411.72894688007,0,1,0,0,0,0,0,1,0
44,2,2,4,4,1,4,2,15726,3,1,3,8,1,11,3.0,69047.72894688007,12784,53321.72894688007,0,0,1,0,1,0,0,0,0
20,31,1,3,3,2,4,2,18577,3,7,7,1,0,8,3.0,69047.72894688007,12784,50470.72894688007,0,1,0,0,1,0,1,0,0
25,1,3,1,4,1,2,2,3229,4,3,2,0,0,2,2.33,17372.83423076923,33,14143.83423076923,0,0,1,0,0,1,0,0,0
44,42,1,5,4,1,1,4,3789,1,18,8,9,1,17,2.0,69047.72894688007,12784,65258.72894688007,0,0,1,0,0,0,0,1,1
51,23,2,3,3,1,4,1,14632,4,24,4,3,1,7,2.67,102997.714045,2542,88365.714045,0,0,0,0,1,0,0,1,0
37,20,2,3,1,1,3,2,12070,1,14,2,0,0,2,1.67,69047.72894688007,12784,56977.72894688007,0,1,0,1,0,0,0,1,0
26,19,4,5,5,2,1,1,18794,1,23,5,6,1,11,2.67,102997.714045,2542,84203.714045,1,1,0,0,1,0,0,1,0
24,48,2,1,2,2,4,3,17222,2,3,5,2,0,7,2.67,69047.72894688007,12784,51825.72894688007,1,1,0,0,1,1,0,0,1
39,19,3,3,3,1,3,1,15784,4,19,2,5,1,7,2.33,69047.72894688007,12784,53263.72894688007,1,0,0,0,1,0,0,1,0
41,19,4,3,2,1,2,1,7774,1,26,3,0,0,3,1.67,69047.72894688007,12784,61273.72894688007,1,0,0,1,0,0,0,1,1
54,18,2,1,2,3,2,3,10828,2,1,3,7,1,10,2.33,69047.72894688007,12784,58219.72894688007,0,1,0,1,0,0,0,0,0
37,16,1,4,1,1,3,2,12686,2,6,13,4,1,17,1.67,69047.72894688007,12784,56361.72894688007,1,0,1,1,0,0,1,0,0
59,6,3,1,3,2,4,2,2267,8,2,2,2,0,4,3.0,61845.10984536083,269,59578.10984536083,0,0,1,0,0,0,0,0,0
45,10,4,1,1,2,4,3,19752,3,7,9,4,1,13,2.33,102997.714045,2542,83245.714045,1,1,0,0,1,0,1,0,1
56,9,4,3,2,2,2,3,6276,2,29,9,3,1,12,2.0,69047.72894688007,12784,62771.72894688007,1,1,0,0,0,0,0,1,0
48,13,4,3,1,4,4,2,5549,3,6,5,7,1,12,3.0,102997.714045,2542,97448.714045,0,0,1,0,0,0,1,0,0
57,16,3,2,3,1,4,1,11741,4,27,9,8,1,17,2.67,102997.714045,2542,91256.714045,0,0,1,1,0,0,0,1,0
49,42,3,3,4,4,1,4,19970,2,12,5,7,1,12,3.0,69047.72894688007,12784,49077.72894688007,0,0,0,0,1,0,0,1,0
23,45,2,3,3,4,4,2,14220,2,24,7,1,0,8,3.67,69047.72894688007,12784,54827.72894688007,1,1,0,0,1,0,0,1,0
35,4,3,1,4,3,3,3,1951,1,1,0,0,0,0,3.33,17372.83423076923,33,15421.83423076923,0,0,0,0,0,0,0,0,0
35,31,2,4,2,1,1,4,3623,1,4,14,1,0,15,1.33,69047.72894688007,12784,65424.72894688007,1,1,0,0,0,1,0,0,0
52,15,1,3,4,3,2,4,11307,3,23,4,8,1,12,3.0,69047.72894688007,12784,57740.72894688007,1,0,1,1,0,0,0,1,0
30,45,2,4,2,4,4,2,10906,1,11,11,1,0,12,3.33,69047.72894688007,12784,58141.72894688007,0,0,1,1,0,0,0,1,0
57,36,4,4,5,1,1,4,10622,2,24,12,5,1,17,2.33,69047.72894688007,12784,58425.72894688007,0,0,0,1,0,0,0,1,0
53,18,1,3,1,3,1,4,7403,4,22,10,2,0,12,1.67,102997.714045,2542,95594.714045,0,0,1,0,0,0,0,1,0
48,21,1,1,2,4,2,4,3479,4,25,13,8,1,21,2.67,69047.72894688007,12784,65568.72894688007,0,0,0,0,0,0,0,1,0
32,34,4,5,5,2,2,2,8845,2,15,5,0,0,5,3.0,69047.72894688007,12784,60202.72894688007,1,1,0,1,0,0,0,1,0
46,6,3,5,2,1,2,2,6407,4,5,13,6,1,19,1.67,102997.714045,2542,96590.714045,0,0,0,0,0,1,0,0,0
33,9,1,2,5,2,4,2,13573,2,13,6,2,0,8,3.67,69047.72894688007,12784,55474.72894688007,1,0,0,1,0,0,0,1,0
54,4,2,5,1,1,2,2,12021,3,5,14,8,1,22,1.33,69047.72894688007,12784,57026.72894688007,1,1,0,1,0,1,0,0,0
36,48,1,1,5,2,4,3,19687,2,21,1,9,1,10,3.67,69047.72894688007,12784,49360.72894688007,1,0,0,0,1,0,0,1,0
55,42,2,4,3,1,1,4,4386,3,8,4,0,0,4,1.67,69047.72894688007,12784,64661.72894688007,1,1,0,0,0,0,1,0,0
41,26,4,2,1,4,4,1,14466,1,9,8,8,1,16,3.0,69047.72894688007,12784,54581.72894688007,0,0,1,0,1,0,1,0,0
31,47,2,5,5,1,2,2,17669,3,10,5,6,1,11,2.67,69047.72894688007,12784,51378.72894688007,0,0,0,0,1,0,1,0,0
53,23,2,1,1,4,4,2,13259,1,20,9,9,1,18,3.0,69047.72894688007,12784,55788.72894688007,0,0,1,1,0,0,0,1,0
44,20,1,4,2,4,1,3,17574,3,25,13,1,0,14,2.33,69047.72894688007,12784,51473.72894688007,1,0,1,0,1,0,0,1,0
37,22,1,4,3,1,2,3,10422,4,22,13,1,0,14,2.0,69047.72894688007,12784,58625.72894688007,1,0,1,1,0,0,0,1,0
34,48,4,1,2,1,1,1,6558,1,29,5,8,1,13,1.33,69047.72894688007,12784,62489.72894688007,1,1,0,0,0,0,0,1,1
47,41,4,2,1,3,4,1,8329,4,20,14,2,0,16,2.67,69047.72894688007,12784,60718.72894688007,1,1,0,1,0,0,0,1,0
40,44,4,4,2,2,4,3,8617,3,20,8,9,1,17,2.67,69047.72894688007,12784,60430.72894688007,0,1,0,1,0,0,0,1,0
48,7,3,1,3,4,3,3,2655,2,9,7,7,1,14,3.33,69047.72894688007,12784,66392.72894688007,1,0,1,0,0,0,1,0,1
53,15,4,5,5,4,2,2,11057,3,18,3,6,1,9,3.67,69047.72894688007,12784,57990.72894688007,0,0,0,1,0,0,0,1,0
28,29,2,3,2,4,2,1,14680,1,14,1,1,0,2,2.67,69047.72894688007,12784,54367.72894688007,0,0,1,0,1,0,0,1,0
45,45,1,4,2,4,3,2,13135,2,23,12,2,0,14,3.0,69047.72894688007,12784,55912.72894688007,1,1,0,1,0,0,0,1,0
25,49,1,5,1,1,4,4,12793,4,20,14,2,0,16,2.0,69047.72894688007,12784,56254.72894688007,1,0,0,1,0,0,0,1,0
34,32,3,2,1,1,1,3,7669,2,26,14,5,1,19,1.0,69047.72894688007,12784,61378.72894688007,1,0,1,1,0,0,0,1,0
32,13,2,4,5,2,3,1,5706,2,5,9,7,1,16,3.33,69047.72894688007,12784,63341.72894688007,1,1,0,0,0,1,0,0,0
45,5,1,2,2,3,1,3,10143,2,2,13,5,1,18,2.0,69047.72894688007,12784,58904.72894688007,0,0,0,1,0,0,0,0,0
41,9,3,1,1,3,4,3,2238,2,5,0,1,0,1,2.67,17372.83423076923,33,15134.83423076923,0,0,1,0,0,1,0,0,0
42,6,3,3,1,3,2,4,13348,9,13,7,5,1,12,2.0,69047.72894688007,12784,55699.72894688007,0,0,1,1,0,0,0,1,0
47,34,1,2,1,2,3,2,5695,2,17,10,5,1,15,2.0,69047.72894688007,12784,63352.72894688007,0,0,1,0,0,0,0,1,0
47,9,2,4,2,4,3,4,16885,1,1,14,9,1,23,3.0,102997.714045,2542,86112.714045,1,0,1,0,1,0,0,0,0
30,24,2,1,5,1,4,1,16664,3,12,3,4,1,7,3.33,102997.714045,2542,86333.714045,0,0,0,0,1,0,0,1,0
37,10,1,2,2,3,3,4,14454,2,25,3,7,1,10,2.67,69047.72894688007,12784,54593.72894688007,0,0,0,0,1,0,0,1,0
42,42,3,2,5,1,2,1,19463,2,21,14,3,1,17,2.67,69047.72894688007,12784,49584.72894688007,1,0,1,0,1,0,0,1,1
47,38,1,5,2,3,2,2,12821,3,8,8,0,0,8,2.33,69047.72894688007,12784,56226.72894688007,1,0,0,1,0,0,1,0,0
31,18,1,2,1,3,1,4,18649,4,25,7,8,1,15,1.67,102997.714045,2542,84348.714045,0,1,0,0,1,0,0,1,0
43,32,1,4,3,2,2,2,12584,2,20,3,1,0,4,2.33,69047.72894688007,12784,56463.72894688007,0,1,0,1,0,0,0,1,0
54,34,1,5,2,2,3,2,17249,1,16,9,9,1,18,2.33,69047.72894688007,12784,51798.72894688007,0,0,1,0,1,0,0,1,0
22,42,4,1,4,3,4,3,13575,3,25,1,8,1,9,3.67,69047.72894688007,12784,55472.72894688007,0,0,0,1,0,0,0,1,0
27,13,3,5,3,3,1,3,17169,1,28,8,4,1,12,2.33,69047.72894688007,12784,51878.72894688007,1,1,0,0,1,0,0,1,0
54,45,2,3,2,3,4,2,8858,2,20,9,0,0,9,3.0,69047.72894688007,12784,60189.72894688007,0,1,0,1,0,0,0,1,0
31,27,4,5,5,4,2,4,13986,4,15,2,4,1,6,3.67,69047.72894688007,12784,55061.72894688007,0,1,0,0,1,0,0,1,0
56,49,3,2,1,2,3,3,19788,4,10,10,8,1,18,2.0,102997.714045,2542,83209.714045,1,0,1,0,1,0,1,0,0
38,2,3,1,4,4,3,3,1702,1,1,0,0,0,0,3.67,17372.83423076923,33,15670.83423076923,1,0,1,0,0,0,0,0,0
42,33,2,5,2,1,2,3,16696,4,4,5,2,0,7,1.67,69047.72894688007,12784,52351.72894688007,0,0,0,0,1,1,0,0,1
45,13,2,4,1,3,1,1,14399,2,25,12,2,0,14,1.67,69047.72894688007,12784,54648.72894688007,0,1,0,0,1,0,0,1,0
32,3,1,4,3,4,4,2,14023,4,11,13,3,1,16,3.67,69047.72894688007,12784,55024.72894688007,0,1,0,0,1,0,0,1,0
45,2,1,4,1,4,2,4,16566,1,14,2,9,1,11,2.33,69047.72894688007,12784,52481.72894688007,0,0,0,0,1,0,0,1,0
38,4,2,1,1,4,3,4,5312,1,18,11,7,1,18,2.67,102997.714045,2542,97685.714045,0,0,1,0,0,0,0,1,0
20,17,2,1,4,4,2,3,3657,3,21,8,9,1,17,3.33,69047.72894688007,12784,65390.72894688007,1,1,0,0,0,0,0,1,1
29,11,2,4,2,1,1,4,4220,2,27,10,7,1,17,1.33,69047.72894688007,12784,64827.72894688007,0,1,0,0,0,0,0,1,0
49,42,1,3,4,3,1,3,18672,2,23,2,6,1,8,2.67,69047.72894688007,12784,50375.72894688007,1,0,0,0,1,0,0,1,0
44,8,4,5,1,2,4,4,7234,3,21,5,3,1,8,2.33,69047.72894688007,12784,61813.72894688007,1,0,0,0,0,0,0,1,1
37,18,2,3,2,1,4,4,4050,3,20,11,9,1,20,2.33,69047.72894688007,12784,64997.72894688007,1,0,0,0,0,0,0,1,0
24,29,4,3,1,2,1,3,12478,1,2,11,8,1,19,1.33,102997.714045,2542,90519.714045,0,1,0,1,0,0,0,0,0
39,2,2,2,3,4,1,3,4553,1,20,7,11,1,18,2.67,69047.72894688007,12784,64494.72894688007,0,1,0,0,0,0,0,1,0
56,47,3,2,4,3,1,3,17214,1,21,4,1,0,5,2.67,69047.72894688007,12784,51833.72894688007,0,0,0,0,1,0,0,1,0
57,25,1,2,5,2,1,1,18614,3,27,4,4,1,8,2.67,69047.72894688007,12784,50433.72894688007,0,1,0,0,1,0,0,1,0
59,47,1,1,3,2,3,3,7483,3,17,12,0,0,12,2.67,69047.72894688007,12784,61564.72894688007,0,0,1,0,0,0,0,1,0
57,42,4,4,4,3,4,4,19075,2,21,1,7,1,8,3.67,69047.72894688007,12784,49972.72894688007,1,0,1,0,1,0,0,1,0
27,23,2,1,1,1,3,4,3036,4,27,1,2,0,3,1.67,69047.72894688007,12784,66011.72894688007,0,0,1,0,0,0,0,1,0
40,30,1,1,3,2,2,4,4528,3,24,5,5,1,10,2.33,102997.714045,2542,98469.714045,1,0,0,0,0,0,0,1,0
36,17,3,1,2,1,3,4,7561,4,6,3,1,0,4,2.0,102997.714045,2542,95436.714045,1,0,1,0,0,0,1,0,0
27,2,3,1,2,2,3,2,2226,1,5,3,1,0,4,2.33,89817.88593023256,119,87591.88593023256,0,0,1,0,0,1,0,0,0
28,25,2,5,4,3,2,2,14029,2,29,13,1,0,14,3.0,69047.72894688007,12784,55018.72894688007,0,0,0,0,1,0,0,1,0
23,45,1,1,5,1,2,2,3859,4,21,5,1,0,6,2.67,102997.714045,2542,99138.714045,0,1,0,0,0,0,0,1,0
51,18,3,2,2,3,4,3,7790,2,1,9,2,0,11,3.0,69047.72894688007,12784,61257.72894688007,0,0,1,1,0,0,0,0,1
42,11,4,4,5,3,3,2,3365,2,20,9,1,0,10,3.67,69047.72894688007,12784,65682.72894688007,0,0,0,0,0,0,0,1,0
20,38,4,5,5,2,3,3,13970,1,12,7,2,0,9,3.33,69047.72894688007,12784,55077.72894688007,1,1,0,0,1,0,0,1,0
21,28,3,2,1,4,1,1,3887,2,5,8,3,1,11,2.0,69047.72894688007,12784,65160.72894688007,1,1,0,0,0,1,0,0,0
39,38,4,1,4,2,1,1,15423,1,1,11,3,1,14,2.33,69047.72894688007,12784,53624.72894688007,0,0,1,0,1,0,0,0,0
22,45,1,5,4,3,2,1,15236,1,20,6,0,0,6,3.0,69047.72894688007,12784,53811.72894688007,0,0,0,0,1,0,0,1,1
37,1,3,3,1,2,4,3,4902,2,19,13,2,0,15,2.33,69047.72894688007,12784,64145.72894688007,0,0,1,0,0,0,0,1,0
25,42,1,5,1,2,3,4,18610,1,10,13,6,1,19,2.0,69047.72894688007,12784,50437.72894688007,1,1,0,0,1,0,1,0,0
38,10,2,3,5,4,4,2,15151,2,18,1,8,1,9,4.33,69047.72894688007,12784,53896.72894688007,0,0,1,0,1,0,0,1,0
29,21,3,5,1,3,1,1,19875,2,26,12,6,1,18,1.67,69047.72894688007,12784,49172.72894688007,0,1,0,0,1,0,0,1,0
53,13,2,1,1,4,2,1,16318,1,18,2,3,1,5,2.33,69047.72894688007,12784,52729.72894688007,0,1,0,0,1,0,0,1,0
46,38,1,2,1,2,4,1,6385,1,4,11,5,1,16,2.33,102997.714045,2542,96612.714045,1,1,0,0,0,1,0,0,0
37,33,3,1,3,3,2,2,6325,2,20,2,9,1,11,2.67,69047.72894688007,12784,62722.72894688007,0,0,0,0,0,0,0,1,0
43,7,3,2,5,1,4,1,14140,2,13,5,6,1,11,3.33,69047.72894688007,12784,54907.72894688007,1,0,0,0,1,0,0,1,0
51,8,2,3,2,2,4,1,12490,5,10,9,4,1,13,2.67,69047.72894688007,12784,56557.72894688007,0,0,1,1,0,0,1,0,0
56,2,1,4,2,4,3,3,4367,2,16,4,2,0,6,3.0,69047.72894688007,12784,64680.72894688007,1,1,0,0,0,0,0,1,1
50,35,1,5,3,1,4,1,3717,1,29,14,4,1,18,2.67,69047.72894688007,12784,65330.72894688007,1,1,0,0,0,0,0,1,0
59,19,1,1,4,4,1,2,13444,3,11,4,6,1,10,3.0,102997.714045,2542,89553.714045,1,0,1,1,0,0,0,1,0
51,11,2,1,4,3,2,4,16363,4,6,6,3,1,9,3.0,69047.72894688007,12784,52684.72894688007,0,1,0,0,1,0,1,0,1
40,9,3,2,2,2,1,4,17063,1,29,1,3,1,4,1.67,69047.72894688007,12784,51984.72894688007,1,1,0,0,1,0,0,1,0
48,21,1,5,1,1,4,2,18750,2,17,6,1,0,7,2.0,69047.72894688007,12784,50297.72894688007,1,1,0,0,1,0,0,1,0
23,12,3,1,4,4,3,4,2647,1,5,2,1,0,3,3.67,17372.83423076923,33,14725.83423076923,0,1,0,0,0,1,0,0,0
35,33,1,2,4,4,4,3,10042,1,18,7,9,1,16,4.0,102997.714045,2542,92955.714045,0,0,0,1,0,0,0,1,0
23,29,2,2,2,4,4,2,10966,1,8,13,7,1,20,3.33,69047.72894688007,12784,58081.72894688007,0,0,1,1,0,0,1,0,1
58,25,4,4,3,2,3,2,12913,2,2,1,0,0,1,2.67,69047.72894688007,12784,56134.72894688007,1,0,0,1,0,0,0,0,1
35,18,3,3,1,2,4,2,9069,1,9,8,1,0,9,2.33,91683.75438596492,139,82614.75438596492,0,0,1,1,0,0,1,0,0
37,46,3,5,4,4,4,3,8155,3,5,10,5,1,15,4.0,102997.714045,2542,94842.714045,0,0,0,1,0,1,0,0,0
43,48,2,2,5,1,2,3,5177,4,28,14,9,1,23,2.67,69047.72894688007,12784,63870.72894688007,1,0,0,0,0,0,0,1,0
53,45,1,1,5,3,4,1,3610,4,10,8,9,1,17,4.0,69047.72894688007,12784,65437.72894688007,0,0,0,0,0,0,1,0,0
59,49,3,2,4,3,1,3,7843,2,27,7,2,0,9,2.67,69047.72894688007,12784,61204.72894688007,1,0,1,1,0,0,0,1,0
47,16,1,1,3,3,1,4,6282,4,24,1,2,0,3,2.33,69047.72894688007,12784,62765.72894688007,1,0,1,0,0,0,0,1,0
25,7,1,2,2,3,3,4,9631,4,4,10,3,1,13,2.67,69047.72894688007,12784,59416.72894688007,0,0,1,1,0,1,0,0,0
47,32,4,4,3,2,4,2,6538,1,22,2,8,1,10,3.0,69047.72894688007,12784,62509.72894688007,0,0,0,0,0,0,0,1,1
24,28,2,4,2,1,4,4,9210,2,22,1,5,1,6,2.33,102997.714045,2542,93787.714045,0,0,1,1,0,0,0,1,0
36,26,2,3,5,2,3,4,19411,2,26,2,4,1,6,3.33,69047.72894688007,12784,49636.72894688007,0,0,0,0,1,0,0,1,1
30,24,4,2,1,1,3,3,5152,4,28,5,4,1,9,1.67,102997.714045,2542,97845.714045,0,1,0,0,0,0,0,1,0
49,29,3,5,2,1,1,4,9957,3,24,1,7,1,8,1.33,69047.72894688007,12784,59090.72894688007,1,0,0,1,0,0,0,1,0
29,7,2,4,5,4,4,4,3411,1,27,11,5,1,16,4.33,102997.714045,2542,99586.714045,0,0,1,0,0,0,0,1,0
24,43,2,4,3,1,1,2,12386,2,29,8,4,1,12,1.67,69047.72894688007,12784,56661.72894688007,1,0,0,1,0,0,0,1,1
33,21,4,4,2,1,2,3,8369,4,14,1,5,1,6,1.67,69047.72894688007,12784,60678.72894688007,0,0,0,1,0,0,0,1,1
49,10,4,3,3,1,4,2,11140,3,27,8,3,1,11,2.67,102997.714045,2542,91857.714045,0,1,0,1,0,0,0,1,1
28,20,2,4,5,2,4,3,16723,2,26,2,4,1,6,3.67,69047.72894688007,12784,52324.72894688007,1,1,0,0,1,0,0,1,0
38,1,4,5,3,2,2,3,5594,3,21,3,1,0,4,2.33,69047.72894688007,12784,63453.72894688007,1,1,0,0,0,0,0,1,0
50,36,4,2,5,4,4,4,4027,1,16,9,7,1,16,4.33,69047.72894688007,12784,65020.72894688007,0,0,1,0,0,0,0,1,1
23,40,4,4,5,4,1,1,7426,4,2,14,5,1,19,3.33,69047.72894688007,12784,61621.72894688007,0,0,0,0,0,0,0,0,1
21,18,4,4,4,3,2,4,7344,2,22,4,4,1,8,3.0,102997.714045,2542,95653.714045,1,1,0,0,0,0,0,1,0
59,14,2,3,4,1,4,2,9315,4,6,8,8,1,16,3.0,69047.72894688007,12784,59732.72894688007,0,1,0,1,0,0,1,0,1
58,4,3,5,2,3,3,1,9179,4,8,9,3,1,12,2.67,69047.72894688007,12784,59868.72894688007,0,1,0,1,0,0,1,0,0
21,42,4,2,4,2,4,4,9410,1,2,4,5,1,9,3.33,102997.714045,2542,93587.714045,0,1,0,1,0,0,0,0,0
20,23,2,3,2,4,3,2,4206,1,16,8,0,0,8,3.0,69047.72894688007,12784,64841.72894688007,1,1,0,0,0,0,0,1,0
52,38,2,2,3,3,3,4,10105,3,14,4,7,1,11,3.0,69047.72894688007,12784,58942.72894688007,1,1,0,1,0,0,0,1,1
42,46,3,2,5,4,3,4,17255,4,22,5,2,0,7,4.0,102997.714045,2542,85742.714045,1,0,1,0,1,0,0,1,0
37,9,1,1,5,3,3,3,16528,4,14,6,5,1,11,3.67,69047.72894688007,12784,52519.72894688007,1,1,0,0,1,0,0,1,0
38,21,3,1,3,1,1,4,6157,1,7,8,0,0,8,1.67,69047.72894688007,12784,62890.72894688007,1,1,0,0,0,0,1,0,0
39,38,2,2,4,2,3,3,7914,1,24,12,0,0,12,3.0,102997.714045,2542,95083.714045,1,0,0,1,0,0,0,1,0
21,24,4,2,1,4,4,2,4178,3,11,11,8,1,19,3.0,69047.72894688007,12784,64869.72894688007,0,0,1,0,0,0,0,1,1
58,28,2,4,5,4,4,3,11964,2,21,3,0,0,3,4.33,102997.714045,2542,91033.714045,1,1,0,1,0,0,0,1,0
36,17,2,5,2,2,4,2,7959,2,18,1,6,1,7,2.67,69047.72894688007,12784,61088.72894688007,0,0,1,1,0,0,0,1,0
52,25,2,4,4,3,3,3,13826,3,9,8,0,0,8,3.33,69047.72894688007,12784,55221.72894688007,0,0,1,0,1,0,1,0,0
46,23,2,4,2,2,3,1,19499,3,10,3,7,1,10,2.33,69047.72894688007,12784,49548.72894688007,0,0,1,0,1,0,1,0,0
30,21,1,3,4,1,2,3,7166,2,3,3,6,1,9,2.33,69047.72894688007,12784,61881.72894688007,1,0,0,0,0,1,0,0,1
34,1,3,2,2,1,3,3,4325,1,5,2,1,0,3,2.0,69047.72894688007,12784,64722.72894688007,0,0,1,0,0,1,0,0,0
39,14,1,3,4,4,1,1,11174,2,20,1,2,0,3,3.0,69047.72894688007,12784,57873.72894688007,0,0,1,1,0,0,0,1,0
31,22,2,2,2,1,1,3,10058,3,2,8,8,1,16,1.33,102997.714045,2542,92939.714045,1,1,0,1,0,0,0,0,1
26,23,2,4,2,1,3,1,6905,2,9,13,0,0,13,2.0,69047.72894688007,12784,62142.72894688007,0,0,0,0,0,0,1,0,0
34,35,3,4,3,3,4,4,11891,2,8,1,7,1,8,3.33,69047.72894688007,12784,57156.72894688007,1,0,1,1,0,0,1,0,0
58,27,1,4,1,3,1,2,15447,1,20,11,2,0,13,1.67,102997.714045,2542,87550.714045,1,1,0,0,1,0,0,1,0
34,7,3,1,4,1,3,1,2972,1,1,0,0,0,0,2.67,89817.88593023256,119,86845.88593023256,0,1,0,0,0,0,0,0,0
21,31,3,2,5,2,3,3,5419,1,11,14,8,1,22,3.33,69047.72894688007,12784,63628.72894688007,1,0,0,0,0,0,0,1,0
49,36,3,5,3,4,2,4,19961,2,14,2,1,0,3,3.0,102997.714045,2542,83036.714045,1,0,1,0,1,0,0,1,0
47,28,1,2,1,4,4,3,15271,1,8,1,9,1,10,3.0,69047.72894688007,12784,53776.72894688007,0,1,0,0,1,0,1,0,0
47,25,4,4,1,2,2,2,13853,1,8,12,1,0,13,1.67,69047.72894688007,12784,55194.72894688007,1,0,0,0,1,0,1,0,0
31,3,2,3,2,4,1,4,8167,4,19,6,7,1,13,2.33,69047.72894688007,12784,60880.72894688007,1,0,0,1,0,0,0,1,1
23,12,2,3,5,2,4,3,17646,1,10,10,4,1,14,3.67,69047.72894688007,12784,51401.72894688007,0,1,0,0,1,0,1,0,0
36,10,1,1,5,1,3,2,16481,1,28,7,0,0,7,3.0,69047.72894688007,12784,52566.72894688007,0,1,0,0,1,0,0,1,0
23,14,2,3,1,2,3,2,7080,4,25,13,5,1,18,2.0,102997.714045,2542,95917.714045,0,0,0,0,0,0,0,1,0
35,29,3,4,1,3,1,2,11625,4,1,1,2,0,3,1.67,69047.72894688007,12784,57422.72894688007,0,0,0,1,0,0,0,0,0
20,28,4,2,1,2,4,4,3988,4,10,6,0,0,6,2.33,102997.714045,2542,99009.714045,0,0,0,0,0,0,1,0,1
27,3,3,1,4,4,3,2,1706,1,0,0,0,0,0,3.67,89817.88593023256,119,88111.88593023256,0,0,1,0,0,0,0,0,0
34,47,2,1,2,1,1,4,3009,4,13,4,6,1,10,1.33,102997.714045,2542,99988.714045,1,0,0,0,0,0,0,1,1
33,21,4,4,2,3,3,3,8997,2,9,9,6,1,15,2.67,69047.72894688007,12784,60050.72894688007,0,1,0,1,0,0,1,0,0
20,43,1,1,4,4,3,4,7946,2,23,7,0,0,7,3.67,69047.72894688007,12784,61101.72894688007,1,0,1,1,0,0,0,1,0
46,28,2,2,2,4,3,4,17780,4,27,5,4,1,9,3.0,69047.72894688007,12784,51267.72894688007,0,0,0,0,1,0,0,1,1
32,16,1,1,1,2,2,3,3919,1,10,2,6,1,8,1.67,89817.88593023256,119,85898.88593023256,1,1,0,0,0,0,1,0,1
22,35,4,2,5,4,2,2,6698,2,20,8,8,1,16,3.67,69047.72894688007,12784,62349.72894688007,1,0,1,0,0,0,0,1,0
23,17,2,4,5,2,4,3,9653,3,17,1,6,1,7,3.67,69047.72894688007,12784,59394.72894688007,0,1,0,1,0,0,0,1,0
57,8,1,5,3,4,3,2,10106,3,29,14,9,1,23,3.33,102997.714045,2542,92891.714045,0,0,1,1,0,0,0,1,1
23,42,4,3,4,3,3,3,9310,3,5,4,8,1,12,3.33,69047.72894688007,12784,59737.72894688007,1,1,0,1,0,1,0,0,1
37,29,1,1,4,2,3,1,7642,3,28,6,0,0,6,3.0,69047.72894688007,12784,61405.72894688007,0,0,1,1,0,0,0,1,0
59,31,2,2,4,3,4,2,8571,4,24,7,8,1,15,3.67,69047.72894688007,12784,60476.72894688007,0,0,0,1,0,0,0,1,0
40,20,3,4,1,1,4,2,15685,2,13,9,2,0,11,2.0,69047.72894688007,12784,53362.72894688007,0,0,1,0,1,0,0,1,0
31,46,2,3,3,3,4,3,7388,4,24,2,4,1,6,3.33,69047.72894688007,12784,61659.72894688007,0,1,0,0,0,0,0,1,0
40,48,2,3,5,1,1,3,4674,4,11,3,6,1,9,2.33,69047.72894688007,12784,64373.72894688007,0,0,1,0,0,0,0,1,0
30,6,4,2,2,1,3,4,13178,1,8,1,9,1,10,2.0,102997.714045,2542,89819.714045,1,0,0,1,0,0,1,0,0
43,33,2,2,5,3,3,2,12165,2,11,14,0,0,14,3.67,69047.72894688007,12784,56882.72894688007,1,0,0,1,0,0,0,1,1
33,30,1,2,3,2,4,2,18367,2,13,11,5,1,16,3.0,102997.714045,2542,84630.714045,1,0,1,0,1,0,0,1,0
46,30,1,1,3,2,1,2,16134,2,15,9,5,1,14,2.0,102997.714045,2542,86863.714045,0,0,0,0,1,0,0,1,0
44,9,4,4,4,1,2,3,8220,1,19,2,7,1,9,2.33,69047.72894688007,12784,60827.72894688007,1,0,0,1,0,0,0,1,1
55,21,1,1,1,4,1,4,9281,1,11,10,3,1,13,2.0,102997.714045,2542,93716.714045,1,1,0,1,0,0,0,1,0
35,35,4,5,1,3,1,1,10397,4,23,6,1,0,7,1.67,69047.72894688007,12784,58650.72894688007,0,1,0,1,0,0,0,1,1
52,18,2,2,3,2,3,1,10036,2,23,13,6,1,19,2.67,69047.72894688007,12784,59011.72894688007,0,0,1,1,0,0,0,1,1
24,33,2,2,1,3,2,4,19952,2,6,9,8,1,17,2.0,69047.72894688007,12784,49095.72894688007,1,0,1,0,1,0,1,0,0
56,44,3,3,5,1,1,1,13727,2,12,2,4,1,6,2.33,69047.72894688007,12784,55320.72894688007,0,0,1,1,0,0,0,1,0
28,20,2,5,5,1,2,3,13421,2,13,8,1,0,9,2.67,102997.714045,2542,89576.714045,1,1,0,1,0,0,0,1,0
41,25,3,2,3,3,3,3,12730,2,4,8,2,0,10,3.0,69047.72894688007,12784,56317.72894688007,0,1,0,1,0,1,0,0,0
53,42,2,2,1,3,4,1,18341,4,9,4,6,1,10,2.67,69047.72894688007,12784,50706.72894688007,0,1,0,0,1,0,1,0,0
46,18,4,5,2,4,2,1,15638,4,21,11,4,1,15,2.67,69047.72894688007,12784,53409.72894688007,0,0,0,0,1,0,0,1,1
54,2,1,5,1,4,3,4,18884,4,13,8,3,1,11,2.67,69047.72894688007,12784,50163.72894688007,1,0,1,0,1,0,0,1,1
50,1,3,1,5,4,3,2,18475,1,6,12,8,1,20,4.0,69047.72894688007,12784,50572.72894688007,0,0,1,0,1,0,1,0,0
30,33,2,5,1,4,3,3,6579,2,11,6,9,1,15,2.67,69047.72894688007,12784,62468.72894688007,0,0,1,0,0,0,0,1,0
47,13,2,2,3,2,1,4,8789,3,18,13,8,1,21,2.0,69047.72894688007,12784,60258.72894688007,1,0,1,1,0,0,0,1,1
47,5,2,5,5,2,4,2,15291,4,24,14,6,1,20,3.67,69047.72894688007,12784,53756.72894688007,1,0,1,0,1,0,0,1,0
46,3,4,1,3,1,1,1,6124,2,12,11,5,1,16,1.67,102997.714045,2542,96873.714045,0,1,0,0,0,0,0,1,0
42,38,4,3,5,1,2,1,7674,1,3,7,9,1,16,2.67,69047.72894688007,12784,61373.72894688007,1,1,0,1,0,1,0,0,1
56,31,4,3,3,4,2,2,14866,3,23,4,6,1,10,3.0,69047.72894688007,12784,54181.72894688007,0,0,0,0,1,0,0,1,1
23,3,2,4,3,2,4,1,15123,4,23,4,0,0,4,3.0,69047.72894688007,12784,53924.72894688007,1,0,0,0,1,0,0,1,1
41,13,1,3,1,2,1,3,5145,2,14,1,7,1,8,1.33,69047.72894688007,12784,63902.72894688007,0,1,0,0,0,0,0,1,0
37,1,4,5,1,3,4,2,17753,4,18,5,5,1,10,2.67,102997.714045,2542,85244.714045,0,1,0,0,1,0,0,1,0
23,44,2,2,2,4,3,1,3021,4,9,11,6,1,17,3.0,102997.714045,2542,99976.714045,1,0,1,0,0,0,1,0,1
41,14,3,1,3,1,1,3,2451,4,9,8,1,0,9,1.67,89817.88593023256,119,87366.88593023256,0,0,0,0,0,0,1,0,0
55,6,4,1,3,4,1,3,8348,3,1,13,2,0,15,2.67,102997.714045,2542,94649.714045,0,1,0,1,0,0,0,0,0
34,1,3,1,1,4,3,3,2996,5,4,3,1,0,4,2.67,89817.88593023256,119,86821.88593023256,0,0,0,0,0,1,0,0,0
48,35,4,4,1,4,3,1,18429,2,11,7,6,1,13,2.67,102997.714045,2542,84568.714045,1,0,1,0,1,0,0,1,1
59,28,4,4,3,3,3,2,9503,4,18,14,1,0,15,3.0,69047.72894688007,12784,59544.72894688007,0,0,0,1,0,0,0,1,0
44,32,4,1,2,4,3,4,18237,2,8,5,2,0,7,3.0,69047.72894688007,12784,50810.72894688007,0,0,1,0,1,0,1,0,1
24,12,2,2,5,4,2,2,7133,4,8,3,3,1,6,3.67,102997.714045,2542,95864.714045,1,1,0,0,0,0,1,0,0
42,35,2,3,4,4,2,4,17690,3,22,9,9,1,18,3.33,69047.72894688007,12784,51357.72894688007,1,1,0,0,1,0,0,1,1
21,17,3,3,2,3,2,3,3416,3,26,11,8,1,19,2.33,69047.72894688007,12784,65631.72894688007,0,0,0,0,0,0,0,1,0
59,25,4,3,2,4,4,1,6176,2,26,11,9,1,20,3.33,69047.72894688007,12784,62871.72894688007,1,0,1,0,0,0,0,1,1
45,47,2,4,3,2,3,3,17575,1,1,12,0,0,12,2.67,69047.72894688007,12784,51472.72894688007,1,1,0,0,1,0,0,0,0
53,36,3,4,3,4,2,2,16112,2,3,9,9,1,18,3.0,69047.72894688007,12784,52935.72894688007,0,0,0,0,1,1,0,0,0
42,44,4,5,1,1,4,3,12740,3,15,11,5,1,16,2.0,69047.72894688007,12784,56307.72894688007,0,0,1,1,0,0,0,1,0
42,28,1,3,3,2,2,1,13814,4,4,13,8,1,21,2.33,69047.72894688007,12784,55233.72894688007,0,1,0,0,1,1,0,0,0
50,20,4,4,3,2,1,1,5169,4,15,4,2,0,6,2.0,69047.72894688007,12784,63878.72894688007,0,0,1,0,0,0,0,1,0
31,37,2,1,4,1,2,2,17465,4,28,5,0,0,5,2.33,69047.72894688007,12784,51582.72894688007,0,0,1,0,1,0,0,1,0
52,17,2,1,1,3,4,3,11967,1,5,9,8,1,17,2.67,102997.714045,2542,91030.714045,1,0,1,1,0,1,0,0,1
33,18,2,4,1,4,1,4,15202,3,10,5,5,1,10,2.0,102997.714045,2542,87795.714045,0,1,0,0,1,0,1,0,0
34,28,4,1,5,2,2,4,3786,4,1,13,9,1,22,3.0,69047.72894688007,12784,65261.72894688007,1,0,0,0,0,0,0,0,0
47,43,3,3,3,4,1,3,9801,1,10,11,9,1,20,2.67,69047.72894688007,12784,59246.72894688007,0,0,1,1,0,0,1,0,0
58,26,3,4,4,1,2,1,12786,4,9,5,2,0,7,2.33,102997.714045,2542,90211.714045,0,1,0,1,0,0,1,0,0
36,5,1,2,2,2,3,2,12537,4,17,1,1,0,2,2.33,69047.72894688007,12784,56510.72894688007,1,0,1,1,0,0,0,1,1
49,18,2,5,3,4,3,3,19502,1,31,9,0,0,9,3.33,69047.72894688007,12784,49545.72894688007,1,0,0,0,1,0,0,1,0
21,2,4,2,2,3,2,2,7156,1,23,12,7,1,19,2.33,69047.72894688007,12784,61891.72894688007,1,0,1,0,0,0,0,1,0
54,33,4,2,1,4,1,4,17180,1,1,8,6,1,14,2.0,69047.72894688007,12784,51867.72894688007,1,1,0,0,1,0,0,0,1
39,40,4,1,3,3,4,2,11616,1,18,5,3,1,8,3.33,102997.714045,2542,91381.714045,1,0,0,1,0,0,0,1,0
29,30,3,1,5,2,2,4,17675,3,28,13,1,0,14,3.0,69047.72894688007,12784,51372.72894688007,0,1,0,0,1,0,0,1,1
59,47,3,5,2,4,3,4,4257,2,25,5,1,0,6,3.0,69047.72894688007,12784,64790.72894688007,1,0,1,0,0,0,0,1,1
24,13,4,2,1,3,4,2,17427,2,6,2,1,0,3,2.67,69047.72894688007,12784,51620.72894688007,1,1,0,0,1,0,1,0,0
58,19,2,4,4,2,4,2,18350,3,23,4,1,0,5,3.33,69047.72894688007,12784,50697.72894688007,0,1,0,0,1,0,0,1,0
38,46,1,1,3,1,2,4,17569,1,17,5,5,1,10,2.0,69047.72894688007,12784,51478.72894688007,0,0,0,0,1,0,0,1,0
21,47,2,2,5,1,1,3,6386,1,1,9,5,1,14,2.33,69047.72894688007,12784,62661.72894688007,0,0,1,0,0,0,0,0,1
44,7,2,3,4,1,4,3,10248,3,22,6,5,1,11,3.0,69047.72894688007,12784,58799.72894688007,0,0,1,1,0,0,0,1,0
20,2,3,1,2,4,3,3,4345,4,8,11,4,1,15,3.0,69047.72894688007,12784,64702.72894688007,1,0,0,0,0,0,1,0,0
55,3,2,2,1,4,2,4,16891,1,22,13,6,1,19,2.33,69047.72894688007,12784,52156.72894688007,1,1,0,0,1,0,0,1,0
50,20,3,4,3,3,4,3,8513,2,7,2,9,1,11,3.33,69047.72894688007,12784,60534.72894688007,0,0,1,1,0,0,1,0,1
31,6,1,2,3,2,2,2,6172,4,7,7,7,1,14,2.33,91683.75438596492,139,85511.75438596492,1,0,1,0,0,0,1,0,1
25,45,1,2,5,3,2,2,13432,4,10,4,9,1,13,3.33,102997.714045,2542,89565.714045,0,1,0,1,0,0,1,0,0
21,21,3,5,5,1,3,1,9555,1,2,5,0,0,5,3.0,69047.72894688007,12784,59492.72894688007,0,0,1,1,0,0,0,0,1
41,38,4,1,3,2,2,1,14376,2,26,11,1,0,12,2.33,69047.72894688007,12784,54671.72894688007,1,0,0,0,1,0,0,1,0
42,15,2,4,3,2,2,4,14448,4,23,12,3,1,15,2.33,102997.714045,2542,88549.714045,0,0,0,0,1,0,0,1,0
26,43,2,3,3,2,2,1,3247,1,7,8,6,1,14,2.33,69047.72894688007,12784,65800.72894688007,0,0,1,0,0,0,1,0,0
31,23,2,5,2,2,3,3,12843,1,7,11,5,1,16,2.33,102997.714045,2542,90154.714045,0,0,1,1,0,0,1,0,0
26,32,1,2,3,1,2,4,4543,1,11,7,5,1,12,2.0,69047.72894688007,12784,64504.72894688007,1,0,1,0,0,0,0,1,0
23,3,2,5,2,2,3,4,7463,4,15,14,6,1,20,2.33,102997.714045,2542,95534.714045,0,0,1,0,0,0,0,1,0
29,3,3,3,4,3,3,3,16630,4,22,7,2,0,9,3.33,69047.72894688007,12784,52417.72894688007,1,0,0,0,1,0,0,1,0
37,28,3,2,5,4,1,4,5016,2,7,4,1,0,5,3.33,69047.72894688007,12784,64031.72894688007,0,0,0,0,0,0,1,0,1
33,45,4,1,3,4,3,2,12784,4,1,10,9,1,19,3.33,69047.72894688007,12784,56263.72894688007,1,0,1,1,0,0,0,0,0
30,19,3,4,3,1,4,1,6187,3,3,9,7,1,16,2.67,69047.72894688007,12784,62860.72894688007,1,0,0,0,0,1,0,0,0
39,25,3,5,1,2,3,1,17152,1,23,10,2,0,12,2.0,69047.72894688007,12784,51895.72894688007,1,1,0,0,1,0,0,1,0
41,3,1,3,4,2,1,2,9923,4,8,1,5,1,6,2.33,69047.72894688007,12784,59124.72894688007,0,0,1,1,0,0,1,0,0
53,32,1,1,4,1,1,1,10372,3,21,1,0,0,1,2.0,69047.72894688007,12784,58675.72894688007,1,1,0,1,0,0,0,1,0
44,42,3,3,5,2,3,4,8360,2,13,13,7,1,20,3.33,69047.72894688007,12784,60687.72894688007,1,0,1,1,0,0,0,1,0
28,48,2,2,1,1,4,1,7158,4,29,11,6,1,17,2.0,102997.714045,2542,95839.714045,1,0,1,0,0,0,0,1,0
20,36,3,5,1,3,2,3,19539,4,19,6,1,0,7,2.0,102997.714045,2542,83458.714045,0,0,0,0,1,0,0,1,0
35,19,2,4,2,2,2,3,6503,4,3,2,7,1,9,2.0,69047.72894688007,12784,62544.72894688007,0,0,1,0,0,1,0,0,0
32,29,3,1,3,4,2,3,4025,9,8,7,7,1,14,3.0,17372.83423076923,33,13347.83423076923,0,1,0,0,0,0,1,0,0
22,7,3,1,2,4,1,3,2472,1,1,0,0,0,0,2.33,89817.88593023256,119,87345.88593023256,1,1,0,0,0,0,0,0,1
27,3,4,2,4,4,2,3,4647,1,6,5,0,0,5,3.33,91683.75438596492,139,87036.75438596492,1,0,0,0,0,0,1,0,0
27,29,2,3,2,2,1,3,17518,2,28,1,4,1,5,1.67,69047.72894688007,12784,51529.72894688007,1,0,0,0,1,0,0,1,0
34,8,2,5,2,4,1,4,4071,2,23,2,7,1,9,2.33,69047.72894688007,12784,64976.72894688007,0,0,1,0,0,0,0,1,0
45,2,3,3,1,1,4,1,7988,2,2,11,6,1,17,2.0,69047.72894688007,12784,61059.72894688007,0,0,0,1,0,0,0,0,0
50,32,4,4,5,4,3,3,18257,2,22,8,9,1,17,4.0,69047.72894688007,12784,50790.72894688007,0,1,0,0,1,0,0,1,0
23,47,3,5,1,1,2,3,18895,1,10,12,5,1,17,1.33,69047.72894688007,12784,50152.72894688007,1,0,1,0,1,0,1,0,0
54,43,2,1,1,4,3,1,12662,2,17,7,7,1,14,2.67,69047.72894688007,12784,56385.72894688007,0,0,0,1,0,0,0,1,0
50,31,1,3,4,4,3,2,19847,3,4,12,4,1,16,3.67,69047.72894688007,12784,49200.72894688007,0,0,0,0,1,1,0,0,0
30,45,2,2,2,1,4,4,17361,1,9,2,0,0,2,2.33,69047.72894688007,12784,51686.72894688007,0,0,0,0,1,0,1,0,0
56,7,4,5,3,2,2,3,18902,4,2,6,2,0,8,2.33,69047.72894688007,12784,50145.72894688007,1,0,1,0,1,0,0,0,0
24,2,4,4,5,4,2,1,10912,4,12,5,5,1,10,3.67,102997.714045,2542,92085.714045,1,0,1,1,0,0,0,1,0
59,34,2,4,2,1,2,2,18142,4,13,1,6,1,7,1.67,69047.72894688007,12784,50905.72894688007,1,0,0,0,1,0,0,1,1
55,19,1,3,1,2,1,3,12832,4,22,9,5,1,14,1.33,69047.72894688007,12784,56215.72894688007,0,1,0,1,0,0,0,1,0
25,21,3,1,3,3,4,4,15240,3,22,1,7,1,8,3.33,69047.72894688007,12784,53807.72894688007,1,0,1,0,1,0,0,1,1
59,9,2,4,4,3,3,2,13651,3,19,14,9,1,23,3.33,69047.72894688007,12784,55396.72894688007,1,0,0,1,0,0,0,1,0
48,23,3,2,2,3,3,2,18318,1,13,6,1,0,7,2.67,69047.72894688007,12784,50729.72894688007,0,0,1,0,1,0,0,1,1
47,33,1,1,1,3,4,4,3032,2,27,9,4,1,13,2.67,69047.72894688007,12784,66015.72894688007,0,1,0,0,0,0,0,1,0
52,6,1,2,1,3,2,3,18326,1,14,12,6,1,18,2.0,69047.72894688007,12784,50721.72894688007,0,0,1,0,1,0,0,1,0
33,22,4,3,2,4,2,2,8911,3,9,10,5,1,15,2.67,69047.72894688007,12784,60136.72894688007,1,0,0,1,0,0,1,0,0
40,14,2,5,4,3,4,2,5419,2,18,12,7,1,19,3.67,69047.72894688007,12784,63628.72894688007,0,1,0,0,0,0,0,1,0
58,33,2,1,2,2,2,4,11949,2,23,6,4,1,10,2.0,69047.72894688007,12784,57098.72894688007,1,0,0,1,0,0,0,1,1
35,31,4,3,4,4,2,1,14911,3,28,12,7,1,19,3.33,69047.72894688007,12784,54136.72894688007,0,1,0,0,1,0,0,1,0
44,36,3,3,3,4,1,1,11526,2,13,13,1,0,14,2.67,69047.72894688007,12784,57521.72894688007,1,1,0,1,0,0,0,1,0
51,1,1,3,4,4,1,2,5702,3,1,1,5,1,6,3.0,69047.72894688007,12784,63345.72894688007,1,1,0,0,0,0,0,0,0
59,44,1,4,4,2,4,2,16918,1,26,7,4,1,11,3.33,69047.72894688007,12784,52129.72894688007,0,0,1,0,1,0,0,1,0
36,8,3,4,5,4,2,3,9127,1,13,4,7,1,11,3.67,69047.72894688007,12784,59920.72894688007,1,1,0,1,0,0,0,1,0
59,19,4,1,2,3,1,4,18868,1,11,7,6,1,13,2.0,102997.714045,2542,84129.714045,0,0,0,0,1,0,0,1,0
41,17,1,5,2,2,2,3,16580,4,25,3,3,1,6,2.0,69047.72894688007,12784,52467.72894688007,0,0,0,0,1,0,0,1,0
32,27,3,2,1,1,3,1,18739,4,20,2,2,0,4,1.67,69047.72894688007,12784,50308.72894688007,1,1,0,0,1,0,0,1,0
38,34,3,5,4,3,4,1,9744,4,28,6,8,1,14,3.67,69047.72894688007,12784,59303.72894688007,1,0,1,1,0,0,0,1,0
28,23,1,3,3,4,2,3,8333,2,24,13,8,1,21,3.0,69047.72894688007,12784,60714.72894688007,1,0,1,1,0,0,0,1,0
48,5,3,2,3,1,4,2,6875,3,2,9,6,1,15,2.67,69047.72894688007,12784,62172.72894688007,0,0,0,0,0,0,0,0,1
20,12,2,5,4,4,2,4,11226,3,2,8,4,1,12,3.33,69047.72894688007,12784,57821.72894688007,1,0,0,1,0,0,0,0,0
57,35,2,2,2,2,4,4,19447,4,1,12,9,1,21,2.67,102997.714045,2542,83550.714045,0,0,1,0,1,0,0,0,0
24,12,2,4,5,1,2,1,19163,2,23,1,2,0,3,2.67,69047.72894688007,12784,49884.72894688007,1,1,0,0,1,0,0,1,1
58,8,4,2,4,3,1,4,18367,1,1,6,7,1,13,2.67,69047.72894688007,12784,50680.72894688007,0,0,1,0,1,0,0,0,0
46,41,1,4,5,4,2,3,11865,1,7,8,8,1,16,3.67,102997.714045,2542,91132.714045,0,0,1,1,0,0,1,0,0
42,12,4,1,5,2,3,1,8781,4,28,8,7,1,15,3.33,69047.72894688007,12784,60266.72894688007,0,0,1,1,0,0,0,1,0
29,47,4,5,3,4,4,3,8464,1,28,3,4,1,7,3.67,69047.72894688007,12784,60583.72894688007,0,1,0,1,0,0,0,1,0
36,42,2,2,5,2,1,4,13394,3,29,3,1,0,4,2.67,102997.714045,2542,89603.714045,1,0,0,1,0,0,0,1,0
44,25,4,1,1,1,2,3,4497,4,8,7,1,0,8,1.33,102997.714045,2542,98500.714045,1,0,1,0,0,0,1,0,1
44,26,1,2,5,2,4,2,15905,1,21,11,4,1,15,3.67,69047.72894688007,12784,53142.72894688007,1,1,0,0,1,0,0,1,0
20,17,3,4,4,1,3,1,17968,3,5,10,1,0,11,2.67,69047.72894688007,12784,51079.72894688007,0,0,0,0,1,1,0,0,0
39,40,4,4,5,2,1,2,15188,2,21,5,4,1,9,2.67,69047.72894688007,12784,53859.72894688007,1,1,0,0,1,0,0,1,0
50,3,2,1,3,1,3,3,2683,1,3,2,0,0,2,2.33,69047.72894688007,12784,66364.72894688007,1,0,1,0,0,1,0,0,1
43,1,1,5,2,4,2,4,3721,2,20,7,8,1,15,2.67,69047.72894688007,12784,65326.72894688007,1,1,0,0,0,0,0,1,1
45,43,4,4,3,1,2,1,8878,3,10,8,5,1,13,2.0,69047.72894688007,12784,60169.72894688007,0,0,1,1,0,0,1,0,0
54,31,4,5,3,4,4,1,16096,1,11,10,7,1,17,3.67,69047.72894688007,12784,52951.72894688007,0,1,0,0,1,0,0,1,0
30,34,2,5,4,4,2,3,10140,4,29,9,9,1,18,3.33,69047.72894688007,12784,58907.72894688007,0,0,0,1,0,0,0,1,0
56,21,1,4,1,3,3,1,4488,2,19,7,2,0,9,2.33,69047.72894688007,12784,64559.72894688007,1,0,1,0,0,0,0,1,1
21,45,3,3,1,1,3,3,5652,4,1,14,6,1,20,1.67,69047.72894688007,12784,63395.72894688007,1,0,0,0,0,0,0,0,0
41,43,2,5,5,4,1,2,13476,2,6,8,8,1,16,3.33,69047.72894688007,12784,55571.72894688007,1,0,1,1,0,0,1,0,0
30,10,2,2,3,4,4,2,8277,4,24,14,0,0,14,3.67,69047.72894688007,12784,60770.72894688007,0,1,0,1,0,0,0,1,0
32,47,2,5,5,1,3,1,10166,2,25,5,7,1,12,3.0,69047.72894688007,12784,58881.72894688007,0,1,0,1,0,0,0,1,0
39,2,3,4,1,2,1,2,7344,3,29,9,1,0,10,1.33,69047.72894688007,12784,61703.72894688007,1,1,0,0,0,0,0,1,0
36,40,4,3,5,1,1,3,17542,3,19,12,9,1,21,2.33,69047.72894688007,12784,51505.72894688007,0,0,1,0,1,0,0,1,0
57,20,2,4,5,1,4,4,15183,1,9,5,2,0,7,3.33,69047.72894688007,12784,53864.72894688007,1,0,1,0,1,0,1,0,0
43,26,4,5,2,2,4,4,11076,2,5,1,0,0,1,2.67,69047.72894688007,12784,57971.72894688007,1,0,1,1,0,1,0,0,0
44,3,3,5,5,4,2,4,9292,3,13,13,6,1,19,3.67,69047.72894688007,12784,59755.72894688007,1,0,0,1,0,0,0,1,0
38,49,1,4,2,1,2,2,13409,1,22,4,0,0,4,1.67,102997.714045,2542,89588.714045,0,1,0,1,0,0,0,1,0
37,31,1,2,4,3,2,4,18109,4,9,1,1,0,2,3.0,102997.714045,2542,84888.714045,0,1,0,0,1,0,1,0,0
57,48,2,2,1,4,4,2,10967,2,12,12,0,0,12,3.0,102997.714045,2542,92030.714045,1,1,0,1,0,0,0,1,0
36,49,1,2,3,1,3,2,5135,1,27,12,6,1,18,2.33,69047.72894688007,12784,63912.72894688007,1,0,1,0,0,0,0,1,0
42,42,4,4,3,4,3,4,9137,2,13,4,3,1,7,3.33,69047.72894688007,12784,59910.72894688007,1,1,0,1,0,0,0,1,0
32,4,3,1,1,1,4,4,9210,2,21,11,5,1,16,2.0,69047.72894688007,12784,59837.72894688007,0,0,0,1,0,0,0,1,0
47,42,2,3,1,3,2,4,5250,2,28,8,9,1,17,2.0,69047.72894688007,12784,63797.72894688007,1,1,0,0,0,0,0,1,0
25,45,2,5,1,4,2,2,4236,1,17,12,2,0,14,2.33,69047.72894688007,12784,64811.72894688007,1,1,0,0,0,0,0,1,0
24,7,1,4,2,4,2,3,9090,2,14,3,5,1,8,2.67,69047.72894688007,12784,59957.72894688007,1,0,0,1,0,0,0,1,0
42,42,3,1,1,1,2,1,14539,4,9,3,5,1,8,1.33,69047.72894688007,12784,54508.72894688007,1,0,0,0,1,0,1,0,0
26,3,4,4,4,1,2,3,4530,1,2,13,0,0,13,2.33,69047.72894688007,12784,64517.72894688007,0,1,0,0,0,0,0,0,0
20,23,1,5,3,1,1,2,8485,2,2,6,9,1,15,1.67,69047.72894688007,12784,60562.72894688007,1,1,0,1,0,0,0,0,0
52,42,4,3,1,2,4,4,12219,4,23,10,9,1,19,2.33,102997.714045,2542,90778.714045,0,0,0,1,0,0,0,1,0
58,6,2,1,3,2,4,2,16234,3,20,2,8,1,10,3.0,69047.72894688007,12784,52813.72894688007,0,0,1,0,1,0,0,1,0
22,40,4,5,1,1,3,4,10256,2,20,5,0,0,5,1.67,69047.72894688007,12784,58791.72894688007,0,0,1,1,0,0,0,1,0
34,1,2,1,2,4,1,2,3294,5,5,4,0,0,4,2.33,17372.83423076923,33,14078.83423076923,0,0,1,0,0,1,0,0,0
24,16,1,3,1,1,1,3,7974,4,10,6,0,0,6,1.0,69047.72894688007,12784,61073.72894688007,0,0,1,1,0,0,1,0,0
52,12,2,2,2,3,4,4,8804,3,28,6,2,0,8,3.0,102997.714045,2542,94193.714045,0,0,0,1,0,0,0,1,0
38,39,4,2,4,4,1,3,7403,2,26,3,9,1,12,3.0,69047.72894688007,12784,61644.72894688007,1,0,0,0,0,0,0,1,0
35,4,2,3,5,1,1,3,7575,4,10,4,0,0,4,2.33,69047.72894688007,12784,61472.72894688007,0,0,1,0,0,0,1,0,0
29,2,2,2,2,1,2,3,6644,2,0,0,0,0,0,1.67,91683.75438596492,139,85039.75438596492,0,0,1,0,0,0,0,0,0
20,6,1,3,1,2,2,3,12222,3,15,12,7,1,19,1.67,102997.714045,2542,90775.714045,1,0,0,1,0,0,0,1,1
41,48,4,2,4,4,2,2,19494,1,15,10,8,1,18,3.33,69047.72894688007,12784,49553.72894688007,0,1,0,0,1,0,0,1,0
53,38,4,4,1,1,4,1,10607,4,14,2,7,1,9,2.0,69047.72894688007,12784,58440.72894688007,0,1,0,1,0,0,0,1,0
49,23,4,2,4,3,4,3,14992,1,5,9,2,0,11,3.67,102997.714045,2542,88005.714045,1,0,0,0,1,1,0,0,0
34,36,4,4,3,1,4,3,3447,1,11,11,0,0,11,2.67,69047.72894688007,12784,65600.72894688007,0,0,1,0,0,0,0,1,0
43,14,1,2,4,2,3,1,3229,1,27,3,1,0,4,3.0,69047.72894688007,12784,65818.72894688007,0,1,0,0,0,0,0,1,0
41,18,1,2,5,3,1,1,6007,3,22,6,1,0,7,3.0,69047.72894688007,12784,63040.72894688007,1,1,0,0,0,0,0,1,0
58,22,2,3,4,3,3,2,15201,4,14,5,9,1,14,3.33,69047.72894688007,12784,53846.72894688007,0,0,1,0,1,0,0,1,0
23,30,1,5,5,1,4,2,17874,3,28,6,2,0,8,3.33,69047.72894688007,12784,51173.72894688007,0,1,0,0,1,0,0,1,0
59,29,3,3,5,4,2,3,17892,1,5,3,7,1,10,3.67,69047.72894688007,12784,51155.72894688007,0,0,1,0,1,1,0,0,1
30,26,1,2,3,2,1,3,18966,2,12,9,3,1,12,2.0,69047.72894688007,12784,50081.72894688007,0,0,0,0,1,0,0,1,0
34,18,1,4,3,2,4,1,5975,1,13,2,7,1,9,3.0,69047.72894688007,12784,63072.72894688007,1,1,0,0,0,0,0,1,0
51,21,2,1,5,4,4,3,17641,3,8,4,7,1,11,4.33,69047.72894688007,12784,51406.72894688007,0,0,0,0,1,0,1,0,1
53,43,4,4,1,4,4,1,7075,3,12,13,1,0,14,3.0,102997.714045,2542,95922.714045,1,0,1,0,0,0,0,1,1
21,33,4,3,1,3,4,1,18500,2,17,10,9,1,19,2.67,69047.72894688007,12784,50547.72894688007,0,0,0,0,1,0,0,1,0
27,43,3,5,3,2,3,3,4775,3,24,11,6,1,17,2.67,69047.72894688007,12784,64272.72894688007,1,0,1,0,0,0,0,1,1
22,47,2,2,5,3,4,2,9883,2,12,4,2,0,6,4.0,69047.72894688007,12784,59164.72894688007,1,1,0,1,0,0,0,1,0
30,6,1,3,2,2,1,2,3432,4,3,10,9,1,19,1.67,102997.714045,2542,99565.714045,0,0,0,0,0,1,0,0,0
25,8,2,2,4,3,2,4,5646,1,16,6,0,0,6,3.0,69047.72894688007,12784,63401.72894688007,1,0,0,0,0,0,0,1,0
26,8,1,3,4,1,4,1,4127,1,16,6,2,0,8,3.0,69047.72894688007,12784,64920.72894688007,1,1,0,0,0,0,0,1,0
27,11,4,4,3,4,4,1,5986,2,25,7,8,1,15,3.67,69047.72894688007,12784,63061.72894688007,0,0,0,0,0,0,0,1,0
32,13,2,4,4,2,4,3,17867,1,19,12,9,1,21,3.33,102997.714045,2542,85130.714045,1,0,1,0,1,0,0,1,1
45,40,1,1,4,4,3,1,12162,1,24,6,7,1,13,3.67,69047.72894688007,12784,56885.72894688007,0,1,0,1,0,0,0,1,0
25,7,1,4,2,3,3,4,3258,2,8,9,6,1,15,2.67,69047.72894688007,12784,65789.72894688007,0,1,0,0,0,0,1,0,1
28,24,3,5,5,4,3,4,18290,4,5,13,9,1,22,4.0,69047.72894688007,12784,50757.72894688007,0,0,1,0,1,1,0,0,0
50,20,3,2,2,1,4,2,9749,3,20,8,0,0,8,2.33,69047.72894688007,12784,59298.72894688007,0,1,0,1,0,0,0,1,0
28,5,3,2,1,4,4,3,8463,0,5,4,1,0,5,3.0,91683.75438596492,139,83220.75438596492,0,1,0,1,0,1,0,0,0
24,43,2,3,4,4,4,2,13961,1,14,9,2,0,11,4.0,69047.72894688007,12784,55086.72894688007,0,0,0,0,1,0,0,1,1
46,19,2,5,1,3,2,2,7419,3,27,8,0,0,8,2.0,69047.72894688007,12784,61628.72894688007,1,0,0,0,0,0,0,1,0
34,15,1,4,4,4,3,3,10091,1,4,4,3,1,7,3.67,69047.72894688007,12784,58956.72894688007,0,0,1,1,0,1,0,0,0
40,18,4,4,4,1,4,3,11064,1,4,11,1,0,12,3.0,102997.714045,2542,91933.714045,1,0,0,1,0,1,0,0,0
49,43,4,4,2,3,1,2,5939,1,8,6,7,1,13,2.0,69047.72894688007,12784,63108.72894688007,0,0,0,0,0,0,1,0,0
35,44,1,5,3,2,4,4,7705,3,29,10,0,0,10,3.0,69047.72894688007,12784,61342.72894688007,0,0,0,1,0,0,0,1,1
59,49,4,4,4,1,2,2,13304,4,18,2,8,1,10,2.33,69047.72894688007,12784,55743.72894688007,1,1,0,1,0,0,0,1,1
41,9,3,5,3,1,2,4,19419,2,18,16,0,0,16,2.0,69047.72894688007,12784,49628.72894688007,0,0,0,0,1,0,0,1,0
58,15,4,2,1,4,1,1,15701,4,8,3,4,1,7,2.0,69047.72894688007,12784,53346.72894688007,1,1,0,0,1,0,1,0,0
59,30,2,3,5,2,1,2,13953,2,25,2,6,1,8,2.67,69047.72894688007,12784,55094.72894688007,1,1,0,0,1,0,0,1,0
30,12,3,2,3,2,2,3,6577,0,5,4,4,1,8,2.33,91683.75438596492,139,85106.75438596492,0,1,0,0,0,1,0,0,0
58,36,2,3,5,1,4,4,13877,4,28,14,8,1,22,3.33,69047.72894688007,12784,55170.72894688007,0,0,1,0,1,0,0,1,0
52,30,2,3,1,3,1,2,4449,2,29,6,3,1,9,1.67,69047.72894688007,12784,64598.72894688007,0,0,0,0,0,0,0,1,0
58,11,3,4,3,1,2,2,5518,3,4,7,6,1,13,2.0,69047.72894688007,12784,63529.72894688007,1,0,0,0,0,1,0,0,0
26,22,3,1,3,2,1,3,4074,3,14,11,0,0,11,2.0,69047.72894688007,12784,64973.72894688007,1,1,0,0,0,0,0,1,1
54,30,1,5,3,1,2,3,8496,2,7,1,4,1,5,2.0,69047.72894688007,12784,60551.72894688007,1,0,1,1,0,0,1,0,0
41,7,4,1,3,2,3,3,3376,1,10,6,0,0,6,2.67,89817.88593023256,119,86441.88593023256,0,0,1,0,0,0,1,0,0
40,48,4,2,4,2,2,2,13657,4,10,13,1,0,14,2.67,69047.72894688007,12784,55390.72894688007,1,1,0,1,0,0,1,0,0
42,49,3,4,1,4,4,3,9463,2,26,9,4,1,13,3.0,69047.72894688007,12784,59584.72894688007,1,1,0,1,0,0,0,1,0
29,31,2,4,4,3,2,1,9291,3,22,10,3,1,13,3.0,69047.72894688007,12784,59756.72894688007,1,0,1,1,0,0,0,1,0
21,10,4,2,1,2,1,3,8932,2,20,5,7,1,12,1.33,69047.72894688007,12784,60115.72894688007,1,0,1,1,0,0,0,1,0
47,15,3,5,5,4,1,2,8504,2,21,6,6,1,12,3.33,69047.72894688007,12784,60543.72894688007,1,0,0,1,0,0,0,1,0
23,3,2,3,1,1,3,2,4816,4,20,11,4,1,15,1.67,102997.714045,2542,98181.714045,0,0,1,0,0,0,0,1,0
54,48,1,3,4,2,2,3,17301,1,18,5,8,1,13,2.67,69047.72894688007,12784,51746.72894688007,1,0,0,0,1,0,0,1,0
45,39,1,5,2,3,2,2,15504,2,4,11,9,1,20,2.33,69047.72894688007,12784,53543.72894688007,1,1,0,0,1,1,0,0,0
33,17,2,2,5,1,4,1,18505,4,13,8,4,1,12,3.33,69047.72894688007,12784,50542.72894688007,1,0,0,0,1,0,0,1,0
29,22,4,3,3,4,1,4,14100,1,14,9,4,1,13,2.67,69047.72894688007,12784,54947.72894688007,0,0,0,0,1,0,0,1,0
42,2,3,3,4,4,3,1,10124,2,20,8,13,1,21,3.67,69047.72894688007,12784,58923.72894688007,1,0,1,1,0,0,0,1,0
51,9,3,5,2,4,1,2,19847,4,29,10,11,1,21,2.33,102997.714045,2542,83150.714045,1,0,0,0,1,0,0,1,0
51,45,3,2,3,4,2,1,4419,1,25,11,7,1,18,3.0,69047.72894688007,12784,64628.72894688007,0,0,1,0,0,0,0,1,0
22,26,3,3,5,1,2,4,8101,3,2,4,6,1,10,2.67,69047.72894688007,12784,60946.72894688007,1,0,0,1,0,0,0,0,0
55,7,3,4,2,3,1,3,3993,2,4,11,2,0,13,2.0,69047.72894688007,12784,65054.72894688007,1,1,0,0,0,1,0,0,0
58,33,1,5,5,1,3,4,7919,4,23,6,4,1,10,3.0,69047.72894688007,12784,61128.72894688007,0,0,1,1,0,0,0,1,0
31,9,4,2,1,2,4,4,15156,4,19,3,0,0,3,2.33,69047.72894688007,12784,53891.72894688007,0,1,0,0,1,0,0,1,1
34,40,4,1,2,2,4,2,18638,2,26,13,2,0,15,2.67,69047.72894688007,12784,50409.72894688007,1,0,1,0,1,0,0,1,0
39,27,3,1,2,2,3,2,6687,3,25,10,8,1,18,2.33,102997.714045,2542,96310.714045,1,0,0,0,0,0,0,1,0
38,22,1,2,3,3,3,2,15611,3,27,6,5,1,11,3.0,102997.714045,2542,87386.714045,0,0,0,0,1,0,0,1,0
42,35,1,3,5,1,1,4,5204,3,6,12,7,1,19,2.33,69047.72894688007,12784,63843.72894688007,1,0,0,0,0,0,1,0,0
41,27,2,5,1,2,3,1,10122,1,14,3,1,0,4,2.0,69047.72894688007,12784,58925.72894688007,1,0,1,1,0,0,0,1,0
24,49,1,1,4,3,3,1,11014,3,14,12,5,1,17,3.33,69047.72894688007,12784,58033.72894688007,1,0,1,1,0,0,0,1,0
54,48,4,1,3,4,1,3,15410,1,8,4,5,1,9,2.67,69047.72894688007,12784,53637.72894688007,0,0,0,0,1,0,1,0,0
57,35,2,3,1,4,2,1,14584,4,6,12,4,1,16,2.33,69047.72894688007,12784,54463.72894688007,1,0,1,0,1,0,1,0,0
30,39,2,5,1,1,3,3,7041,1,17,14,1,0,15,1.67,102997.714045,2542,95956.714045,0,1,0,0,0,0,0,1,0
27,20,3,2,3,4,4,3,9981,1,7,7,0,0,7,3.67,91683.75438596492,139,81702.75438596492,0,1,0,1,0,0,1,0,0
47,17,4,5,2,1,2,3,10293,4,5,13,2,0,15,1.67,102997.714045,2542,92704.714045,1,0,1,1,0,1,0,0,0
52,8,1,5,3,3,2,4,4715,2,27,12,6,1,18,2.67,69047.72894688007,12784,64332.72894688007,0,0,0,0,0,0,0,1,0
36,43,4,2,1,1,4,4,4920,1,11,10,9,1,19,2.0,102997.714045,2542,98077.714045,1,1,0,0,0,0,0,1,0
39,16,2,1,4,1,3,3,16007,1,20,6,4,1,10,2.67,69047.72894688007,12784,53040.72894688007,1,0,0,0,1,0,0,1,0
55,44,1,1,2,1,2,2,16340,1,22,13,5,1,18,1.67,102997.714045,2542,86657.714045,0,0,0,0,1,0,0,1,1
39,41,3,2,1,2,1,1,16971,3,2,1,7,1,8,1.33,69047.72894688007,12784,52076.72894688007,1,1,0,0,1,0,0,0,1
47,38,4,3,1,1,4,2,4148,2,16,11,4,1,15,2.0,69047.72894688007,12784,64899.72894688007,0,0,1,0,0,0,0,1,1
32,36,1,5,1,1,3,3,4584,4,6,6,5,1,11,1.67,69047.72894688007,12784,64463.72894688007,0,1,0,0,0,0,1,0,0
45,24,3,1,3,4,2,1,6416,2,27,14,7,1,21,3.0,69047.72894688007,12784,62631.72894688007,1,0,1,0,0,0,0,1,0
37,31,2,2,3,2,3,1,11691,4,6,11,3,1,14,2.67,69047.72894688007,12784,57356.72894688007,1,0,1,1,0,0,1,0,0
46,15,3,5,2,4,1,3,19081,5,4,2,0,0,2,2.33,69047.72894688007,12784,49966.72894688007,0,0,1,0,1,1,0,0,0
56,31,3,3,2,2,1,1,4200,1,6,10,5,1,15,1.67,69047.72894688007,12784,64847.72894688007,1,1,0,0,0,0,1,0,0
34,8,2,5,3,2,3,4,18720,1,15,9,9,1,18,2.67,69047.72894688007,12784,50327.72894688007,1,0,0,0,1,0,0,1,0
55,40,1,4,1,2,3,1,10313,3,22,2,4,1,6,2.0,69047.72894688007,12784,58734.72894688007,0,0,0,1,0,0,0,1,0
49,30,2,1,4,2,2,4,3935,2,11,2,6,1,8,2.67,102997.714045,2542,99062.714045,0,0,0,0,0,0,0,1,0
28,9,1,3,1,4,1,2,3489,1,19,13,0,0,13,2.0,69047.72894688007,12784,65558.72894688007,1,1,0,0,0,0,0,1,0
55,40,4,2,4,3,4,3,8429,3,29,13,6,1,19,3.67,69047.72894688007,12784,60618.72894688007,1,0,0,1,0,0,0,1,0
38,33,1,2,2,3,2,3,9774,2,1,7,0,0,7,2.33,69047.72894688007,12784,59273.72894688007,0,0,1,1,0,0,0,0,1
34,13,1,4,3,4,1,4,15354,4,9,14,3,1,17,2.67,69047.72894688007,12784,53693.72894688007,0,0,0,0,1,0,1,0,0
30,17,4,3,2,1,4,1,12748,2,6,7,1,0,8,2.33,69047.72894688007,12784,56299.72894688007,0,0,1,1,0,0,1,0,0
43,17,3,3,2,1,1,4,12433,3,7,9,2,0,11,1.33,69047.72894688007,12784,56614.72894688007,0,1,0,1,0,0,1,0,0
21,10,4,1,4,4,2,4,5162,2,10,4,2,0,6,3.33,69047.72894688007,12784,63885.72894688007,1,0,0,0,0,0,1,0,0
55,5,4,5,3,4,2,2,7236,3,24,11,3,1,14,3.0,69047.72894688007,12784,61811.72894688007,0,0,1,0,0,0,0,1,1
41,22,4,4,2,3,1,1,4281,4,29,5,3,1,8,2.0,69047.72894688007,12784,64766.72894688007,1,1,0,0,0,0,0,1,0
35,23,4,4,3,1,1,3,18475,1,22,5,0,0,5,1.67,69047.72894688007,12784,50572.72894688007,0,0,1,0,1,0,0,1,0
44,25,2,2,4,2,2,3,5084,2,21,8,6,1,14,2.67,69047.72894688007,12784,63963.72894688007,0,1,0,0,0,0,0,1,0
53,2,2,4,4,1,3,3,15427,2,25,8,3,1,11,2.67,102997.714045,2542,87570.714045,0,0,1,0,1,0,0,1,0
53,46,3,5,1,1,2,4,9112,1,23,1,9,1,10,1.33,69047.72894688007,12784,59935.72894688007,0,1,0,1,0,0,0,1,0
35,35,2,4,2,1,4,3,12707,3,2,12,8,1,20,2.33,69047.72894688007,12784,56340.72894688007,0,0,1,1,0,0,0,0,0
40,39,1,5,2,1,2,1,7617,4,26,9,9,1,18,1.67,69047.72894688007,12784,61430.72894688007,1,0,0,1,0,0,0,1,0
26,9,2,1,1,4,4,1,4972,4,24,5,5,1,10,3.0,69047.72894688007,12784,64075.72894688007,0,0,1,0,0,0,0,1,0
44,28,1,5,1,3,4,2,5164,2,8,1,5,1,6,2.67,69047.72894688007,12784,63883.72894688007,1,0,1,0,0,0,1,0,0
54,12,4,2,5,1,1,3,14479,2,10,1,6,1,7,2.33,69047.72894688007,12784,54568.72894688007,0,0,0,0,1,0,1,0,0
44,4,1,4,5,2,3,2,17116,2,24,1,9,1,10,3.33,69047.72894688007,12784,51931.72894688007,0,0,0,0,1,0,0,1,0
56,26,4,5,1,2,1,3,3326,3,2,14,6,1,20,1.33,69047.72894688007,12784,65721.72894688007,1,1,0,0,0,0,0,0,0
51,37,3,4,2,1,2,1,11070,3,28,11,0,0,11,1.67,102997.714045,2542,91927.714045,1,1,0,1,0,0,0,1,0
48,31,1,5,1,2,1,4,5032,3,12,4,7,1,11,1.33,102997.714045,2542,97965.714045,0,0,0,0,0,0,0,1,1
44,40,1,2,1,3,3,2,11083,1,25,13,0,0,13,2.33,69047.72894688007,12784,57964.72894688007,0,0,1,1,0,0,0,1,0
58,12,4,3,5,1,1,1,8598,2,22,3,0,0,3,2.33,69047.72894688007,12784,60449.72894688007,0,0,0,1,0,0,0,1,0
30,49,1,2,1,3,1,4,6386,4,12,12,4,1,16,1.67,102997.714045,2542,96611.714045,1,1,0,0,0,0,0,1,0
54,16,4,2,4,2,2,1,4307,4,20,3,0,0,3,2.67,69047.72894688007,12784,64740.72894688007,0,0,0,0,0,0,0,1,0
31,28,2,2,5,3,3,3,14765,1,21,12,3,1,15,3.67,69047.72894688007,12784,54282.72894688007,0,1,0,0,1,0,0,1,0
52,44,3,3,4,2,3,1,5006,2,18,1,5,1,6,3.0,69047.72894688007,12784,64041.72894688007,0,0,1,0,0,0,0,1,0
59,4,3,3,4,3,3,4,14323,4,28,7,3,1,10,3.33,69047.72894688007,12784,54724.72894688007,0,0,1,0,1,0,0,1,1
36,22,2,5,3,3,4,4,13458,4,5,1,9,1,10,3.33,102997.714045,2542,89539.714045,1,0,0,1,0,1,0,0,0
20,11,2,5,4,4,3,1,11885,2,9,5,3,1,8,3.67,102997.714045,2542,91112.714045,0,1,0,1,0,0,1,0,0
22,36,1,3,3,3,1,2,13911,1,25,5,2,0,7,2.33,69047.72894688007,12784,55136.72894688007,1,0,0,0,1,0,0,1,0
32,38,1,3,5,1,4,1,10483,4,13,4,4,1,8,3.33,69047.72894688007,12784,58564.72894688007,0,0,1,1,0,0,0,1,0
57,43,3,5,5,2,3,4,14521,2,12,9,9,1,18,3.33,69047.72894688007,12784,54526.72894688007,1,0,1,0,1,0,0,1,0
53,23,3,2,2,2,3,1,17848,1,1,13,2,0,15,2.33,69047.72894688007,12784,51199.72894688007,0,0,0,0,1,0,0,0,0
50,8,3,2,3,2,1,3,6796,3,4,3,1,0,4,2.0,91683.75438596492,139,84887.75438596492,1,0,1,0,0,1,0,0,1
22,11,3,1,1,4,1,2,9542,1,24,2,8,1,10,2.0,69047.72894688007,12784,59505.72894688007,0,0,0,1,0,0,0,1,0
31,3,1,3,5,3,2,4,10115,1,17,9,9,1,18,3.33,102997.714045,2542,92882.714045,1,1,0,1,0,0,0,1,0
40,6,2,3,1,4,1,3,8577,1,11,9,2,0,11,2.0,69047.72894688007,12784,60470.72894688007,1,0,0,1,0,0,0,1,0
50,19,1,1,5,4,1,1,9090,4,29,14,4,1,18,3.33,69047.72894688007,12784,59957.72894688007,1,0,0,1,0,0,0,1,0
55,48,1,3,4,2,1,1,4775,2,6,13,7,1,20,2.33,69047.72894688007,12784,64272.72894688007,0,1,0,0,0,0,1,0,0
32,46,1,3,1,1,4,3,7000,2,16,10,6,1,16,2.0,102997.714045,2542,95997.714045,1,1,0,0,0,0,0,1,0
47,23,3,4,5,1,3,1,5863,1,19,11,1,0,12,3.0,69047.72894688007,12784,63184.72894688007,1,1,0,0,0,0,0,1,0
26,8,2,2,1,4,3,2,5326,6,4,3,1,0,4,2.67,91683.75438596492,139,86357.75438596492,0,1,0,0,0,1,0,0,1
34,12,3,1,4,2,4,3,9655,1,26,14,7,1,21,3.33,102997.714045,2542,93342.714045,0,0,0,1,0,0,0,1,0
34,48,3,1,4,4,1,3,3012,1,16,7,2,0,9,3.0,69047.72894688007,12784,66035.72894688007,0,1,0,0,0,0,0,1,0
27,22,3,5,4,1,1,4,10799,2,29,1,0,0,1,2.0,102997.714045,2542,92198.714045,1,1,0,1,0,0,0,1,0
35,5,3,3,2,3,4,3,8095,0,16,6,0,0,6,3.0,69047.72894688007,12784,60952.72894688007,0,1,0,1,0,0,0,1,0
35,49,1,2,2,3,1,1,18879,3,22,10,8,1,18,2.0,69047.72894688007,12784,50168.72894688007,0,0,1,0,1,0,0,1,1
49,20,3,2,3,2,3,3,7496,3,3,2,5,1,7,2.67,69047.72894688007,12784,61551.72894688007,0,0,1,0,0,1,0,0,0
22,31,1,3,5,4,1,3,3130,4,27,12,1,0,13,3.33,69047.72894688007,12784,65917.72894688007,1,0,1,0,0,0,0,1,0
49,26,3,1,1,4,4,1,8666,3,25,11,9,1,20,3.0,102997.714045,2542,94331.714045,1,0,0,1,0,0,0,1,0
40,44,1,1,5,3,2,1,4848,1,8,12,6,1,18,3.33,102997.714045,2542,98149.714045,0,0,0,0,0,0,1,0,0
22,32,2,4,2,1,4,1,14554,4,15,4,4,1,8,2.33,102997.714045,2542,88443.714045,1,0,1,0,1,0,0,1,0
49,38,1,2,3,1,1,1,4667,4,21,14,4,1,18,1.67,69047.72894688007,12784,64380.72894688007,1,0,0,0,0,0,0,1,0
32,45,3,3,3,2,4,4,11870,1,13,1,8,1,9,3.0,69047.72894688007,12784,57177.72894688007,0,0,1,1,0,0,0,1,1
34,4,3,3,4,3,4,3,9713,2,5,3,1,0,4,3.67,91683.75438596492,139,81970.75438596492,1,0,1,1,0,1,0,0,0
33,1,3,1,4,4,3,2,2686,1,10,9,7,1,16,3.67,89817.88593023256,119,87131.88593023256,1,1,0,0,0,0,1,0,1
54,1,3,3,3,4,1,1,10502,7,5,4,1,0,5,2.67,69047.72894688007,12784,58545.72894688007,0,0,0,1,0,1,0,0,0
47,20,3,2,5,4,2,3,12211,3,25,14,9,1,23,3.67,69047.72894688007,12784,56836.72894688007,1,0,1,1,0,0,0,1,1
43,4,1,3,2,1,2,1,18198,4,26,6,1,0,7,1.67,69047.72894688007,12784,50849.72894688007,0,0,1,0,1,0,0,1,1
26,40,4,5,1,1,4,1,16323,1,12,2,8,1,10,2.0,69047.72894688007,12784,52724.72894688007,1,0,0,0,1,0,0,1,0
57,33,4,1,1,4,2,4,14916,2,13,9,3,1,12,2.33,69047.72894688007,12784,54131.72894688007,1,0,0,0,1,0,0,1,0
53,36,3,3,1,4,4,4,10607,4,16,10,6,1,16,3.0,69047.72894688007,12784,58440.72894688007,1,1,0,1,0,0,0,1,0
51,45,3,4,1,3,4,4,14724,3,5,12,2,0,14,2.67,102997.714045,2542,88273.714045,1,0,0,0,1,1,0,0,0
54,9,2,3,1,2,3,1,9720,3,13,1,7,1,8,2.0,69047.72894688007,12784,59327.72894688007,1,0,1,1,0,0,0,1,0
46,2,1,4,2,3,2,2,16872,3,7,7,7,1,14,2.33,102997.714045,2542,86125.714045,1,0,1,0,1,0,1,0,0
40,49,2,1,5,2,3,4,18486,2,21,4,0,0,4,3.33,69047.72894688007,12784,50561.72894688007,1,1,0,0,1,0,0,1,1
36,44,4,4,2,4,1,4,11737,3,24,7,4,1,11,2.33,69047.72894688007,12784,57310.72894688007,0,0,1,1,0,0,0,1,0
40,5,4,2,5,3,2,3,9892,3,1,10,6,1,16,3.33,69047.72894688007,12784,59155.72894688007,0,0,1,1,0,0,0,0,0
32,1,2,1,2,2,2,3,2269,0,2,2,2,0,4,2.0,69047.72894688007,12784,66778.72894688007,0,0,1,0,0,0,0,0,0
36,18,4,3,2,2,4,4,14296,4,8,6,8,1,14,2.67,69047.72894688007,12784,54751.72894688007,1,0,0,0,1,0,1,0,1
35,26,3,3,4,3,3,3,8837,1,9,0,1,0,1,3.33,61845.10984536083,269,53008.10984536083,1,1,0,1,0,0,1,0,0
45,47,2,2,1,1,3,3,4760,3,9,7,9,1,16,1.67,69047.72894688007,12784,64287.72894688007,1,1,0,0,0,0,1,0,0
40,9,3,3,3,2,3,2,13499,9,18,7,2,0,9,2.67,69047.72894688007,12784,55548.72894688007,0,1,0,1,0,0,0,1,0
41,1,4,1,2,2,3,4,13612,3,18,11,8,1,19,2.33,69047.72894688007,12784,55435.72894688007,1,0,1,1,0,0,0,1,0
45,16,2,4,4,2,2,2,6723,1,24,5,5,1,10,2.67,102997.714045,2542,96274.714045,0,1,0,0,0,0,0,1,0
32,13,2,3,1,3,1,3,5492,1,24,10,6,1,16,1.67,69047.72894688007,12784,63555.72894688007,1,0,0,0,0,0,0,1,1
40,43,4,3,1,1,1,1,3760,1,9,10,0,0,10,1.0,69047.72894688007,12784,65287.72894688007,0,0,1,0,0,0,1,0,0
34,3,3,1,4,3,3,1,3737,0,3,2,0,0,2,3.33,61845.10984536083,269,58108.10984536083,0,0,1,0,0,1,0,0,0
22,27,2,1,1,4,4,4,12776,4,24,9,3,1,12,3.0,102997.714045,2542,90221.714045,1,0,0,1,0,0,0,1,0
56,26,1,4,3,3,1,2,9298,4,11,12,5,1,17,2.33,69047.72894688007,12784,59749.72894688007,1,1,0,1,0,0,0,1,1
52,16,3,4,5,4,1,2,13037,1,23,14,3,1,17,3.33,102997.714045,2542,89960.714045,1,1,0,1,0,0,0,1,0
33,23,3,1,3,1,1,1,5709,1,13,3,2,0,5,1.67,102997.714045,2542,97288.714045,1,0,0,0,0,0,0,1,0
48,26,1,2,3,2,3,2,16678,2,29,9,4,1,13,2.67,69047.72894688007,12784,52369.72894688007,1,1,0,0,1,0,0,1,0
22,42,3,5,5,3,4,3,10918,3,3,9,7,1,16,4.0,69047.72894688007,12784,58129.72894688007,0,1,0,1,0,1,0,0,0
40,23,2,2,2,1,1,4,16654,2,1,3,9,1,12,1.33,102997.714045,2542,86343.714045,1,1,0,0,1,0,0,0,0
43,37,4,3,1,3,3,3,9905,2,5,7,5,1,12,2.33,69047.72894688007,12784,59142.72894688007,0,0,1,1,0,1,0,0,0
42,1,4,1,5,2,1,1,18390,2,10,4,1,0,5,2.67,69047.72894688007,12784,50657.72894688007,1,0,1,0,1,0,1,0,0
36,29,1,3,3,4,3,3,16245,4,11,9,9,1,18,3.33,69047.72894688007,12784,52802.72894688007,1,0,0,0,1,0,0,1,0
44,16,2,2,5,2,1,3,3898,2,5,3,1,0,4,2.67,69047.72894688007,12784,65149.72894688007,1,0,0,0,0,1,0,0,0
34,22,2,1,4,2,3,1,16547,3,24,2,5,1,7,3.0,69047.72894688007,12784,52500.72894688007,0,0,1,0,1,0,0,1,0
21,24,2,4,2,4,3,2,16964,3,13,11,8,1,19,3.0,69047.72894688007,12784,52083.72894688007,0,1,0,0,1,0,0,1,1
59,8,1,2,2,1,1,3,11548,4,6,6,3,1,9,1.33,102997.714045,2542,91449.714045,1,1,0,1,0,0,1,0,0
50,40,1,3,5,3,2,4,13437,2,9,1,9,1,10,3.33,69047.72894688007,12784,55610.72894688007,1,1,0,1,0,0,1,0,0
34,13,2,5,5,4,1,3,4629,4,22,3,4,1,7,3.33,69047.72894688007,12784,64418.72894688007,1,0,1,0,0,0,0,1,1
38,28,2,1,2,1,4,3,4666,1,5,8,2,0,10,2.33,102997.714045,2542,98331.714045,1,1,0,0,0,1,0,0,0
57,43,1,4,1,2,2,3,5758,2,13,5,8,1,13,1.67,69047.72894688007,12784,63289.72894688007,0,1,0,0,0,0,0,1,1
38,44,3,1,5,1,2,1,7111,3,3,9,5,1,14,2.67,102997.714045,2542,95886.714045,1,0,1,0,0,1,0,0,0
30,1,1,5,4,1,2,2,5069,1,24,8,1,0,9,2.33,102997.714045,2542,97928.714045,0,0,1,0,0,0,0,1,0
56,14,4,4,1,2,3,1,16584,2,26,7,6,1,13,2.0,69047.72894688007,12784,52463.72894688007,0,0,1,0,1,0,0,1,0
25,4,3,1,4,4,2,4,3691,1,7,7,5,1,12,3.33,17372.83423076923,33,13681.83423076923,1,0,1,0,0,0,1,0,1
35,8,3,2,1,4,2,4,9041,1,4,9,0,0,9,2.33,102997.714045,2542,93956.714045,1,0,1,1,0,1,0,0,0
30,48,4,3,4,1,3,3,19366,2,13,6,0,0,6,2.67,69047.72894688007,12784,49681.72894688007,0,0,0,0,1,0,0,1,0
40,2,3,2,2,2,4,3,4327,5,0,0,0,0,0,2.67,91683.75438596492,139,87356.75438596492,0,0,1,0,0,0,0,0,0
24,26,2,3,2,2,1,2,6658,4,19,1,6,1,7,1.67,69047.72894688007,12784,62389.72894688007,0,1,0,0,0,0,0,1,0
43,48,3,4,4,2,2,1,8148,1,28,8,7,1,15,2.67,69047.72894688007,12784,60899.72894688007,1,0,1,1,0,0,0,1,1
23,40,2,1,1,4,4,1,16985,4,7,7,9,1,16,3.0,69047.72894688007,12784,52062.72894688007,0,0,1,0,1,0,1,0,0
44,15,2,5,3,3,1,1,4358,2,9,1,1,0,2,2.33,69047.72894688007,12784,64689.72894688007,1,0,0,0,0,0,1,0,0
46,1,3,1,1,4,3,4,3423,6,7,6,5,1,11,2.67,61845.10984536083,269,58422.10984536083,0,1,0,0,0,0,1,0,0
30,16,2,2,5,1,4,2,9934,4,20,13,1,0,14,3.33,69047.72894688007,12784,59113.72894688007,0,0,1,1,0,0,0,1,0
39,21,2,2,4,1,4,4,6120,3,5,4,1,0,5,3.0,91683.75438596492,139,85563.75438596492,1,0,1,0,0,1,0,0,0
54,2,2,3,3,3,2,3,10686,6,9,4,7,1,11,2.67,91683.75438596492,139,80997.75438596492,0,0,1,1,0,0,1,0,0
26,8,2,5,3,1,4,1,11698,2,3,3,9,1,12,2.67,69047.72894688007,12784,57349.72894688007,0,0,0,1,0,1,0,0,0
27,10,2,5,2,4,2,4,7960,1,2,1,8,1,9,2.67,69047.72894688007,12784,61087.72894688007,0,0,1,1,0,0,0,0,0
31,23,4,4,5,3,4,3,19103,2,26,12,6,1,18,4.0,102997.714045,2542,83894.714045,0,0,0,0,1,0,0,1,0
57,39,2,2,3,3,2,3,15746,3,16,8,5,1,13,2.67,69047.72894688007,12784,53301.72894688007,0,0,0,0,1,0,0,1,1
23,4,3,1,2,3,3,1,3295,1,3,2,1,0,3,2.67,17372.83423076923,33,14077.83423076923,0,1,0,0,0,1,0,0,0
31,47,1,5,4,4,2,3,5969,3,28,8,7,1,15,3.33,69047.72894688007,12784,63078.72894688007,0,0,1,0,0,0,0,1,0
58,10,3,2,5,4,3,1,12127,4,5,14,6,1,20,4.0,69047.72894688007,12784,56920.72894688007,1,0,1,1,0,1,0,0,0
21,41,2,4,5,2,2,4,9142,2,21,6,4,1,10,3.0,102997.714045,2542,93855.714045,1,0,1,1,0,0,0,1,0
38,7,3,2,2,2,3,4,16228,4,27,6,8,1,14,2.33,69047.72894688007,12784,52819.72894688007,0,0,1,0,1,0,0,1,0
36,21,4,1,4,2,1,3,14727,2,3,3,3,1,6,2.33,102997.714045,2542,88270.714045,0,0,1,0,1,1,0,0,0
53,16,4,4,1,1,1,4,17300,1,4,13,0,0,13,1.0,69047.72894688007,12784,51747.72894688007,0,0,0,0,1,1,0,0,0
50,32,1,3,4,4,3,1,15967,3,14,7,6,1,13,3.67,102997.714045,2542,87030.714045,1,0,1,0,1,0,0,1,0
58,49,1,5,3,4,1,1,7332,3,24,12,3,1,15,2.67,102997.714045,2542,95665.714045,0,1,0,0,0,0,0,1,0
33,32,2,4,3,3,1,4,6112,3,25,7,5,1,12,2.33,102997.714045,2542,96885.714045,0,0,0,0,0,0,0,1,0
20,42,1,3,4,4,4,2,13274,3,6,6,8,1,14,4.0,69047.72894688007,12784,55773.72894688007,0,1,0,1,0,0,1,0,0
35,31,4,3,1,4,3,2,10327,1,19,11,6,1,17,2.67,69047.72894688007,12784,58720.72894688007,0,0,0,1,0,0,0,1,0
28,16,3,1,3,3,4,2,7347,4,6,5,5,1,10,3.33,69047.72894688007,12784,61700.72894688007,0,0,1,0,0,0,1,0,0
39,35,1,2,4,3,3,1,9511,2,4,13,9,1,22,3.33,69047.72894688007,12784,59536.72894688007,0,0,0,1,0,1,0,0,0
43,15,3,3,3,2,1,3,12563,3,15,6,2,0,8,2.0,69047.72894688007,12784,56484.72894688007,1,0,1,1,0,0,0,1,0
41,31,1,2,5,4,2,1,3201,2,22,3,7,1,10,3.67,69047.72894688007,12784,65846.72894688007,0,0,0,0,0,0,0,1,0
57,37,2,1,5,1,2,4,5196,1,2,4,8,1,12,2.67,102997.714045,2542,97801.714045,1,1,0,0,0,0,0,0,0
39,3,3,2,3,4,1,2,5238,4,1,0,0,0,0,2.67,91683.75438596492,139,86445.75438596492,1,0,1,0,0,0,0,0,1
29,25,4,5,4,2,2,2,19785,3,8,12,1,0,13,2.67,69047.72894688007,12784,49262.72894688007,0,1,0,0,1,0,1,0,1
47,36,2,2,1,2,2,3,13761,3,26,13,0,0,13,1.67,69047.72894688007,12784,55286.72894688007,1,0,1,0,1,0,0,1,0
41,26,3,3,3,3,3,4,9900,2,14,13,9,1,22,3.0,102997.714045,2542,93097.714045,1,1,0,1,0,0,0,1,1
33,28,2,1,3,2,3,4,4922,2,20,4,2,0,6,2.67,69047.72894688007,12784,64125.72894688007,0,0,0,0,0,0,0,1,0
56,9,3,3,3,1,2,4,4859,1,3,11,7,1,18,2.0,102997.714045,2542,98138.714045,0,0,0,0,0,1,0,0,0
55,26,1,2,4,1,2,4,19241,3,24,11,6,1,17,2.33,69047.72894688007,12784,49806.72894688007,1,0,0,0,1,0,0,1,1
40,1,2,5,4,4,3,3,14044,2,8,5,1,0,6,3.67,69047.72894688007,12784,55003.72894688007,0,0,0,0,1,0,1,0,0
48,47,1,3,3,3,4,1,15177,3,14,14,0,0,14,3.33,102997.714045,2542,87820.714045,0,1,0,0,1,0,0,1,0
23,22,4,3,2,4,4,3,4981,4,19,2,7,1,9,3.33,69047.72894688007,12784,64066.72894688007,0,0,0,0,0,0,0,1,1
31,2,3,2,4,2,3,4,6582,4,6,5,0,0,5,3.0,91683.75438596492,139,85101.75438596492,1,1,0,0,0,0,1,0,0
30,19,3,3,3,2,1,2,17788,1,11,13,1,0,14,2.0,69047.72894688007,12784,51259.72894688007,1,1,0,0,1,0,0,1,1
50,34,1,1,3,3,3,3,4735,2,5,5,0,0,5,3.0,69047.72894688007,12784,64312.72894688007,0,0,1,0,0,1,0,0,0
59,2,4,4,3,3,1,2,7032,1,12,3,2,0,5,2.33,69047.72894688007,12784,62015.72894688007,1,0,0,0,0,0,0,1,1
36,14,2,5,5,4,4,2,6197,4,14,11,1,0,12,4.33,69047.72894688007,12784,62850.72894688007,1,1,0,0,0,0,0,1,0
46,12,2,1,2,2,3,4,14406,3,2,11,7,1,18,2.33,69047.72894688007,12784,54641.72894688007,0,0,0,0,1,0,0,0,0
27,46,3,3,3,3,3,4,7932,3,6,14,2,0,16,3.0,69047.72894688007,12784,61115.72894688007,1,0,1,1,0,0,1,0,0
25,47,3,4,4,4,1,2,10010,2,21,2,9,1,11,3.0,69047.72894688007,12784,59037.72894688007,0,0,1,1,0,0,0,1,0
31,5,3,1,4,3,3,3,4821,0,5,2,0,0,2,3.33,89817.88593023256,119,84996.88593023256,1,0,1,0,0,1,0,0,0
31,5,3,2,3,1,3,3,8346,1,5,2,0,0,2,2.33,91683.75438596492,139,83337.75438596492,0,0,1,1,0,1,0,0,0
43,6,3,1,2,3,3,4,9611,1,9,10,2,0,12,2.67,69047.72894688007,12784,59436.72894688007,0,0,0,1,0,0,1,0,0
44,34,3,3,3,1,2,4,10536,1,19,9,2,0,11,2.0,69047.72894688007,12784,58511.72894688007,0,0,1,1,0,0,0,1,0
46,1,3,3,1,4,3,3,9396,7,4,2,0,0,2,2.67,69047.72894688007,12784,59651.72894688007,0,0,0,1,0,1,0,0,0
29,19,2,2,3,3,3,3,8620,1,10,7,0,0,7,3.0,91683.75438596492,139,83063.75438596492,0,0,0,1,0,0,1,0,0
31,16,4,4,3,3,2,3,7165,3,21,10,6,1,16,2.67,69047.72894688007,12784,61882.72894688007,1,1,0,0,0,0,0,1,0
19,2,2,1,4,2,3,2,1102,1,1,0,1,0,1,3.0,17372.83423076923,33,16270.83423076923,0,1,0,0,0,0,0,0,1
40,2,3,2,2,2,3,3,5677,3,11,8,5,1,13,2.33,91683.75438596492,139,86006.75438596492,0,0,1,0,0,0,0,1,0
28,22,1,5,1,4,4,3,16117,3,2,4,1,0,5,3.0,69047.72894688007,12784,52930.72894688007,1,1,0,0,1,0,0,0,0
52,30,1,3,4,3,3,4,12623,1,7,7,8,1,15,3.33,69047.72894688007,12784,56424.72894688007,0,1,0,1,0,0,1,0,0
55,10,2,4,2,1,4,4,5583,2,17,8,6,1,14,2.33,69047.72894688007,12784,63464.72894688007,1,0,0,0,0,0,0,1,0
24,7,3,1,3,1,4,3,2886,1,6,3,1,0,4,2.67,17372.83423076923,33,14486.83423076923,1,0,1,0,0,0,1,0,1
51,11,2,4,2,4,2,2,13142,3,5,2,0,0,2,2.67,69047.72894688007,12784,55905.72894688007,0,1,0,1,0,1,0,0,0
38,49,3,1,4,2,1,4,10003,4,14,7,1,0,8,2.33,69047.72894688007,12784,59044.72894688007,0,0,0,1,0,0,0,1,1
33,44,2,1,4,1,3,4,3197,3,3,1,6,1,7,2.67,69047.72894688007,12784,65850.72894688007,1,0,0,0,0,1,0,0,0
52,37,1,5,5,2,2,4,16550,2,14,6,7,1,13,3.0,69047.72894688007,12784,52497.72894688007,1,0,1,0,1,0,0,1,0
25,23,1,3,4,1,4,1,11034,1,12,10,5,1,15,3.0,69047.72894688007,12784,58013.72894688007,0,0,0,1,0,0,0,1,1
42,40,4,4,5,4,4,2,15540,1,17,9,3,1,12,4.33,69047.72894688007,12784,53507.72894688007,0,0,0,0,1,0,0,1,1
34,34,1,5,4,4,1,2,16595,2,28,11,8,1,19,3.0,69047.72894688007,12784,52452.72894688007,0,0,0,0,1,0,0,1,0
27,21,4,5,2,1,3,3,5098,3,9,10,9,1,19,2.0,102997.714045,2542,97899.714045,0,1,0,0,0,0,1,0,1
38,31,4,5,4,1,1,1,5580,3,21,14,6,1,20,2.0,69047.72894688007,12784,63467.72894688007,1,1,0,0,0,0,0,1,0
40,32,3,1,4,1,3,2,4397,3,21,12,1,0,13,2.67,69047.72894688007,12784,64650.72894688007,0,0,0,0,0,0,0,1,0
45,2,2,4,4,1,1,3,15690,4,19,5,5,1,10,2.0,102997.714045,2542,87307.714045,0,0,1,0,1,0,0,1,0
33,2,3,1,4,3,4,3,2496,4,1,1,0,0,1,3.67,17372.83423076923,33,14876.83423076923,0,1,0,0,0,0,0,0,0
48,11,4,3,1,4,1,3,16029,3,8,14,5,1,19,2.0,69047.72894688007,12784,53018.72894688007,0,0,1,0,1,0,1,0,0
26,30,2,3,5,1,3,3,5778,2,12,13,0,0,13,3.0,102997.714045,2542,97219.714045,1,1,0,0,0,0,0,1,0
30,8,2,5,2,2,3,1,19257,3,10,13,1,0,14,2.33,69047.72894688007,12784,49790.72894688007,0,0,0,0,1,0,1,0,1
21,29,3,3,4,2,2,3,12863,4,14,3,1,0,4,2.67,69047.72894688007,12784,56184.72894688007,0,1,0,1,0,0,0,1,0
57,13,3,5,5,1,2,1,9853,3,5,4,2,0,6,2.67,69047.72894688007,12784,59194.72894688007,0,1,0,1,0,1,0,0,1
31,37,4,2,4,1,1,2,7044,1,23,8,8,1,16,2.0,69047.72894688007,12784,62003.72894688007,1,1,0,0,0,0,0,1,1
23,7,2,5,5,4,4,3,4788,3,26,3,0,0,3,4.33,69047.72894688007,12784,64259.72894688007,1,0,1,0,0,0,0,1,0
34,33,2,3,1,1,2,2,15092,4,7,14,1,0,15,1.33,102997.714045,2542,87905.714045,0,0,0,0,1,0,1,0,0
39,21,3,5,2,4,2,4,13629,3,17,11,9,1,20,2.67,69047.72894688007,12784,55418.72894688007,1,0,1,1,0,0,0,1,0
58,32,4,2,3,2,2,4,6917,4,12,13,0,0,13,2.33,69047.72894688007,12784,62130.72894688007,1,1,0,0,0,0,0,1,1
24,34,1,2,5,1,4,1,5640,1,13,7,8,1,15,3.33,69047.72894688007,12784,63407.72894688007,0,1,0,0,0,0,0,1,0
43,5,4,4,5,3,1,2,11628,3,22,2,1,0,3,3.0,69047.72894688007,12784,57419.72894688007,0,1,0,1,0,0,0,1,0
59,27,3,2,3,1,4,2,17758,2,19,13,3,1,16,2.67,69047.72894688007,12784,51289.72894688007,1,0,1,0,1,0,0,1,0
58,15,1,1,3,3,3,2,18150,4,13,7,1,0,8,3.0,69047.72894688007,12784,50897.72894688007,0,0,0,0,1,0,0,1,1
22,49,3,4,4,4,4,2,14327,4,24,10,3,1,13,4.0,69047.72894688007,12784,54720.72894688007,0,0,0,0,1,0,0,1,0
38,16,4,1,5,4,2,4,11376,1,9,8,6,1,14,3.67,102997.714045,2542,91621.714045,0,0,0,1,0,0,1,0,1
23,1,2,4,4,3,4,2,9038,4,25,4,3,1,7,3.67,69047.72894688007,12784,60009.72894688007,1,0,0,1,0,0,0,1,0
54,29,3,2,5,4,3,1,13460,4,10,4,6,1,10,4.0,69047.72894688007,12784,55587.72894688007,1,0,1,1,0,0,1,0,1
34,49,3,3,1,4,4,3,10007,3,9,14,8,1,22,3.0,102997.714045,2542,92990.714045,0,1,0,1,0,0,1,0,0
31,6,2,4,4,4,2,2,6617,4,6,8,3,1,11,3.33,102997.714045,2542,96380.714045,1,1,0,0,0,0,1,0,1
44,38,3,2,1,1,3,1,6707,3,2,11,7,1,18,1.67,69047.72894688007,12784,62340.72894688007,0,0,0,0,0,0,0,0,0
39,9,3,4,3,4,4,3,4651,2,19,13,1,0,14,3.67,69047.72894688007,12784,64396.72894688007,0,0,1,0,0,0,0,1,0
48,10,4,4,4,1,1,1,18918,4,10,2,0,0,2,2.0,102997.714045,2542,84079.714045,0,0,0,0,1,0,1,0,0
43,15,1,3,5,4,1,3,17512,1,27,10,5,1,15,3.33,69047.72894688007,12784,51535.72894688007,1,0,1,0,1,0,0,1,0
35,4,2,3,3,2,1,1,5112,3,13,11,0,0,11,2.0,102997.714045,2542,97885.714045,1,1,0,0,0,0,0,1,1
47,7,4,1,4,4,3,2,11487,1,16,12,3,1,15,3.67,102997.714045,2542,91510.714045,1,0,1,1,0,0,0,1,0
29,1,1,1,4,2,4,3,2720,1,10,7,2,0,9,3.33,89817.88593023256,119,87097.88593023256,0,0,0,0,0,0,1,0,0
31,36,1,4,3,4,3,2,17102,3,28,6,2,0,8,3.33,69047.72894688007,12784,51945.72894688007,0,0,0,0,1,0,0,1,0
42,8,4,2,1,3,1,1,10627,3,26,6,9,1,15,1.67,69047.72894688007,12784,58420.72894688007,1,0,0,1,0,0,0,1,0
43,45,2,2,5,4,1,2,19374,3,4,3,8,1,11,3.33,69047.72894688007,12784,49673.72894688007,1,0,1,0,1,1,0,0,0
31,35,3,2,2,2,2,1,18762,2,13,6,4,1,10,2.0,69047.72894688007,12784,50285.72894688007,0,1,0,0,1,0,0,1,0
25,44,3,2,4,3,1,3,18285,3,21,6,2,0,8,2.67,69047.72894688007,12784,50762.72894688007,0,0,1,0,1,0,0,1,1
32,7,2,3,2,1,3,3,4896,2,24,9,6,1,15,2.0,102997.714045,2542,98101.714045,0,1,0,0,0,0,0,1,0
23,27,2,1,2,4,1,1,17480,1,25,6,0,0,6,2.33,69047.72894688007,12784,51567.72894688007,1,0,0,0,1,0,0,1,0
32,7,3,1,5,4,3,1,13189,3,21,14,2,0,16,4.0,69047.72894688007,12784,55858.72894688007,0,0,1,1,0,0,0,1,1
32,6,4,3,2,2,4,3,15719,3,27,1,6,1,7,2.67,69047.72894688007,12784,53328.72894688007,0,0,0,0,1,0,0,1,0
24,24,1,1,3,3,2,3,7304,2,12,2,8,1,10,2.67,69047.72894688007,12784,61743.72894688007,1,1,0,0,0,0,0,1,0
32,42,2,3,4,2,1,4,13743,1,4,14,4,1,18,2.33,69047.72894688007,12784,55304.72894688007,1,0,1,0,1,1,0,0,0
40,34,2,5,3,3,1,3,18289,4,3,6,1,0,7,2.33,69047.72894688007,12784,50758.72894688007,0,0,0,0,1,1,0,0,1
36,40,2,1,1,3,3,3,13668,2,21,10,0,0,10,2.33,69047.72894688007,12784,55379.72894688007,0,0,1,1,0,0,0,1,0
50,32,2,4,2,1,4,2,9769,2,4,14,0,0,14,2.33,69047.72894688007,12784,59278.72894688007,0,0,0,1,0,1,0,0,0
26,25,1,1,3,1,3,2,2293,1,1,0,0,0,0,2.33,17372.83423076923,33,15079.83423076923,0,1,0,0,0,0,0,0,1
57,31,3,3,5,3,3,1,8991,2,27,8,1,0,9,3.67,69047.72894688007,12784,60056.72894688007,0,1,0,1,0,0,0,1,0
42,15,2,1,4,2,3,4,12425,1,23,4,4,1,8,3.0,69047.72894688007,12784,56622.72894688007,1,0,1,1,0,0,0,1,0
58,41,2,3,4,1,1,4,19614,3,12,1,1,0,2,2.0,69047.72894688007,12784,49433.72894688007,1,0,1,0,1,0,0,1,0
21,4,2,4,4,1,2,4,19433,4,20,1,7,1,8,2.33,69047.72894688007,12784,49614.72894688007,1,0,0,0,1,0,0,1,0
21,1,2,1,2,4,3,4,2070,1,2,2,2,0,4,3.0,89817.88593023256,119,87747.88593023256,1,1,0,0,0,0,0,0,0
45,34,4,2,5,2,1,1,4298,4,28,6,1,0,7,2.67,69047.72894688007,12784,64749.72894688007,0,1,0,0,0,0,0,1,0
21,39,2,1,2,4,1,4,5263,4,18,2,7,1,9,2.33,69047.72894688007,12784,63784.72894688007,0,1,0,0,0,0,0,1,0
32,31,1,2,3,3,3,2,10254,1,10,5,3,1,8,3.0,69047.72894688007,12784,58793.72894688007,0,0,1,1,0,0,1,0,0
52,6,2,3,3,3,3,4,18658,4,23,8,0,0,8,3.0,69047.72894688007,12784,50389.72894688007,0,1,0,0,1,0,0,1,0
51,10,1,3,4,1,1,3,9018,1,15,14,8,1,22,2.0,69047.72894688007,12784,60029.72894688007,0,1,0,1,0,0,0,1,0
24,28,1,3,4,2,1,4,12191,2,18,14,2,0,16,2.33,69047.72894688007,12784,56856.72894688007,1,0,0,1,0,0,0,1,0
22,21,2,1,4,3,2,1,17147,1,11,9,9,1,18,3.0,69047.72894688007,12784,51900.72894688007,0,1,0,0,1,0,0,1,0
52,14,2,4,4,4,2,2,10824,3,2,5,2,0,7,3.33,69047.72894688007,12784,58223.72894688007,0,0,0,1,0,0,0,0,1
35,15,3,5,2,1,4,2,5368,3,1,2,3,1,5,2.33,69047.72894688007,12784,63679.72894688007,0,0,0,0,0,0,0,0,1
58,3,4,3,1,1,2,2,4816,2,25,8,6,1,14,1.33,69047.72894688007,12784,64231.72894688007,1,0,1,0,0,0,0,1,1
36,42,2,5,5,2,1,2,14400,1,28,4,4,1,8,2.67,69047.72894688007,12784,54647.72894688007,0,0,1,0,1,0,0,1,0
40,4,1,4,2,2,1,1,6343,1,26,5,0,0,5,1.67,69047.72894688007,12784,62704.72894688007,1,0,0,0,0,0,0,1,0
58,47,2,4,4,4,2,4,12851,3,18,13,0,0,13,3.33,102997.714045,2542,90146.714045,0,1,0,1,0,0,0,1,0
47,49,4,5,4,1,4,1,4486,2,16,6,7,1,13,3.0,102997.714045,2542,98511.714045,0,0,0,0,0,0,0,1,0
26,1,2,5,1,1,4,2,14263,4,23,5,3,1,8,2.0,102997.714045,2542,88734.714045,1,0,1,0,1,0,0,1,0
51,28,2,2,2,4,1,3,10804,2,27,6,5,1,11,2.33,102997.714045,2542,92193.714045,1,0,0,1,0,0,0,1,1
38,3,1,4,3,2,1,3,16750,4,24,6,0,0,6,2.0,69047.72894688007,12784,52297.72894688007,0,0,1,0,1,0,0,1,0
25,10,4,3,3,4,1,3,5046,3,26,3,6,1,9,2.67,102997.714045,2542,97951.714045,0,1,0,0,0,0,0,1,0
20,26,3,4,3,4,1,1,7503,1,13,3,6,1,9,2.67,69047.72894688007,12784,61544.72894688007,1,1,0,0,0,0,0,1,0
51,12,1,2,3,3,2,2,12452,4,23,14,0,0,14,2.67,69047.72894688007,12784,56595.72894688007,0,1,0,1,0,0,0,1,0
37,6,3,4,2,3,1,1,9050,1,22,3,4,1,7,2.0,102997.714045,2542,93947.714045,1,0,0,1,0,0,0,1,0
41,29,3,5,5,3,1,3,17130,2,28,3,0,0,3,3.0,69047.72894688007,12784,51917.72894688007,1,0,0,0,1,0,0,1,1
26,42,3,3,1,2,1,1,6201,4,29,9,6,1,15,1.33,69047.72894688007,12784,62846.72894688007,0,0,0,0,0,0,0,1,0
25,30,2,3,2,3,4,1,17723,2,5,3,2,0,5,3.0,102997.714045,2542,85274.714045,1,0,0,0,1,1,0,0,1
23,4,3,1,4,3,3,3,8553,4,6,2,6,1,8,3.33,69047.72894688007,12784,60494.72894688007,1,1,0,1,0,0,1,0,0
34,1,4,1,4,2,3,3,3280,2,4,2,1,0,3,3.0,89817.88593023256,119,86537.88593023256,0,1,0,0,0,1,0,0,0
31,22,1,1,3,1,2,4,3555,4,25,5,6,1,11,2.0,69047.72894688007,12784,65492.72894688007,0,1,0,0,0,0,0,1,1
42,31,3,5,1,1,2,1,17046,3,6,12,2,0,14,1.33,69047.72894688007,12784,52001.72894688007,1,1,0,0,1,0,1,0,1
31,46,4,3,4,1,4,4,9030,2,2,9,9,1,18,3.0,69047.72894688007,12784,60017.72894688007,0,0,1,1,0,0,0,0,1
36,36,3,4,5,2,1,2,12603,4,13,12,2,0,14,2.67,69047.72894688007,12784,56444.72894688007,1,1,0,1,0,0,0,1,0
40,38,3,1,5,2,2,1,10956,4,8,6,1,0,7,3.0,69047.72894688007,12784,58091.72894688007,1,0,1,1,0,0,1,0,0
34,43,3,5,4,2,1,1,12717,3,29,13,2,0,15,2.33,102997.714045,2542,90280.714045,0,0,0,1,0,0,0,1,1
46,28,3,4,1,1,4,3,4814,4,2,4,5,1,9,2.0,69047.72894688007,12784,64233.72894688007,0,0,1,0,0,0,0,0,0
35,7,3,2,4,3,4,3,5204,1,10,8,0,0,8,3.67,91683.75438596492,139,86479.75438596492,1,0,1,0,0,0,1,0,0
24,39,4,4,4,3,2,4,8942,1,22,3,1,0,4,3.0,102997.714045,2542,94055.714045,0,1,0,1,0,0,0,1,0
31,44,4,4,5,1,3,1,18716,2,7,3,5,1,8,3.0,69047.72894688007,12784,50331.72894688007,1,1,0,0,1,0,1,0,1
32,11,4,5,4,3,3,3,14960,2,7,1,1,0,2,3.33,102997.714045,2542,88037.714045,1,0,0,0,1,0,1,0,0
35,16,2,3,2,4,4,1,8606,1,11,8,3,1,11,3.33,69047.72894688007,12784,60441.72894688007,0,1,0,1,0,0,0,1,0
24,28,4,4,2,4,4,1,9670,4,24,8,1,0,9,3.33,69047.72894688007,12784,59377.72894688007,0,0,1,1,0,0,0,1,0
41,39,4,1,3,2,3,3,9489,4,9,8,0,0,8,2.67,69047.72894688007,12784,59558.72894688007,1,1,0,1,0,0,1,0,0
42,17,4,1,3,4,3,4,7208,4,20,9,0,0,9,3.33,69047.72894688007,12784,61839.72894688007,0,1,0,0,0,0,0,1,0
41,16,4,5,4,3,3,3,4144,3,24,2,1,0,3,3.33,69047.72894688007,12784,64903.72894688007,0,1,0,0,0,0,0,1,0
52,6,3,4,5,4,3,1,5150,4,1,4,5,1,9,4.0,102997.714045,2542,97847.714045,1,0,1,0,0,0,0,0,0
37,24,4,2,4,1,1,1,10053,4,26,13,9,1,22,2.0,69047.72894688007,12784,58994.72894688007,1,0,0,1,0,0,0,1,1
33,10,4,3,3,4,4,3,8380,0,9,8,0,0,8,3.67,91683.75438596492,139,83303.75438596492,1,0,0,1,0,0,1,0,0
22,33,3,3,1,2,2,1,14692,2,14,9,8,1,17,1.67,69047.72894688007,12784,54355.72894688007,1,0,0,0,1,0,0,1,0
37,1,1,2,4,3,3,2,9525,1,6,3,1,0,4,3.33,91683.75438596492,139,82158.75438596492,0,0,0,1,0,0,1,0,0
32,43,4,4,3,2,1,4,14298,2,26,2,5,1,7,2.0,69047.72894688007,12784,54749.72894688007,0,0,0,0,1,0,0,1,0
50,26,3,2,3,3,3,2,3251,2,15,7,5,1,12,3.0,69047.72894688007,12784,65796.72894688007,1,0,0,0,0,0,0,1,0
29,7,2,1,4,1,3,3,2532,6,4,3,0,0,3,2.67,17372.83423076923,33,14840.83423076923,0,0,0,0,0,1,0,0,0
55,18,3,2,2,3,4,3,6385,3,8,7,6,1,13,3.0,69047.72894688007,12784,62662.72894688007,1,0,1,0,0,0,1,0,0
56,39,2,4,5,1,4,3,10557,2,16,2,5,1,7,3.33,102997.714045,2542,92440.714045,0,1,0,1,0,0,0,1,0
25,15,2,3,2,3,3,2,11411,2,7,10,0,0,10,2.67,102997.714045,2542,91586.714045,1,0,1,1,0,0,1,0,0
48,40,4,5,2,3,3,1,8184,2,9,1,5,1,6,2.67,69047.72894688007,12784,60863.72894688007,0,0,0,1,0,0,1,0,1
51,12,4,3,2,2,3,4,5517,1,20,6,2,0,8,2.33,69047.72894688007,12784,63530.72894688007,0,0,0,0,0,0,0,1,1
51,33,4,5,4,2,1,4,10136,3,4,12,6,1,18,2.33,69047.72894688007,12784,58911.72894688007,1,0,1,1,0,1,0,0,0
20,47,1,3,2,1,4,4,6473,2,14,3,1,0,4,2.33,69047.72894688007,12784,62574.72894688007,1,0,0,0,0,0,0,1,0
48,24,2,3,4,2,4,1,6185,4,2,4,0,0,4,3.33,69047.72894688007,12784,62862.72894688007,1,0,0,0,0,0,0,0,0
43,39,4,3,1,1,3,1,10011,2,22,14,8,1,22,1.67,69047.72894688007,12784,59036.72894688007,1,0,0,1,0,0,0,1,0
55,12,1,5,3,1,3,4,4850,3,10,7,7,1,14,2.33,69047.72894688007,12784,64197.72894688007,1,0,0,0,0,0,1,0,0
47,44,4,1,3,4,3,3,12901,2,13,4,7,1,11,3.33,102997.714045,2542,90096.714045,1,0,1,1,0,0,0,1,0
32,35,3,5,1,3,3,3,11258,1,27,5,3,1,8,2.33,69047.72894688007,12784,57789.72894688007,0,1,0,1,0,0,0,1,0
38,22,1,3,1,2,4,3,5511,4,8,10,1,0,11,2.33,69047.72894688007,12784,63536.72894688007,1,1,0,0,0,0,1,0,0
49,37,1,4,2,3,1,4,19204,4,23,1,1,0,2,2.0,69047.72894688007,12784,49843.72894688007,1,0,1,0,1,0,0,1,0
39,5,3,1,4,4,1,3,18948,2,12,10,9,1,19,3.0,69047.72894688007,12784,50099.72894688007,0,0,0,0,1,0,0,1,0
51,37,3,3,2,3,4,4,11015,4,9,4,0,0,4,3.0,69047.72894688007,12784,58032.72894688007,1,1,0,1,0,0,1,0,0
45,29,2,4,1,4,4,2,18712,2,29,12,5,1,17,3.0,69047.72894688007,12784,50335.72894688007,0,1,0,0,1,0,0,1,1
27,11,2,1,2,2,2,2,6858,1,16,9,0,0,9,2.0,69047.72894688007,12784,62189.72894688007,1,0,1,0,0,0,0,1,0
31,40,1,4,3,1,2,3,3899,2,20,10,4,1,14,2.0,69047.72894688007,12784,65148.72894688007,1,0,1,0,0,0,0,1,0
46,16,4,1,3,2,1,2,10425,2,29,9,5,1,14,2.0,102997.714045,2542,92572.714045,0,0,0,1,0,0,0,1,0
54,49,4,1,5,1,1,1,12470,2,22,9,3,1,12,2.33,69047.72894688007,12784,56577.72894688007,1,1,0,1,0,0,0,1,1
50,2,3,4,1,4,3,3,17856,2,2,2,2,0,4,2.67,102997.714045,2542,85141.714045,0,0,1,0,1,0,0,0,0
55,8,3,4,3,4,3,3,14756,2,5,0,0,0,0,3.33,102997.714045,2542,88241.714045,1,0,0,0,1,1,0,0,0
55,6,3,3,4,1,1,3,17235,1,4,3,1,0,4,2.0,102997.714045,2542,85762.714045,1,1,0,0,1,1,0,0,1
48,8,4,5,5,3,4,3,17658,4,7,5,6,1,11,4.0,69047.72894688007,12784,51389.72894688007,0,0,0,0,1,0,1,0,0
48,19,2,1,5,4,2,3,18105,4,14,9,8,1,17,3.67,69047.72894688007,12784,50942.72894688007,0,1,0,0,1,0,0,1,0
29,27,1,1,2,2,1,4,17643,3,14,9,5,1,14,1.67,102997.714045,2542,85354.714045,0,0,1,0,1,0,0,1,0
51,27,4,3,2,4,3,3,12758,4,18,11,5,1,16,3.0,102997.714045,2542,90239.714045,0,0,1,1,0,0,0,1,0
30,39,1,5,4,2,4,1,4184,1,12,8,7,1,15,3.33,69047.72894688007,12784,64863.72894688007,1,0,0,0,0,0,0,1,1
43,8,4,1,4,2,4,4,9331,2,8,13,0,0,13,3.33,102997.714045,2542,93666.714045,0,1,0,1,0,0,1,0,1
42,37,4,1,5,1,4,1,18573,3,1,4,4,1,8,3.33,69047.72894688007,12784,50474.72894688007,1,0,0,0,1,0,0,0,0
20,37,4,5,3,3,1,1,3001,4,23,12,5,1,17,2.33,69047.72894688007,12784,66046.72894688007,1,0,1,0,0,0,0,1,0
20,9,3,1,1,4,1,3,2728,1,2,2,0,0,2,2.0,69047.72894688007,12784,66319.72894688007,0,1,0,0,0,0,0,0,0
54,8,4,4,5,4,1,2,13379,1,6,2,4,1,6,3.33,69047.72894688007,12784,55668.72894688007,0,0,0,1,0,0,1,0,0
46,10,3,3,2,3,3,3,7314,5,8,7,0,0,7,2.67,91683.75438596492,139,84369.75438596492,0,0,1,0,0,0,1,0,1
44,28,3,5,5,3,2,4,4395,2,3,4,0,0,4,3.33,69047.72894688007,12784,64652.72894688007,0,0,1,0,0,1,0,0,0
31,19,2,1,5,4,2,2,17930,3,2,4,5,1,9,3.67,69047.72894688007,12784,51117.72894688007,0,0,0,0,1,0,0,0,0
20,44,3,5,2,3,4,1,12510,2,21,4,4,1,8,3.0,102997.714045,2542,90487.714045,0,1,0,1,0,0,0,1,1
37,20,2,3,4,2,1,1,12327,4,12,5,5,1,10,2.33,102997.714045,2542,90670.714045,0,0,0,1,0,0,0,1,0
37,13,1,5,5,3,4,2,16377,3,29,7,6,1,13,4.0,69047.72894688007,12784,52670.72894688007,1,1,0,0,1,0,0,1,0
30,46,3,2,3,1,3,1,15529,2,6,10,6,1,16,2.33,69047.72894688007,12784,53518.72894688007,0,0,0,0,1,0,1,0,0
28,23,3,1,5,4,1,1,10925,4,7,7,8,1,15,3.33,69047.72894688007,12784,58122.72894688007,1,1,0,1,0,0,1,0,0
37,17,4,4,1,2,2,4,9418,4,24,3,7,1,10,1.67,69047.72894688007,12784,59629.72894688007,0,1,0,1,0,0,0,1,1
42,33,2,3,2,2,4,2,3082,1,23,11,8,1,19,2.67,69047.72894688007,12784,65965.72894688007,0,0,0,0,0,0,0,1,0
54,19,1,2,4,3,3,1,17039,4,18,5,2,0,7,3.33,102997.714045,2542,85958.714045,0,0,1,0,1,0,0,1,0
32,1,2,1,1,1,3,1,14572,3,26,13,2,0,15,1.67,69047.72894688007,12784,54475.72894688007,0,0,0,0,1,0,0,1,0
28,8,1,5,1,2,2,3,8189,3,19,12,8,1,20,1.67,69047.72894688007,12784,60858.72894688007,1,0,1,1,0,0,0,1,0
42,47,2,3,5,1,1,2,7884,3,23,6,7,1,13,2.33,69047.72894688007,12784,61163.72894688007,0,0,0,1,0,0,0,1,0
53,44,1,5,3,1,2,1,11515,2,24,1,0,0,1,2.0,69047.72894688007,12784,57532.72894688007,1,0,0,1,0,0,0,1,0
47,14,4,2,4,3,4,3,18907,2,4,12,0,0,12,3.67,102997.714045,2542,84090.714045,1,0,1,0,1,1,0,0,1
56,4,3,5,1,4,4,3,19943,4,5,2,4,1,6,3.0,102997.714045,2542,83054.714045,0,0,0,0,1,1,0,0,0
38,34,3,2,3,4,4,1,18741,4,21,1,7,1,8,3.67,102997.714045,2542,84256.714045,0,0,1,0,1,0,0,1,0
26,28,2,3,1,2,2,3,14898,4,5,11,9,1,20,1.67,102997.714045,2542,88099.714045,0,0,0,0,1,1,0,0,0
30,31,4,3,5,2,4,2,5043,2,18,13,4,1,17,3.67,69047.72894688007,12784,64004.72894688007,1,0,1,0,0,0,0,1,0
29,10,1,3,2,1,4,4,19193,2,21,12,1,0,13,2.33,69047.72894688007,12784,49854.72894688007,0,1,0,0,1,0,0,1,0
37,21,4,3,4,2,3,1,18241,2,26,1,1,0,2,3.0,69047.72894688007,12784,50806.72894688007,1,1,0,0,1,0,0,1,0
27,31,1,4,1,1,3,3,5341,1,29,8,6,1,14,1.67,69047.72894688007,12784,63706.72894688007,0,1,0,0,0,0,0,1,0
20,4,2,3,1,2,2,4,18387,4,16,7,6,1,13,1.67,69047.72894688007,12784,50660.72894688007,1,1,0,0,1,0,0,1,0
31,13,1,1,4,1,4,1,16874,1,6,6,5,1,11,3.0,69047.72894688007,12784,52173.72894688007,1,0,1,0,1,0,1,0,1
44,34,2,5,3,4,1,3,18073,3,21,14,0,0,14,2.67,69047.72894688007,12784,50974.72894688007,0,0,1,0,1,0,0,1,0
45,1,3,3,2,1,1,3,7441,1,10,8,7,1,15,1.33,69047.72894688007,12784,61606.72894688007,0,0,0,0,0,0,1,0,0
42,29,3,3,4,2,3,2,5662,2,27,11,9,1,20,3.0,69047.72894688007,12784,63385.72894688007,1,1,0,0,0,0,0,1,0
28,21,3,1,4,3,3,1,2713,1,5,2,0,0,2,3.33,89817.88593023256,119,87104.88593023256,0,0,1,0,0,1,0,0,0
49,38,4,5,2,2,3,3,17279,3,24,9,0,0,9,2.33,69047.72894688007,12784,51768.72894688007,1,0,0,0,1,0,0,1,0
27,34,1,1,2,2,2,4,15818,2,1,12,0,0,12,2.0,69047.72894688007,12784,53229.72894688007,1,0,0,0,1,0,0,0,0
44,41,4,4,3,1,3,2,16947,4,24,7,5,1,12,2.33,69047.72894688007,12784,52100.72894688007,0,1,0,0,1,0,0,1,1
26,11,2,3,1,1,2,3,9065,3,15,4,2,0,6,1.33,69047.72894688007,12784,59982.72894688007,1,0,1,1,0,0,0,1,0
38,15,1,2,3,1,3,1,8124,4,11,14,8,1,22,2.33,69047.72894688007,12784,60923.72894688007,0,0,1,1,0,0,0,1,0
25,26,3,2,4,3,2,2,6180,1,6,5,1,0,6,3.0,91683.75438596492,139,85503.75438596492,0,1,0,0,0,0,1,0,0
30,28,4,4,5,2,1,1,17963,3,16,9,1,0,10,2.67,69047.72894688007,12784,51084.72894688007,1,0,0,0,1,0,0,1,0
23,30,1,2,4,3,3,3,19618,4,23,6,5,1,11,3.33,69047.72894688007,12784,49429.72894688007,0,0,0,0,1,0,0,1,1
57,36,4,2,3,4,4,1,4545,3,16,10,1,0,11,3.67,69047.72894688007,12784,64502.72894688007,1,0,0,0,0,0,0,1,0
29,37,4,1,4,4,3,3,10929,4,3,11,7,1,18,3.67,69047.72894688007,12784,58118.72894688007,1,0,1,1,0,1,0,0,0
44,15,2,4,1,1,4,4,13255,3,4,12,5,1,17,2.0,69047.72894688007,12784,55792.72894688007,1,0,0,1,0,1,0,0,0
44,16,4,1,5,4,1,4,18791,4,11,7,0,0,7,3.33,69047.72894688007,12784,50256.72894688007,0,1,0,0,1,0,0,1,0
39,21,2,2,4,1,1,4,3717,2,2,7,0,0,7,2.0,69047.72894688007,12784,65330.72894688007,0,0,1,0,0,0,0,0,0
37,44,1,1,1,3,1,2,4405,3,6,12,4,1,16,1.67,69047.72894688007,12784,64642.72894688007,1,1,0,0,0,0,1,0,1
24,2,3,1,5,1,2,2,9077,4,3,5,8,1,13,2.67,69047.72894688007,12784,59970.72894688007,0,0,0,1,0,1,0,0,1
58,31,2,3,2,3,3,3,15961,4,1,6,4,1,10,2.67,69047.72894688007,12784,53086.72894688007,0,0,0,0,1,0,0,0,0
56,23,3,1,5,1,3,2,6079,1,9,8,8,1,16,3.0,69047.72894688007,12784,62968.72894688007,0,0,0,0,0,0,1,0,0
59,16,3,5,3,3,2,2,17491,2,17,6,4,1,10,2.67,69047.72894688007,12784,51556.72894688007,0,1,0,0,1,0,0,1,1
36,22,3,1,4,3,1,1,14125,2,25,6,6,1,12,2.67,69047.72894688007,12784,54922.72894688007,0,1,0,0,1,0,0,1,0
55,9,2,1,4,2,1,3,8741,3,2,9,2,0,11,2.33,69047.72894688007,12784,60306.72894688007,1,1,0,1,0,0,0,0,1
49,4,4,3,2,3,2,1,19687,4,23,12,2,0,14,2.33,69047.72894688007,12784,49360.72894688007,0,0,1,0,1,0,0,1,0
47,14,4,2,5,1,4,3,9995,3,7,14,9,1,23,3.33,69047.72894688007,12784,59052.72894688007,1,0,1,1,0,0,1,0,0
32,37,3,3,1,4,4,2,4809,4,2,3,1,0,4,3.0,102997.714045,2542,98188.714045,1,0,0,0,0,0,0,0,0
45,13,2,5,4,3,2,3,10300,3,9,4,8,1,12,3.0,69047.72894688007,12784,58747.72894688007,0,1,0,1,0,0,1,0,0
40,11,1,4,5,4,1,2,4145,1,22,14,2,0,16,3.33,69047.72894688007,12784,64902.72894688007,1,0,0,0,0,0,0,1,0
33,22,3,2,2,3,1,4,6146,0,7,7,0,0,7,2.0,91683.75438596492,139,85537.75438596492,0,0,1,0,0,0,1,0,0
22,16,3,5,2,3,2,4,14734,2,19,2,4,1,6,2.33,69047.72894688007,12784,54313.72894688007,1,0,1,0,1,0,0,1,0
27,32,2,1,2,2,2,1,6018,4,16,4,3,1,7,2.0,69047.72894688007,12784,63029.72894688007,1,1,0,0,0,0,0,1,0
53,7,3,5,3,4,2,3,18606,3,7,7,4,1,11,3.0,102997.714045,2542,84391.714045,0,0,0,0,1,0,1,0,0
22,4,1,5,2,1,2,4,7078,4,12,3,1,0,4,1.67,102997.714045,2542,95919.714045,1,0,1,0,0,0,0,1,0
21,15,3,1,4,3,4,3,1232,1,0,0,0,0,0,3.67,89817.88593023256,119,88585.88593023256,0,1,0,0,0,0,0,0,0
25,18,2,2,3,2,2,3,4985,2,29,3,2,0,5,2.33,102997.714045,2542,98012.714045,0,0,1,0,0,0,0,1,1
44,15,3,2,4,3,3,2,10819,2,11,12,5,1,17,3.33,69047.72894688007,12784,58228.72894688007,0,1,0,1,0,0,0,1,0
21,18,3,1,2,4,1,1,13656,2,18,4,7,1,11,2.33,102997.714045,2542,89341.714045,1,0,0,1,0,0,0,1,1
43,42,2,3,5,4,4,2,19763,4,1,5,5,1,10,4.33,69047.72894688007,12784,49284.72894688007,1,1,0,0,1,0,0,0,0
32,11,1,1,2,1,3,2,17469,4,29,3,6,1,9,2.0,102997.714045,2542,85528.714045,1,1,0,0,1,0,0,1,1
56,35,4,1,1,3,4,1,3672,2,4,10,7,1,17,2.67,69047.72894688007,12784,65375.72894688007,1,0,0,0,0,1,0,0,0
20,16,1,3,3,1,2,1,5760,4,19,6,0,0,6,2.0,102997.714045,2542,97237.714045,0,0,0,0,0,0,0,1,0
37,18,1,1,2,1,4,2,15478,4,19,3,6,1,9,2.33,69047.72894688007,12784,53569.72894688007,0,0,1,0,1,0,0,1,0
28,17,4,5,1,3,2,4,19350,2,17,6,1,0,7,2.0,69047.72894688007,12784,49697.72894688007,1,1,0,0,1,0,0,1,1
53,9,3,5,3,2,1,2,11568,4,22,4,0,0,4,2.0,69047.72894688007,12784,57479.72894688007,1,0,0,1,0,0,0,1,0
24,47,3,1,1,2,2,2,17763,2,22,5,8,1,13,1.67,69047.72894688007,12784,51284.72894688007,0,1,0,0,1,0,0,1,0
45,26,2,4,1,1,2,1,14251,2,24,11,8,1,19,1.33,102997.714045,2542,88746.714045,1,0,0,0,1,0,0,1,0
52,41,3,5,3,1,4,2,14827,1,26,12,2,0,14,2.67,69047.72894688007,12784,54220.72894688007,0,0,1,0,1,0,0,1,0
34,24,2,4,1,2,4,3,3586,4,13,6,4,1,10,2.33,69047.72894688007,12784,65461.72894688007,1,0,0,0,0,0,0,1,0
22,29,3,3,2,2,1,3,13648,1,16,1,7,1,8,1.67,102997.714045,2542,89349.714045,0,1,0,1,0,0,0,1,1
28,39,1,2,1,1,3,2,15430,1,25,7,1,0,8,1.67,69047.72894688007,12784,53617.72894688007,1,1,0,0,1,0,0,1,0
49,8,2,2,2,3,4,3,5130,1,10,7,1,0,8,3.0,89817.88593023256,119,84687.88593023256,0,0,1,0,0,0,1,0,0
56,35,1,4,2,2,3,2,9276,1,2,2,3,1,5,2.33,102997.714045,2542,93721.714045,0,1,0,1,0,0,0,0,0
47,41,4,3,4,4,2,3,18586,1,4,5,6,1,11,3.33,69047.72894688007,12784,50461.72894688007,1,0,1,0,1,1,0,0,0
25,36,3,5,3,4,1,3,3780,2,7,5,3,1,8,2.67,102997.714045,2542,99217.714045,1,0,1,0,0,0,1,0,1
46,3,4,4,1,1,4,3,13225,2,19,17,2,0,19,2.0,91683.75438596492,139,78458.75438596492,0,0,0,1,0,0,0,1,0
36,22,3,5,4,1,3,3,18802,2,7,1,3,1,4,2.67,69047.72894688007,12784,50245.72894688007,0,0,0,0,1,0,1,0,0
22,35,3,5,3,4,1,2,19739,2,22,5,2,0,7,2.67,102997.714045,2542,83258.714045,0,0,1,0,1,0,0,1,0
59,22,1,2,4,2,3,4,9553,4,26,2,1,0,3,3.0,69047.72894688007,12784,59494.72894688007,1,0,1,1,0,0,0,1,0
52,48,3,5,5,3,3,3,16162,3,8,1,3,1,4,3.67,69047.72894688007,12784,52885.72894688007,1,0,0,0,1,0,1,0,0
42,19,3,3,1,4,2,4,6663,4,26,13,7,1,20,2.33,102997.714045,2542,96334.714045,1,0,0,0,0,0,0,1,0
32,3,4,3,3,3,1,4,10051,3,29,11,8,1,19,2.33,102997.714045,2542,92946.714045,1,0,1,1,0,0,0,1,0
35,16,1,4,4,4,4,1,19840,3,15,6,0,0,6,4.0,102997.714045,2542,83157.714045,0,0,1,0,1,0,0,1,0
54,28,2,3,4,4,3,3,11539,4,28,2,2,0,4,3.67,69047.72894688007,12784,57508.72894688007,1,0,1,1,0,0,0,1,1
20,19,2,4,1,2,1,4,8695,2,18,14,5,1,19,1.33,69047.72894688007,12784,60352.72894688007,1,0,1,1,0,0,0,1,0
40,1,3,4,1,1,1,3,16823,2,19,7,11,1,18,1.0,102997.714045,2542,86174.714045,0,0,0,0,1,0,0,1,0
36,7,1,3,1,1,2,4,11803,3,1,13,1,0,14,1.33,69047.72894688007,12784,57244.72894688007,0,0,0,1,0,0,0,0,0
48,4,3,3,4,4,3,3,7898,1,10,9,0,0,9,3.67,69047.72894688007,12784,61149.72894688007,0,1,0,1,0,0,1,0,0
36,6,3,1,4,4,3,3,3210,0,15,13,10,1,23,3.67,17372.83423076923,33,14162.83423076923,0,0,1,0,0,0,0,1,0
30,33,1,4,5,1,1,2,3083,3,14,8,9,1,17,2.33,69047.72894688007,12784,65964.72894688007,0,1,0,0,0,0,0,1,0
25,10,3,2,4,3,2,3,4950,0,4,3,1,0,4,3.0,91683.75438596492,139,86733.75438596492,0,1,0,0,0,1,0,0,0
38,5,2,4,1,2,2,2,4556,1,11,10,9,1,19,1.67,69047.72894688007,12784,64491.72894688007,1,0,1,0,0,0,0,1,0
44,4,4,2,2,1,2,3,4884,4,17,14,0,0,14,1.67,69047.72894688007,12784,64163.72894688007,1,0,0,0,0,0,0,1,0
20,13,3,5,1,4,4,2,18543,2,18,14,7,1,21,3.0,102997.714045,2542,84454.714045,1,0,1,0,1,0,0,1,0
25,5,2,2,3,3,4,3,5744,1,6,4,0,0,4,3.33,91683.75438596492,139,85939.75438596492,1,1,0,0,0,0,1,0,1
33,4,4,1,2,2,3,1,6643,4,22,5,9,1,14,2.33,69047.72894688007,12784,62404.72894688007,1,1,0,0,0,0,0,1,0
56,1,1,4,4,4,3,1,16592,1,26,7,9,1,16,3.67,102997.714045,2542,86405.714045,1,1,0,0,1,0,0,1,0
46,43,3,4,3,4,1,2,16791,4,28,6,8,1,14,2.67,102997.714045,2542,86206.714045,1,0,0,0,1,0,0,1,0
34,19,1,3,3,3,4,4,12991,4,1,11,5,1,16,3.33,102997.714045,2542,90006.714045,0,0,0,1,0,0,0,0,0
59,37,2,5,5,4,1,4,8499,4,19,7,8,1,15,3.33,69047.72894688007,12784,60548.72894688007,1,0,1,1,0,0,0,1,0
43,48,4,2,4,1,3,3,7742,2,28,9,4,1,13,2.67,102997.714045,2542,95255.714045,0,0,1,1,0,0,0,1,0
39,2,3,3,3,3,4,3,10938,0,19,6,11,1,17,3.33,69047.72894688007,12784,58109.72894688007,0,1,0,1,0,0,0,1,0
53,1,4,2,2,3,4,4,12365,3,5,1,7,1,8,3.0,69047.72894688007,12784,56682.72894688007,0,0,0,1,0,1,0,0,1
46,38,2,4,1,4,3,3,15762,2,23,7,4,1,11,2.67,69047.72894688007,12784,53285.72894688007,0,1,0,0,1,0,0,1,0
38,30,4,2,5,4,2,3,13166,3,11,9,5,1,14,3.67,69047.72894688007,12784,55881.72894688007,1,0,1,1,0,0,0,1,0
47,46,1,2,2,2,1,4,12701,3,26,9,9,1,18,1.67,69047.72894688007,12784,56346.72894688007,1,1,0,1,0,0,0,1,0
57,34,1,5,2,1,2,2,14905,2,5,14,8,1,22,1.67,69047.72894688007,12784,54142.72894688007,0,0,0,0,1,1,0,0,0
30,35,1,1,1,2,1,2,4714,1,4,12,5,1,17,1.33,102997.714045,2542,98283.714045,0,0,1,0,0,1,0,0,0
27,36,3,4,3,2,1,2,15433,4,9,7,8,1,15,2.0,102997.714045,2542,87564.714045,0,1,0,0,1,0,1,0,0
22,47,4,5,2,2,1,3,15305,4,24,8,8,1,16,1.67,102997.714045,2542,87692.714045,0,1,0,0,1,0,0,1,0
55,9,4,5,2,2,2,3,19734,3,5,14,4,1,18,2.0,69047.72894688007,12784,49313.72894688007,0,0,0,0,1,1,0,0,0
26,26,1,3,1,2,3,2,16772,3,28,12,6,1,18,2.0,69047.72894688007,12784,52275.72894688007,0,1,0,0,1,0,0,1,0
58,48,4,5,3,2,1,2,17570,4,5,12,6,1,18,2.0,102997.714045,2542,85427.714045,0,0,1,0,1,1,0,0,0
35,26,2,3,2,3,4,3,6171,1,15,11,3,1,14,3.0,69047.72894688007,12784,62876.72894688007,1,0,0,0,0,0,0,1,0
28,49,4,3,4,2,4,2,11962,2,11,9,4,1,13,3.33,69047.72894688007,12784,57085.72894688007,0,0,1,1,0,0,0,1,0
32,1,3,2,4,1,2,3,6162,1,9,8,7,1,15,2.33,69047.72894688007,12784,62885.72894688007,1,0,1,0,0,0,1,0,0
23,29,4,5,3,1,1,2,15921,1,22,14,1,0,15,1.67,102997.714045,2542,87076.714045,1,0,0,0,1,0,0,1,1
54,45,2,4,3,3,3,1,18711,3,12,13,8,1,21,3.0,102997.714045,2542,84286.714045,1,1,0,0,1,0,0,1,0
55,16,4,4,3,2,2,1,10510,3,5,1,5,1,6,2.33,102997.714045,2542,92487.714045,0,0,0,1,0,1,0,0,1
59,27,3,3,1,2,2,3,6213,1,14,2,0,0,2,1.67,69047.72894688007,12784,62834.72894688007,0,1,0,0,0,0,0,1,0
45,22,3,3,4,1,2,2,19520,3,1,9,2,0,11,2.33,69047.72894688007,12784,49527.72894688007,0,1,0,0,1,0,0,0,0
41,23,3,3,3,4,4,3,7082,3,2,0,0,0,0,3.67,91683.75438596492,139,84601.75438596492,1,1,0,0,0,0,0,0,0
37,4,2,5,4,2,2,2,15853,1,13,4,1,0,5,2.67,69047.72894688007,12784,53194.72894688007,0,0,1,0,1,0,0,1,0
29,25,4,4,5,1,3,4,9773,2,8,10,8,1,18,3.0,102997.714045,2542,93224.714045,0,0,1,1,0,0,1,0,0
30,43,2,4,5,1,1,2,16581,4,28,10,1,0,11,2.33,102997.714045,2542,86416.714045,0,0,0,0,1,0,0,1,0
28,8,1,3,5,2,1,4,16499,2,25,14,4,1,18,2.67,69047.72894688007,12784,52548.72894688007,1,0,1,0,1,0,0,1,0
52,44,4,2,5,2,1,4,12878,3,21,1,6,1,7,2.67,69047.72894688007,12784,56169.72894688007,0,0,1,1,0,0,0,1,0
37,1,2,3,3,1,3,1,10609,5,14,1,11,1,12,2.33,91683.75438596492,139,81074.75438596492,0,0,1,1,0,0,0,1,1
42,2,4,2,1,4,1,4,6272,7,4,3,0,0,3,2.0,61845.10984536083,269,55573.10984536083,0,0,1,0,0,1,0,0,0
57,29,1,1,4,3,1,3,4827,2,5,6,8,1,14,2.67,69047.72894688007,12784,64220.72894688007,1,0,1,0,0,1,0,0,0
54,20,1,1,2,4,1,3,12468,3,15,5,5,1,10,2.33,69047.72894688007,12784,56579.72894688007,0,0,1,1,0,0,0,1,0
50,32,4,5,4,4,1,4,9179,2,9,10,7,1,17,3.0,69047.72894688007,12784,59868.72894688007,1,0,1,1,0,0,1,0,0
36,25,4,3,2,1,3,3,14996,4,14,1,7,1,8,2.0,102997.714045,2542,88001.714045,1,1,0,0,1,0,0,1,0
57,35,4,5,1,3,1,1,11211,4,22,11,7,1,18,1.67,69047.72894688007,12784,57836.72894688007,1,0,1,1,0,0,0,1,0
48,35,1,4,2,2,4,3,13014,3,6,4,3,1,7,2.67,102997.714045,2542,89983.714045,0,0,0,1,0,0,1,0,0
48,16,4,1,3,1,2,2,13807,3,10,11,7,1,18,2.0,102997.714045,2542,89190.714045,0,1,0,0,1,0,1,0,0
28,6,3,3,5,2,4,1,9028,2,22,6,6,1,12,3.67,69047.72894688007,12784,60019.72894688007,0,0,0,1,0,0,0,1,0
47,21,1,1,2,1,3,3,17036,2,9,12,0,0,12,2.0,69047.72894688007,12784,52011.72894688007,0,0,0,0,1,0,1,0,0
41,41,4,2,2,2,2,4,7176,4,24,11,4,1,15,2.0,69047.72894688007,12784,61871.72894688007,0,0,1,0,0,0,0,1,0
52,24,3,1,4,4,3,3,4263,1,24,5,1,0,6,3.67,69047.72894688007,12784,64784.72894688007,0,0,1,0,0,0,0,1,0
54,43,4,3,4,4,2,4,7051,2,7,5,0,0,5,3.33,69047.72894688007,12784,61996.72894688007,1,0,0,0,0,0,1,0,0
35,8,3,1,3,3,2,1,4323,1,5,4,1,0,5,2.67,61845.10984536083,269,57522.10984536083,0,1,0,0,0,1,0,0,0
26,12,1,2,4,3,2,3,16691,1,19,10,4,1,14,3.0,69047.72894688007,12784,52356.72894688007,1,0,1,0,1,0,0,1,0
27,41,2,3,4,4,2,2,7620,1,15,7,0,0,7,3.33,69047.72894688007,12784,61427.72894688007,0,0,1,1,0,0,0,1,0
21,39,2,1,3,1,4,3,6126,2,12,6,3,1,9,2.67,69047.72894688007,12784,62921.72894688007,0,0,1,0,0,0,0,1,0
27,36,2,3,5,3,3,3,10989,2,16,2,6,1,8,3.67,69047.72894688007,12784,58058.72894688007,1,0,0,1,0,0,0,1,0
25,10,1,2,4,2,2,4,4227,4,3,12,2,0,14,2.67,69047.72894688007,12784,64820.72894688007,1,0,0,0,0,1,0,0,0
35,28,1,4,4,4,1,2,14246,4,26,8,7,1,15,3.0,69047.72894688007,12784,54801.72894688007,0,1,0,0,1,0,0,1,1
53,2,4,3,5,4,3,4,15762,2,17,14,2,0,16,4.0,69047.72894688007,12784,53285.72894688007,0,0,1,0,1,0,0,1,0
26,37,4,4,3,1,4,1,4810,1,20,1,1,0,2,2.67,102997.714045,2542,98187.714045,1,0,1,0,0,0,0,1,0
50,1,3,2,1,4,4,2,15291,3,10,6,2,0,8,3.0,69047.72894688007,12784,53756.72894688007,1,1,0,0,1,0,1,0,0
45,32,4,4,1,4,3,3,14961,2,17,6,1,0,7,2.67,102997.714045,2542,88036.714045,1,0,1,0,1,0,0,1,0
54,17,2,5,2,4,1,1,11121,3,15,2,5,1,7,2.33,69047.72894688007,12784,57926.72894688007,1,0,0,1,0,0,0,1,0
35,19,2,1,2,4,3,1,16759,4,28,11,6,1,17,3.0,102997.714045,2542,86238.714045,1,0,1,0,1,0,0,1,0
21,14,4,2,3,1,2,4,11733,3,6,11,1,0,12,2.0,69047.72894688007,12784,57314.72894688007,0,0,0,1,0,0,1,0,1
26,11,3,2,1,3,4,2,8222,4,11,10,6,1,16,2.67,69047.72894688007,12784,60825.72894688007,0,0,1,1,0,0,0,1,1
24,30,3,1,4,1,4,3,17026,4,12,13,6,1,19,3.0,69047.72894688007,12784,52021.72894688007,1,0,0,0,1,0,0,1,1
42,1,3,1,1,4,1,3,17936,1,13,8,4,1,12,2.0,69047.72894688007,12784,51111.72894688007,0,1,0,0,1,0,0,1,0
50,28,4,1,3,4,3,3,3221,1,20,8,3,1,11,3.33,17372.83423076923,33,14151.83423076923,1,0,1,0,0,0,0,1,0
30,10,1,1,2,2,3,1,16001,1,20,6,0,0,6,2.33,69047.72894688007,12784,53046.72894688007,0,0,1,0,1,0,0,1,0
32,17,3,4,3,3,4,4,15247,4,26,10,7,1,17,3.33,69047.72894688007,12784,53800.72894688007,0,1,0,0,1,0,0,1,0
28,37,3,1,1,4,2,4,9311,1,24,14,2,0,16,2.33,69047.72894688007,12784,59736.72894688007,0,0,1,1,0,0,0,1,0
29,47,4,1,5,3,1,2,13807,4,20,1,2,0,3,3.0,102997.714045,2542,89190.714045,0,1,0,0,1,0,0,1,1
57,23,4,5,5,2,2,2,19759,1,11,11,3,1,14,3.0,102997.714045,2542,83238.714045,0,1,0,0,1,0,0,1,0
27,27,4,1,1,3,1,2,4452,4,29,4,4,1,8,1.67,69047.72894688007,12784,64595.72894688007,1,0,0,0,0,0,0,1,0
35,20,2,4,5,2,4,2,6534,4,6,6,5,1,11,3.67,69047.72894688007,12784,62513.72894688007,0,1,0,0,0,0,1,0,1
46,29,3,2,4,4,2,1,7258,2,20,10,3,1,13,3.33,69047.72894688007,12784,61789.72894688007,1,0,0,0,0,0,0,1,0
46,1,4,4,1,4,2,1,17567,1,26,0,0,0,0,2.33,102997.714045,2542,85430.714045,0,1,0,0,1,0,0,1,0
41,28,1,3,5,2,2,2,11369,3,19,5,6,1,11,3.0,102997.714045,2542,91628.714045,1,0,1,1,0,0,0,1,0
46,17,4,3,4,1,3,2,7002,1,5,14,2,0,16,2.67,102997.714045,2542,95995.714045,1,0,0,0,0,1,0,0,1
48,37,4,4,1,3,1,3,8621,4,12,6,2,0,8,1.67,69047.72894688007,12784,60426.72894688007,1,0,0,1,0,0,0,1,0
21,16,3,4,1,3,4,4,9429,2,9,7,0,0,7,2.67,69047.72894688007,12784,59618.72894688007,0,0,1,1,0,0,1,0,1
31,5,3,2,4,1,1,3,5476,1,10,0,0,0,0,2.0,91683.75438596492,139,86207.75438596492,0,0,1,0,0,0,1,0,0
29,28,1,1,3,2,3,3,7806,3,13,11,0,0,11,2.67,69047.72894688007,12784,61241.72894688007,0,0,1,1,0,0,0,1,0
41,9,4,5,3,4,1,3,5576,2,15,6,6,1,12,2.67,69047.72894688007,12784,63471.72894688007,0,1,0,0,0,0,0,1,0
26,11,3,1,4,2,3,3,4757,3,2,7,4,1,11,3.0,69047.72894688007,12784,64290.72894688007,0,0,1,0,0,0,0,0,0
55,21,1,1,1,3,1,2,12421,4,15,5,1,0,6,1.67,69047.72894688007,12784,56626.72894688007,0,0,1,1,0,0,0,1,0
36,6,1,2,1,2,4,2,14818,1,21,8,6,1,14,2.33,102997.714045,2542,88179.714045,0,0,0,0,1,0,0,1,1
42,29,3,2,3,1,2,3,4556,2,5,4,0,0,4,2.0,89817.88593023256,119,85261.88593023256,0,0,0,0,0,1,0,0,0
36,1,4,5,4,3,3,1,3635,3,10,3,2,0,5,3.33,69047.72894688007,12784,65412.72894688007,0,1,0,0,0,0,1,0,1
58,8,4,5,2,3,3,3,12526,1,15,5,9,1,14,2.67,102997.714045,2542,90471.714045,0,0,0,1,0,0,0,1,0
48,30,3,4,5,1,4,1,8334,2,10,13,3,1,16,3.33,69047.72894688007,12784,60713.72894688007,0,1,0,1,0,0,1,0,0
33,29,3,1,1,4,3,3,15954,4,18,1,5,1,6,2.67,69047.72894688007,12784,53093.72894688007,1,1,0,0,1,0,0,1,0
41,43,1,1,3,1,3,1,3954,1,5,6,9,1,15,2.33,69047.72894688007,12784,65093.72894688007,1,0,1,0,0,1,0,0,0
54,9,2,5,2,1,2,3,4973,2,25,12,4,1,16,1.67,102997.714045,2542,98024.714045,0,1,0,0,0,0,0,1,1
29,24,1,2,4,2,3,1,12173,1,23,5,3,1,8,3.0,102997.714045,2542,90824.714045,0,0,1,1,0,0,0,1,0
35,21,4,5,2,1,1,3,3729,2,7,3,7,1,10,1.33,102997.714045,2542,99268.714045,0,0,1,0,0,0,1,0,0
21,45,1,2,3,4,3,4,15718,2,1,7,6,1,13,3.33,69047.72894688007,12784,53329.72894688007,0,0,1,0,1,0,0,0,0
46,28,4,3,4,2,2,3,10782,1,27,14,7,1,21,2.67,69047.72894688007,12784,58265.72894688007,0,0,0,1,0,0,0,1,0
40,12,1,1,4,2,1,2,18076,1,17,3,7,1,10,2.33,69047.72894688007,12784,50971.72894688007,1,0,1,0,1,0,0,1,0
38,48,3,2,2,2,1,3,13389,3,1,11,7,1,18,1.67,69047.72894688007,12784,55658.72894688007,0,0,0,1,0,0,0,0,1
32,47,2,4,3,1,1,1,19068,4,23,10,1,0,11,1.67,69047.72894688007,12784,49979.72894688007,0,0,0,0,1,0,0,1,0
43,18,4,3,3,4,2,2,16475,3,22,7,5,1,12,3.0,69047.72894688007,12784,52572.72894688007,0,0,0,0,1,0,0,1,0
23,25,1,5,3,3,1,2,8036,2,7,12,8,1,20,2.33,69047.72894688007,12784,61011.72894688007,1,0,0,1,0,0,1,0,1
52,47,3,3,5,3,1,3,16966,2,20,8,7,1,15,3.0,69047.72894688007,12784,52081.72894688007,1,0,1,0,1,0,0,1,1
27,2,4,2,3,1,2,2,6500,0,8,7,0,0,7,2.0,91683.75438596492,139,85183.75438596492,0,1,0,0,0,0,1,0,0
49,36,4,5,2,3,4,3,6401,3,14,14,5,1,19,3.0,102997.714045,2542,96596.714045,0,1,0,0,0,0,0,1,0
28,2,3,2,2,2,1,3,4779,1,8,7,7,1,14,1.67,91683.75438596492,139,86904.75438596492,1,0,1,0,0,0,1,0,0
48,34,2,5,5,4,3,2,16253,1,29,2,4,1,6,4.0,69047.72894688007,12784,52794.72894688007,1,0,0,0,1,0,0,1,0
27,43,4,1,3,3,3,3,18381,1,4,6,4,1,10,3.0,69047.72894688007,12784,50666.72894688007,0,0,0,0,1,1,0,0,0
21,28,1,3,3,1,4,3,13415,1,6,11,2,0,13,2.67,69047.72894688007,12784,55632.72894688007,0,0,1,1,0,0,1,0,0
56,26,1,3,5,3,3,3,16492,4,29,6,9,1,15,3.67,69047.72894688007,12784,52555.72894688007,1,0,0,0,1,0,0,1,0
28,13,1,3,3,1,3,4,6440,1,12,11,3,1,14,2.33,69047.72894688007,12784,62607.72894688007,0,1,0,0,0,0,0,1,1
51,3,1,5,4,2,2,4,8237,4,19,4,4,1,8,2.67,69047.72894688007,12784,60810.72894688007,1,0,1,1,0,0,0,1,0
46,48,3,3,2,3,3,3,10135,4,2,14,7,1,21,2.67,69047.72894688007,12784,58912.72894688007,0,0,1,1,0,0,0,0,1
47,5,3,5,3,4,2,3,18300,4,3,2,1,0,3,3.0,69047.72894688007,12784,50747.72894688007,0,0,1,0,1,1,0,0,0
44,24,1,1,3,1,3,3,3708,2,5,2,1,0,3,2.33,17372.83423076923,33,13664.83423076923,0,1,0,0,0,1,0,0,0
45,45,4,5,2,4,4,1,14240,4,3,1,9,1,10,3.33,69047.72894688007,12784,54807.72894688007,0,0,0,0,1,1,0,0,0
29,38,2,5,4,3,4,2,18433,2,5,12,8,1,20,3.67,69047.72894688007,12784,50614.72894688007,1,0,1,0,1,1,0,0,1
39,36,1,1,3,3,2,1,13603,4,4,2,2,0,4,2.67,69047.72894688007,12784,55444.72894688007,1,1,0,1,0,1,0,0,1
43,9,3,2,3,4,2,3,5679,3,8,7,4,1,11,3.0,17372.83423076923,33,11693.83423076923,1,0,0,0,0,0,1,0,0
28,29,1,4,4,1,1,3,17160,1,26,11,5,1,16,2.0,102997.714045,2542,85837.714045,0,0,0,0,1,0,0,1,1
27,8,2,1,3,1,4,4,12262,1,18,11,0,0,11,2.67,102997.714045,2542,90735.714045,1,1,0,1,0,0,0,1,0
38,29,4,5,3,1,2,4,5800,3,12,3,1,0,4,2.0,69047.72894688007,12784,63247.72894688007,1,0,1,0,0,0,0,1,1
31,6,4,2,4,1,4,4,5460,4,7,7,5,1,12,3.0,91683.75438596492,139,86223.75438596492,0,0,0,0,0,0,1,0,0
29,27,3,2,3,2,1,2,4335,4,8,7,1,0,8,2.0,69047.72894688007,12784,64712.72894688007,0,0,1,0,0,0,1,0,0
38,18,1,2,4,2,3,3,5811,3,1,0,1,0,1,3.0,69047.72894688007,12784,63236.72894688007,1,0,1,0,0,0,0,0,0
50,7,4,3,2,1,3,1,8672,4,22,5,8,1,13,2.0,102997.714045,2542,94325.714045,0,1,0,1,0,0,0,1,1
57,5,2,1,4,3,4,2,7015,2,23,9,7,1,16,3.67,69047.72894688007,12784,62032.72894688007,0,1,0,0,0,0,0,1,0
38,29,3,5,1,1,2,3,6863,1,13,6,4,1,10,1.33,69047.72894688007,12784,62184.72894688007,1,1,0,0,0,0,0,1,0
21,22,2,2,3,3,1,2,10076,2,11,14,3,1,17,2.33,69047.72894688007,12784,58971.72894688007,1,0,0,1,0,0,0,1,0
32,48,4,2,1,4,2,3,18829,2,13,13,3,1,16,2.33,102997.714045,2542,84168.714045,1,0,1,0,1,0,0,1,0
27,1,3,3,1,3,4,3,7412,1,9,7,0,0,7,2.67,69047.72894688007,12784,61635.72894688007,0,0,1,0,0,0,1,0,0
25,7,1,4,1,4,2,1,8132,1,22,11,6,1,17,2.33,69047.72894688007,12784,60915.72894688007,1,0,1,1,0,0,0,1,0
29,8,4,3,1,3,3,1,13495,2,12,4,0,0,4,2.33,102997.714045,2542,89502.714045,0,0,0,1,0,0,0,1,0
46,43,1,1,5,3,3,4,8381,3,6,4,3,1,7,3.67,102997.714045,2542,94616.714045,0,0,0,1,0,0,1,0,1
33,11,4,5,1,3,3,2,10388,1,12,1,8,1,9,2.33,69047.72894688007,12784,58659.72894688007,1,1,0,1,0,0,0,1,0
39,35,1,4,1,1,1,3,6058,2,4,14,4,1,18,1.0,69047.72894688007,12784,62989.72894688007,1,0,1,0,0,1,0,0,0
54,36,3,1,1,2,1,2,18704,1,20,7,1,0,8,1.33,102997.714045,2542,84293.714045,0,0,0,0,1,0,0,1,1
46,33,1,5,1,3,4,2,9105,2,15,9,8,1,17,2.67,102997.714045,2542,93892.714045,0,0,1,1,0,0,0,1,0
31,33,4,2,3,1,1,3,6595,1,21,6,0,0,6,1.67,69047.72894688007,12784,62452.72894688007,1,0,0,0,0,0,0,1,0
55,7,2,2,2,2,3,1,8350,4,17,7,7,1,14,2.33,69047.72894688007,12784,60697.72894688007,1,1,0,1,0,0,0,1,0
25,15,3,1,5,3,4,2,14491,2,10,13,0,0,13,4.0,69047.72894688007,12784,54556.72894688007,0,1,0,0,1,0,1,0,0
34,45,1,4,4,4,3,3,9689,4,21,11,1,0,12,3.67,102997.714045,2542,93308.714045,0,0,1,1,0,0,0,1,0
43,12,2,4,2,1,3,3,14336,1,25,10,3,1,13,2.0,69047.72894688007,12784,54711.72894688007,0,0,0,0,1,0,0,1,0
30,5,4,2,5,2,4,3,13301,4,24,3,8,1,11,3.67,102997.714045,2542,89696.714045,0,1,0,1,0,0,0,1,0
22,8,3,4,1,1,3,2,11416,2,26,9,5,1,14,1.67,69047.72894688007,12784,57631.72894688007,0,0,0,1,0,0,0,1,0
41,14,4,2,3,4,4,3,9111,2,23,2,2,0,4,3.67,69047.72894688007,12784,59936.72894688007,0,0,0,1,0,0,0,1,0
38,34,4,2,2,3,1,2,11758,4,12,5,4,1,9,2.0,69047.72894688007,12784,57289.72894688007,0,0,1,1,0,0,0,1,0
35,24,2,3,2,1,3,2,3606,2,10,14,5,1,19,2.0,69047.72894688007,12784,65441.72894688007,0,1,0,0,0,0,1,0,1
27,8,3,2,4,3,2,3,4342,0,4,2,1,0,3,3.0,91683.75438596492,139,87341.75438596492,0,0,1,0,0,1,0,0,0
36,13,4,3,3,1,3,2,14432,4,12,6,1,0,7,2.33,102997.714045,2542,88565.714045,1,0,1,0,1,0,0,1,0
40,2,2,2,3,2,2,3,3448,6,1,0,0,0,0,2.33,17372.83423076923,33,13924.83423076923,0,0,1,0,0,0,0,0,0
39,1,1,3,3,2,2,3,4629,3,14,7,9,1,16,2.33,69047.72894688007,12784,64418.72894688007,0,1,0,0,0,0,0,1,0
41,12,3,5,4,2,4,4,9549,3,8,8,9,1,17,3.33,69047.72894688007,12784,59498.72894688007,0,0,0,1,0,0,1,0,0
32,4,2,2,3,3,3,3,6162,1,14,13,6,1,19,3.0,69047.72894688007,12784,62885.72894688007,0,0,1,0,0,0,0,1,0
57,26,3,5,3,2,3,3,11916,1,18,2,7,1,9,2.67,69047.72894688007,12784,57131.72894688007,1,0,1,1,0,0,0,1,1
29,29,1,2,3,4,4,3,6384,8,7,0,1,0,1,3.67,69047.72894688007,12784,62663.72894688007,0,0,0,0,0,0,1,0,0
46,46,2,1,5,2,2,2,7918,1,16,13,6,1,19,3.0,69047.72894688007,12784,61129.72894688007,1,1,0,1,0,0,0,1,0
29,1,1,5,2,1,1,1,9231,3,16,11,4,1,15,1.33,102997.714045,2542,93766.714045,1,0,1,1,0,0,0,1,0
51,22,4,5,2,1,3,1,9169,2,21,6,2,0,8,2.0,69047.72894688007,12784,59878.72894688007,1,0,0,1,0,0,0,1,1
37,39,1,2,4,4,4,4,8561,1,9,13,2,0,15,4.0,69047.72894688007,12784,60486.72894688007,0,0,0,1,0,0,1,0,0
26,37,3,3,1,1,2,2,6962,3,29,8,8,1,16,1.33,69047.72894688007,12784,62085.72894688007,0,0,1,0,0,0,0,1,1
42,26,2,5,5,2,2,3,3802,4,20,6,4,1,10,3.0,69047.72894688007,12784,65245.72894688007,0,0,0,0,0,0,0,1,0
22,9,4,1,1,3,3,3,4772,3,26,8,1,0,9,2.33,69047.72894688007,12784,64275.72894688007,1,1,0,0,0,0,0,1,0
35,19,2,4,1,2,4,2,7824,4,27,9,7,1,16,2.33,102997.714045,2542,95173.714045,1,1,0,1,0,0,0,1,0
45,43,3,5,5,4,4,1,18453,3,2,2,7,1,9,4.33,69047.72894688007,12784,50594.72894688007,0,0,0,0,1,0,0,0,0
59,32,3,1,1,3,1,4,10833,4,9,5,4,1,9,1.67,69047.72894688007,12784,58214.72894688007,0,0,1,1,0,0,1,0,1
56,48,1,5,2,4,3,4,5433,2,10,6,1,0,7,3.0,69047.72894688007,12784,63614.72894688007,0,1,0,0,0,0,1,0,0
31,14,3,1,4,4,2,2,19802,4,5,2,3,1,5,3.33,102997.714045,2542,83195.714045,1,1,0,0,1,1,0,0,1
44,17,4,1,3,1,4,4,17009,3,9,3,5,1,8,2.67,69047.72894688007,12784,52038.72894688007,0,0,0,0,1,0,1,0,0
30,14,2,2,5,1,2,2,9642,1,17,10,2,0,12,2.67,102997.714045,2542,93355.714045,0,0,1,1,0,0,0,1,0
27,9,4,1,2,4,2,3,19768,4,24,10,5,1,15,2.67,102997.714045,2542,83229.714045,1,1,0,0,1,0,0,1,0
35,29,3,2,4,4,1,1,16214,1,1,11,8,1,19,3.0,69047.72894688007,12784,52833.72894688007,0,0,1,0,1,0,0,0,0
30,26,4,4,4,3,1,4,7561,1,21,9,2,0,11,2.67,69047.72894688007,12784,61486.72894688007,1,1,0,0,0,0,0,1,0
48,5,2,5,4,3,2,3,14760,4,2,12,6,1,18,3.0,69047.72894688007,12784,54287.72894688007,1,1,0,0,1,0,0,0,0
39,6,3,3,2,2,4,3,8376,4,2,0,2,0,2,2.67,69047.72894688007,12784,60671.72894688007,0,1,0,1,0,0,0,0,0
50,17,3,3,5,2,3,1,4193,1,22,9,2,0,11,3.33,69047.72894688007,12784,64854.72894688007,0,0,0,0,0,0,0,1,0
58,37,3,1,5,1,3,2,17323,1,15,5,8,1,13,3.0,102997.714045,2542,85674.714045,0,0,0,0,1,0,0,1,0
58,46,4,3,5,1,1,4,19248,2,13,14,8,1,22,2.33,69047.72894688007,12784,49799.72894688007,0,0,1,0,1,0,0,1,0
25,22,2,5,5,4,4,4,14235,2,12,13,2,0,15,4.33,69047.72894688007,12784,54812.72894688007,1,1,0,0,1,0,0,1,1
40,5,4,1,4,3,3,1,3339,4,11,4,9,1,13,3.33,69047.72894688007,12784,65708.72894688007,0,0,1,0,0,0,0,1,0
50,46,2,5,5,4,4,2,12593,1,6,7,1,0,8,4.33,69047.72894688007,12784,56454.72894688007,1,1,0,1,0,0,1,0,1
48,36,3,5,5,3,1,2,16268,2,25,5,4,1,9,3.0,69047.72894688007,12784,52779.72894688007,0,1,0,0,1,0,0,1,0
51,48,3,4,1,1,2,3,17961,1,24,5,6,1,11,1.33,69047.72894688007,12784,51086.72894688007,0,0,1,0,1,0,0,1,1
59,45,2,1,5,1,2,2,15315,3,27,12,7,1,19,2.67,69047.72894688007,12784,53732.72894688007,1,1,0,0,1,0,0,1,0
34,47,3,5,3,2,4,4,12505,3,28,10,4,1,14,3.0,69047.72894688007,12784,56542.72894688007,1,0,1,1,0,0,0,1,0
29,37,4,5,1,2,1,4,4679,3,3,13,9,1,22,1.33,69047.72894688007,12784,64368.72894688007,1,0,0,0,0,1,0,0,1
39,5,1,4,3,4,2,3,13353,1,15,10,3,1,13,3.0,69047.72894688007,12784,55694.72894688007,0,0,0,1,0,0,0,1,1
26,8,3,3,5,2,4,4,9761,2,14,7,5,1,12,3.67,69047.72894688007,12784,59286.72894688007,1,1,0,1,0,0,0,1,0
52,32,3,4,5,1,2,3,17083,1,4,12,0,0,12,2.67,69047.72894688007,12784,51964.72894688007,1,1,0,0,1,1,0,0,1
57,1,1,5,5,2,4,1,5641,3,27,8,3,1,11,3.67,69047.72894688007,12784,63406.72894688007,1,1,0,0,0,0,0,1,0
37,10,3,2,1,4,2,1,4213,1,10,3,0,0,3,2.33,69047.72894688007,12784,64834.72894688007,0,1,0,0,0,0,1,0,1
27,33,4,2,3,1,2,4,3022,4,11,12,9,1,21,2.0,69047.72894688007,12784,66025.72894688007,0,1,0,0,0,0,0,1,0
44,5,3,5,2,2,3,3,18213,7,22,9,3,1,12,2.33,102997.714045,2542,84784.714045,0,0,1,0,1,0,0,1,0
37,31,1,1,4,4,3,2,8919,3,11,5,6,1,11,3.67,102997.714045,2542,94078.714045,1,0,1,1,0,0,0,1,0
31,11,3,3,1,1,3,4,14949,2,13,2,7,1,9,1.67,69047.72894688007,12784,54098.72894688007,0,0,0,0,1,0,0,1,0
23,1,3,3,4,2,3,2,10166,2,7,7,1,0,8,3.0,102997.714045,2542,92831.714045,0,1,0,1,0,0,1,0,0
27,45,3,1,5,4,1,1,8272,4,22,10,7,1,17,3.33,102997.714045,2542,94725.714045,0,1,0,1,0,0,0,1,1
36,42,1,1,1,2,1,2,9043,3,28,9,9,1,18,1.33,69047.72894688007,12784,60004.72894688007,0,0,1,1,0,0,0,1,1
33,16,3,2,4,3,3,3,5368,1,6,5,1,0,6,3.33,91683.75438596492,139,86315.75438596492,1,0,0,0,0,0,1,0,0
43,4,4,1,5,4,1,4,4382,2,17,4,0,0,4,3.33,69047.72894688007,12784,64665.72894688007,1,0,0,0,0,0,0,1,0
31,11,1,1,3,2,3,2,19573,1,21,10,4,1,14,2.67,69047.72894688007,12784,49474.72894688007,1,0,0,0,1,0,0,1,0
58,29,1,2,4,2,1,2,18231,4,26,8,6,1,14,2.33,69047.72894688007,12784,50816.72894688007,1,1,0,0,1,0,0,1,0
53,49,4,1,5,3,2,1,6002,4,29,6,6,1,12,3.33,69047.72894688007,12784,63045.72894688007,0,1,0,0,0,0,0,1,0
55,49,1,3,5,3,4,4,14784,1,20,11,8,1,19,4.0,102997.714045,2542,88213.714045,0,0,1,0,1,0,0,1,0
25,32,3,1,1,2,1,2,13309,1,28,11,3,1,14,1.33,69047.72894688007,12784,55738.72894688007,0,0,1,1,0,0,0,1,0
37,8,3,3,3,4,3,1,19066,1,16,4,2,0,6,3.33,69047.72894688007,12784,49981.72894688007,0,1,0,0,1,0,0,1,1
53,11,4,3,1,2,3,1,17753,1,6,14,9,1,23,2.0,102997.714045,2542,85244.714045,1,0,0,0,1,0,1,0,0
37,10,4,1,4,4,1,3,4680,3,1,0,0,0,0,3.0,89817.88593023256,119,85137.88593023256,0,1,0,0,0,0,0,0,0
40,31,4,4,3,4,4,2,12363,2,19,13,9,1,22,3.67,69047.72894688007,12784,56684.72894688007,1,0,1,1,0,0,0,1,1
55,28,1,5,1,4,4,1,6336,4,28,2,4,1,6,3.0,69047.72894688007,12784,62711.72894688007,0,0,0,0,0,0,0,1,0
29,22,2,2,1,3,3,2,17069,2,27,1,3,1,4,2.33,69047.72894688007,12784,51978.72894688007,0,1,0,0,1,0,0,1,0
30,26,4,2,1,3,2,3,16830,3,25,8,8,1,16,2.0,69047.72894688007,12784,52217.72894688007,1,0,1,0,1,0,0,1,0
52,24,2,3,4,2,3,1,11268,2,6,6,0,0,6,3.0,69047.72894688007,12784,57779.72894688007,1,0,1,1,0,0,1,0,0
34,19,3,5,1,2,4,1,16826,2,11,11,4,1,15,2.33,102997.714045,2542,86171.714045,0,1,0,0,1,0,0,1,1
43,8,3,2,3,3,4,3,4522,4,5,2,0,0,2,3.33,69047.72894688007,12784,64525.72894688007,1,0,0,0,0,1,0,0,0
51,26,4,3,4,2,3,2,19974,3,18,11,9,1,20,3.0,102997.714045,2542,83023.714045,0,1,0,0,1,0,0,1,0
48,2,4,2,5,3,1,1,13623,4,3,1,3,1,4,3.0,69047.72894688007,12784,55424.72894688007,1,0,1,1,0,1,0,0,1
43,28,3,1,4,2,3,3,16565,4,26,13,0,0,13,3.0,102997.714045,2542,86432.714045,1,0,0,0,1,0,0,1,0
41,31,1,5,1,1,3,3,7237,2,10,11,2,0,13,1.67,69047.72894688007,12784,61810.72894688007,1,0,1,0,0,0,1,0,0
38,20,4,2,5,1,1,1,8883,4,1,8,3,1,11,2.33,102997.714045,2542,94114.714045,1,1,0,1,0,0,0,0,0
50,2,4,2,4,4,2,3,18488,2,22,6,4,1,10,3.33,69047.72894688007,12784,50559.72894688007,0,1,0,0,1,0,0,1,1
32,6,3,2,1,4,3,1,11286,4,18,9,5,1,14,2.67,102997.714045,2542,91711.714045,1,0,0,1,0,0,0,1,0
29,42,4,3,3,2,3,2,14251,4,2,9,2,0,11,2.67,69047.72894688007,12784,54796.72894688007,0,1,0,0,1,0,0,0,0
22,32,1,2,2,3,1,4,6549,1,13,9,6,1,15,2.0,69047.72894688007,12784,62498.72894688007,1,0,1,0,0,0,0,1,0
53,25,1,5,5,4,1,2,10237,1,24,11,7,1,18,3.33,69047.72894688007,12784,58810.72894688007,0,0,1,1,0,0,0,1,0
27,40,3,2,2,1,3,3,13423,2,22,6,1,0,7,2.0,69047.72894688007,12784,55624.72894688007,0,0,1,1,0,0,0,1,0
22,49,1,3,3,1,2,1,15899,3,8,6,2,0,8,2.0,69047.72894688007,12784,53148.72894688007,0,0,0,0,1,0,1,0,0
29,10,2,1,1,4,3,3,2404,6,0,0,0,0,0,2.67,89817.88593023256,119,87413.88593023256,1,1,0,0,0,0,0,0,1
35,33,4,1,3,3,3,1,11035,2,22,3,4,1,7,3.0,102997.714045,2542,91962.714045,0,1,0,1,0,0,0,1,0
55,26,3,4,2,3,3,1,13913,3,24,14,0,0,14,2.67,69047.72894688007,12784,55134.72894688007,0,0,1,0,1,0,0,1,0
42,9,3,2,2,3,1,1,14299,1,13,5,9,1,14,2.0,69047.72894688007,12784,54748.72894688007,0,0,1,0,1,0,0,1,1
26,15,2,2,2,2,3,4,5146,4,28,4,7,1,11,2.33,69047.72894688007,12784,63901.72894688007,1,0,1,0,0,0,0,1,0
39,10,3,3,2,3,4,3,15476,1,12,9,2,0,11,3.0,69047.72894688007,12784,53571.72894688007,0,0,1,0,1,0,0,1,1
29,49,2,1,4,4,2,3,14370,3,13,12,2,0,14,3.33,69047.72894688007,12784,54677.72894688007,0,0,0,0,1,0,0,1,0
42,24,2,4,3,2,2,2,16958,4,1,14,5,1,19,2.33,102997.714045,2542,86039.714045,1,0,1,0,1,0,0,0,0
31,31,4,5,3,3,2,4,12788,3,27,8,3,1,11,2.67,69047.72894688007,12784,56259.72894688007,0,0,1,1,0,0,0,1,0
49,32,1,5,3,1,1,3,3849,4,5,7,0,0,7,1.67,102997.714045,2542,99148.714045,1,1,0,0,0,1,0,0,1
31,35,3,4,3,4,3,1,13751,4,29,13,1,0,14,3.33,69047.72894688007,12784,55296.72894688007,0,0,1,0,1,0,0,1,0
54,17,3,2,4,3,3,3,18586,3,19,7,1,0,8,3.33,69047.72894688007,12784,50461.72894688007,0,1,0,0,1,0,0,1,1
56,42,3,1,5,3,2,3,16737,1,23,3,2,0,5,3.33,69047.72894688007,12784,52310.72894688007,1,0,0,0,1,0,0,1,1
27,3,2,1,4,1,4,3,2045,0,4,2,1,0,3,3.0,89817.88593023256,119,87772.88593023256,0,1,0,0,0,1,0,0,0
49,7,2,3,3,2,3,3,10965,8,5,2,0,0,2,2.67,69047.72894688007,12784,58082.72894688007,0,1,0,1,0,1,0,0,0
38,27,4,5,4,4,4,1,14678,3,8,1,0,0,1,4.0,69047.72894688007,12784,54369.72894688007,1,0,1,0,1,0,1,0,0
57,43,4,2,4,2,2,4,10663,2,19,5,8,1,13,2.67,69047.72894688007,12784,58384.72894688007,1,0,1,1,0,0,0,1,0
28,24,2,3,1,2,1,2,8722,1,10,7,1,0,8,1.33,69047.72894688007,12784,60325.72894688007,0,1,0,1,0,0,1,0,1
24,12,2,5,3,2,4,2,12929,4,11,3,6,1,9,3.0,69047.72894688007,12784,56118.72894688007,1,0,0,1,0,0,0,1,0
57,19,1,1,1,1,4,1,11663,3,27,1,4,1,5,2.0,69047.72894688007,12784,57384.72894688007,0,0,0,1,0,0,0,1,0
31,2,3,1,3,2,4,4,3477,1,5,2,0,0,2,3.0,17372.83423076923,33,13895.83423076923,0,0,1,0,0,1,0,0,0
23,1,2,1,2,2,4,3,17026,4,16,1,0,0,1,2.67,69047.72894688007,12784,52021.72894688007,1,0,0,0,1,0,0,1,1
52,49,1,5,5,3,3,3,10882,3,3,12,9,1,21,3.67,69047.72894688007,12784,58165.72894688007,0,0,0,1,0,1,0,0,0
32,30,2,4,3,4,1,3,16987,2,5,8,7,1,15,2.67,69047.72894688007,12784,52060.72894688007,0,0,1,0,1,1,0,0,0
42,16,2,3,3,4,2,4,15480,3,28,12,4,1,16,3.0,69047.72894688007,12784,53567.72894688007,0,1,0,0,1,0,0,1,0
20,21,4,1,3,1,4,1,19726,2,28,5,0,0,5,2.67,102997.714045,2542,83271.714045,1,0,0,0,1,0,0,1,1
30,36,4,4,4,1,4,3,5561,1,5,14,7,1,21,3.0,69047.72894688007,12784,63486.72894688007,0,0,1,0,0,1,0,0,1
33,7,3,3,5,3,1,3,5872,2,12,13,0,0,13,3.0,69047.72894688007,12784,63175.72894688007,0,0,1,0,0,0,0,1,0
48,25,1,4,2,4,1,1,6069,1,18,7,5,1,12,2.33,69047.72894688007,12784,62978.72894688007,1,0,0,0,0,0,0,1,0
37,15,1,2,1,2,1,4,3364,2,17,4,8,1,12,1.33,102997.714045,2542,99633.714045,0,1,0,0,0,0,0,1,0
34,40,4,2,3,4,2,3,18703,1,23,6,9,1,15,3.0,69047.72894688007,12784,50344.72894688007,0,1,0,0,1,0,0,1,0
35,16,4,2,2,3,1,1,15647,2,4,4,8,1,12,2.0,69047.72894688007,12784,53400.72894688007,0,0,0,0,1,1,0,0,0
55,31,2,4,4,4,3,2,12630,3,23,13,8,1,21,3.67,102997.714045,2542,90367.714045,1,0,0,1,0,0,0,1,0
45,10,4,3,3,4,2,4,7082,3,7,13,1,0,14,3.0,69047.72894688007,12784,61965.72894688007,0,0,1,0,0,0,1,0,0
54,24,2,4,1,1,2,1,7612,3,13,5,5,1,10,1.33,69047.72894688007,12784,61435.72894688007,1,0,1,1,0,0,0,1,0
45,25,2,2,4,2,4,2,5906,0,9,8,3,1,11,3.33,69047.72894688007,12784,63141.72894688007,0,0,1,0,0,0,1,0,0
57,49,4,5,2,4,3,3,14605,4,2,12,5,1,17,3.0,102997.714045,2542,88392.714045,0,0,0,0,1,0,0,0,0
50,1,3,5,4,4,3,2,19517,3,7,0,0,0,0,3.67,102997.714045,2542,83480.714045,0,0,0,0,1,0,1,0,0
45,13,3,4,4,1,2,1,13205,1,27,10,2,0,12,2.33,69047.72894688007,12784,55842.72894688007,0,0,1,1,0,0,0,1,0
40,10,1,2,3,2,2,1,12673,3,25,13,0,0,13,2.33,69047.72894688007,12784,56374.72894688007,1,0,1,1,0,0,0,1,0
48,23,1,3,1,1,3,4,9735,1,29,2,6,1,8,1.67,69047.72894688007,12784,59312.72894688007,1,1,0,1,0,0,0,1,0
30,49,4,2,4,1,3,1,4664,2,22,12,4,1,16,2.67,69047.72894688007,12784,64383.72894688007,0,0,0,0,0,0,0,1,0
31,47,4,2,1,4,4,2,9165,3,11,7,5,1,12,3.0,69047.72894688007,12784,59882.72894688007,1,0,1,1,0,0,0,1,0
42,6,3,4,5,2,4,1,5454,3,10,10,5,1,15,3.67,69047.72894688007,12784,63593.72894688007,1,0,0,0,0,0,1,0,0
56,7,3,1,5,2,4,1,15443,2,19,9,0,0,9,3.67,69047.72894688007,12784,53604.72894688007,1,1,0,0,1,0,0,1,1
49,27,4,1,2,3,1,1,11670,4,28,6,1,0,7,2.0,69047.72894688007,12784,57377.72894688007,1,1,0,1,0,0,0,1,1
27,17,4,3,5,2,3,3,14393,3,29,13,8,1,21,3.33,69047.72894688007,12784,54654.72894688007,1,1,0,0,1,0,0,1,0
53,3,1,3,1,2,3,1,8297,1,7,10,2,0,12,2.0,69047.72894688007,12784,60750.72894688007,1,0,0,1,0,0,1,0,0
33,28,2,5,3,3,3,4,15337,4,15,14,4,1,18,3.0,69047.72894688007,12784,53710.72894688007,0,0,1,0,1,0,0,1,0
53,34,1,1,2,1,1,1,19384,3,10,2,0,0,2,1.33,69047.72894688007,12784,49663.72894688007,1,0,0,0,1,0,1,0,1
54,31,4,2,4,3,2,2,18089,1,18,10,4,1,14,3.0,69047.72894688007,12784,50958.72894688007,1,1,0,0,1,0,0,1,0
59,5,3,5,4,2,4,2,17990,3,3,4,7,1,11,3.33,69047.72894688007,12784,51057.72894688007,1,0,0,0,1,1,0,0,0
51,40,4,2,2,2,1,4,13821,3,26,12,0,0,12,1.67,102997.714045,2542,89176.714045,0,0,0,0,1,0,0,1,0
45,14,2,3,4,2,4,2,5777,4,17,9,7,1,16,3.33,69047.72894688007,12784,63270.72894688007,0,1,0,0,0,0,0,1,0
35,43,1,4,4,3,3,3,16472,3,2,10,9,1,19,3.33,69047.72894688007,12784,52575.72894688007,0,0,0,0,1,0,0,0,1
45,28,3,1,3,4,3,1,19476,3,25,6,6,1,12,3.33,69047.72894688007,12784,49571.72894688007,0,1,0,0,1,0,0,1,1
34,10,3,1,3,4,4,4,3815,1,5,3,2,0,5,3.67,89817.88593023256,119,86002.88593023256,1,0,0,0,0,1,0,0,0
25,47,3,5,3,1,3,2,5036,1,26,1,8,1,9,2.33,69047.72894688007,12784,64011.72894688007,1,0,1,0,0,0,0,1,0
22,31,2,1,4,1,3,2,14242,2,23,5,7,1,12,2.67,69047.72894688007,12784,54805.72894688007,0,0,1,0,1,0,0,1,0
43,29,3,1,1,1,4,3,19669,1,9,11,2,0,13,2.0,69047.72894688007,12784,49378.72894688007,1,0,0,0,1,0,1,0,0
43,31,4,4,5,1,2,2,16355,4,4,5,3,1,8,2.67,69047.72894688007,12784,52692.72894688007,0,0,1,0,1,1,0,0,0
40,26,2,2,4,3,4,1,4422,3,1,1,0,0,1,3.67,89817.88593023256,119,85395.88593023256,1,0,1,0,0,0,0,0,0
50,12,3,3,4,3,4,3,9208,4,2,2,2,0,4,3.67,91683.75438596492,139,82475.75438596492,0,1,0,1,0,0,0,0,0
22,31,3,1,5,2,3,1,8518,4,17,3,2,0,5,3.33,69047.72894688007,12784,60529.72894688007,1,0,1,1,0,0,0,1,0
32,42,2,3,5,4,3,1,14120,3,19,6,8,1,14,4.0,69047.72894688007,12784,54927.72894688007,0,1,0,0,1,0,0,1,1
36,25,2,1,5,3,4,2,18607,2,28,2,0,0,2,4.0,102997.714045,2542,84390.714045,0,1,0,0,1,0,0,1,0
25,33,3,2,4,3,1,4,3408,2,9,1,6,1,7,2.67,69047.72894688007,12784,65639.72894688007,1,1,0,0,0,0,1,0,0
45,20,4,2,5,4,1,2,8355,3,7,4,7,1,11,3.33,102997.714045,2542,94642.714045,0,1,0,1,0,0,1,0,1
39,28,2,3,5,4,3,3,14317,1,10,11,8,1,19,4.0,102997.714045,2542,88680.714045,1,0,0,0,1,0,1,0,0
54,30,1,2,4,2,2,4,11076,4,29,3,3,1,6,2.67,102997.714045,2542,91921.714045,1,0,0,1,0,0,0,1,0
27,31,3,2,1,1,3,4,9820,2,27,9,0,0,9,1.67,69047.72894688007,12784,59227.72894688007,0,0,0,1,0,0,0,1,1
37,3,3,3,4,3,1,3,7428,2,5,3,1,0,4,2.67,91683.75438596492,139,84255.75438596492,0,1,0,0,0,1,0,0,0
59,42,4,2,1,3,4,2,10886,4,16,4,4,1,8,2.67,69047.72894688007,12784,58161.72894688007,1,0,1,1,0,0,0,1,1
43,44,1,1,1,1,1,2,3013,3,15,2,6,1,8,1.0,69047.72894688007,12784,66034.72894688007,1,0,1,0,0,0,0,1,0
54,2,3,3,3,1,1,1,13549,9,4,3,0,0,3,1.67,69047.72894688007,12784,55498.72894688007,0,0,1,1,0,1,0,0,0
56,13,2,5,5,2,1,3,4640,4,20,12,1,0,13,2.67,102997.714045,2542,98357.714045,1,1,0,0,0,0,0,1,1
23,48,3,2,2,2,3,3,19312,2,25,6,3,1,9,2.33,69047.72894688007,12784,49735.72894688007,1,1,0,0,1,0,0,1,0
45,12,2,3,4,4,2,2,8212,1,11,14,3,1,17,3.33,69047.72894688007,12784,60835.72894688007,1,0,0,1,0,0,0,1,0
29,30,3,5,1,3,2,3,15404,2,10,10,4,1,14,2.0,102997.714045,2542,87593.714045,1,1,0,0,1,0,1,0,0
34,2,3,2,3,4,4,2,4033,2,3,2,0,0,2,3.67,69047.72894688007,12784,65014.72894688007,0,1,0,0,0,1,0,0,0
36,7,2,4,4,3,2,1,6589,4,4,2,1,0,3,3.0,69047.72894688007,12784,62458.72894688007,1,1,0,0,0,1,0,0,0
52,3,1,2,3,1,1,2,18245,4,25,5,2,0,7,1.67,102997.714045,2542,84752.714045,0,0,1,0,1,0,0,1,0
57,32,4,2,5,2,2,3,14984,4,18,12,0,0,12,3.0,69047.72894688007,12784,54063.72894688007,0,0,0,0,1,0,0,1,0
27,9,3,1,2,4,4,1,2024,6,2,2,2,0,4,3.33,89817.88593023256,119,87793.88593023256,0,0,0,0,0,0,0,0,0
37,28,1,1,2,4,2,4,18237,2,3,5,0,0,5,2.67,102997.714045,2542,84760.714045,1,0,1,0,1,1,0,0,0
26,32,4,4,2,3,3,4,8218,1,23,7,8,1,15,2.67,69047.72894688007,12784,60829.72894688007,1,0,1,1,0,0,0,1,0
36,19,1,3,3,3,4,4,11631,1,27,2,8,1,10,3.33,102997.714045,2542,91366.714045,0,0,0,1,0,0,0,1,0
57,24,3,1,5,1,4,4,7390,4,20,12,8,1,20,3.33,69047.72894688007,12784,61657.72894688007,0,0,0,0,0,0,0,1,0
25,32,2,3,5,4,4,3,13674,2,27,14,0,0,14,4.33,69047.72894688007,12784,55373.72894688007,0,0,0,1,0,0,0,1,0
27,20,3,5,5,1,3,4,10271,4,6,4,3,1,7,3.0,69047.72894688007,12784,58776.72894688007,1,0,0,1,0,0,1,0,0
36,28,2,3,1,1,4,4,7709,3,11,3,1,0,4,2.0,69047.72894688007,12784,61338.72894688007,0,1,0,1,0,0,0,1,1
25,24,4,3,1,4,1,2,6856,4,1,5,6,1,11,2.0,69047.72894688007,12784,62191.72894688007,0,0,0,0,0,0,0,0,0
43,44,1,1,5,3,1,3,4555,1,27,7,6,1,13,3.0,69047.72894688007,12784,64492.72894688007,1,1,0,0,0,0,0,1,0
32,10,4,2,3,3,2,4,15125,2,9,4,8,1,12,2.67,102997.714045,2542,87872.714045,1,0,0,0,1,0,1,0,0
38,12,2,2,1,1,3,2,6288,2,4,3,1,0,4,1.67,69047.72894688007,12784,62759.72894688007,0,0,0,0,0,1,0,0,0
44,18,1,2,1,1,3,4,5099,1,21,5,4,1,9,1.67,69047.72894688007,12784,63948.72894688007,0,0,1,0,0,0,0,1,0
27,45,3,4,2,3,4,1,3045,1,17,14,3,1,17,3.0,69047.72894688007,12784,66002.72894688007,0,0,1,0,0,0,0,1,0
54,24,4,4,1,3,4,3,8350,2,3,14,9,1,23,2.67,69047.72894688007,12784,60697.72894688007,0,0,1,1,0,1,0,0,0
45,29,3,1,4,3,2,2,3452,5,6,5,0,0,5,3.0,89817.88593023256,119,86365.88593023256,0,1,0,0,0,0,1,0,0
59,46,3,1,3,1,4,4,14949,2,16,12,4,1,16,2.67,69047.72894688007,12784,54098.72894688007,0,0,0,0,1,0,0,1,1
49,23,4,2,1,3,3,4,6710,3,20,5,9,1,14,2.33,102997.714045,2542,96287.714045,1,0,1,0,0,0,0,1,0
27,35,2,4,3,3,3,3,17437,2,23,8,5,1,13,3.0,102997.714045,2542,85560.714045,1,0,0,0,1,0,0,1,0
47,2,3,3,3,2,4,1,3875,2,3,4,9,1,13,3.0,102997.714045,2542,99122.714045,1,0,0,0,0,1,0,0,0
39,36,3,3,4,4,3,4,17048,1,24,13,8,1,21,3.67,69047.72894688007,12784,51999.72894688007,1,0,0,0,1,0,0,1,1
29,5,3,3,3,3,2,4,5428,1,10,2,8,1,10,2.67,69047.72894688007,12784,63619.72894688007,1,0,0,0,0,0,1,0,0
32,18,2,4,1,1,2,2,14775,2,11,14,1,0,15,1.33,69047.72894688007,12784,54272.72894688007,1,0,0,0,1,0,0,1,0
22,45,4,4,4,4,4,2,15789,3,10,13,5,1,18,4.0,69047.72894688007,12784,53258.72894688007,0,1,0,0,1,0,1,0,0
46,2,4,1,3,3,2,3,6613,1,13,7,5,1,12,2.67,69047.72894688007,12784,62434.72894688007,1,0,0,0,0,0,0,1,0
29,13,2,2,2,4,1,3,4025,4,4,3,0,0,3,2.33,17372.83423076923,33,13347.83423076923,1,0,1,0,0,1,0,0,0
55,28,4,5,3,3,4,1,16748,1,5,3,6,1,9,3.33,69047.72894688007,12784,52299.72894688007,1,0,0,0,1,1,0,0,0
26,4,3,1,4,3,2,2,2875,1,8,5,2,0,7,3.0,89817.88593023256,119,86942.88593023256,1,1,0,0,0,0,1,0,0
22,3,2,2,5,4,4,2,13115,3,10,3,7,1,10,4.33,102997.714045,2542,89882.714045,0,0,0,1,0,0,1,0,0
31,27,2,3,4,3,1,4,8358,4,23,10,2,0,12,2.67,102997.714045,2542,94639.714045,0,0,0,1,0,0,0,1,0
44,11,4,3,2,2,3,3,19676,2,20,13,6,1,19,2.33,102997.714045,2542,83321.714045,1,1,0,0,1,0,0,1,0
57,37,3,3,1,4,3,3,6989,4,28,3,9,1,12,2.67,69047.72894688007,12784,62058.72894688007,1,0,1,0,0,0,0,1,0
35,22,1,1,3,4,3,3,4230,0,5,4,4,1,8,3.33,17372.83423076923,33,13142.83423076923,0,1,0,0,0,1,0,0,0
41,6,4,5,4,2,2,2,7385,3,11,6,9,1,15,2.67,69047.72894688007,12784,61662.72894688007,0,1,0,0,0,0,0,1,1
42,24,4,1,2,3,4,1,10821,2,9,4,3,1,7,3.0,69047.72894688007,12784,58226.72894688007,0,0,0,1,0,0,1,0,0
30,20,4,5,1,2,2,4,12491,4,27,5,8,1,13,1.67,69047.72894688007,12784,56556.72894688007,0,0,1,1,0,0,0,1,0
58,5,1,4,5,2,4,1,10432,1,5,6,4,1,10,3.67,69047.72894688007,12784,58615.72894688007,0,0,1,1,0,1,0,0,1
56,39,2,2,1,3,4,4,7161,4,2,13,3,1,16,2.67,69047.72894688007,12784,61886.72894688007,1,1,0,0,0,0,0,0,1
26,10,3,4,4,4,3,2,8532,3,17,2,9,1,11,3.67,69047.72894688007,12784,60515.72894688007,0,0,1,1,0,0,0,1,1
32,7,2,2,3,4,3,2,5484,1,13,8,4,1,12,3.33,91683.75438596492,139,86199.75438596492,0,0,1,0,0,0,0,1,0
20,12,3,5,5,2,2,3,11896,2,10,10,7,1,17,3.0,69047.72894688007,12784,57151.72894688007,1,0,1,1,0,0,1,0,0
45,7,1,4,3,3,1,1,12465,4,3,11,2,0,13,2.33,69047.72894688007,12784,56582.72894688007,1,1,0,1,0,1,0,0,0
39,42,1,5,2,3,1,4,13152,1,26,14,7,1,21,2.0,69047.72894688007,12784,55895.72894688007,0,0,1,1,0,0,0,1,0
52,43,2,5,2,3,1,3,7882,4,15,8,9,1,17,2.0,69047.72894688007,12784,61165.72894688007,0,0,1,1,0,0,0,1,0
28,1,3,4,3,2,3,2,15317,3,1,8,1,0,9,2.67,69047.72894688007,12784,53730.72894688007,0,0,1,0,1,0,0,0,0
45,2,1,5,1,4,3,1,5311,2,27,4,1,0,5,2.67,69047.72894688007,12784,63736.72894688007,0,1,0,0,0,0,0,1,0
56,41,3,1,4,2,4,3,4750,2,28,10,7,1,17,3.33,102997.714045,2542,98247.714045,1,1,0,0,0,0,0,1,0
37,2,2,2,2,3,1,1,15972,1,12,12,6,1,18,2.0,69047.72894688007,12784,53075.72894688007,1,0,1,0,1,0,0,1,1
47,34,2,2,3,2,3,4,17084,1,16,10,9,1,19,2.67,69047.72894688007,12784,51963.72894688007,1,0,1,0,1,0,0,1,0
34,25,3,1,3,2,1,4,8054,3,23,8,4,1,12,2.0,69047.72894688007,12784,60993.72894688007,0,0,0,1,0,0,0,1,1
53,39,4,2,1,2,1,3,18434,4,23,4,1,0,5,1.33,69047.72894688007,12784,50613.72894688007,0,0,1,0,1,0,0,1,0
49,21,2,2,3,2,2,1,3692,3,16,2,3,1,5,2.33,69047.72894688007,12784,65355.72894688007,1,1,0,0,0,0,0,1,1
36,31,2,5,5,1,1,4,13328,1,5,8,1,0,9,2.33,69047.72894688007,12784,55719.72894688007,1,1,0,1,0,1,0,0,0
22,49,4,4,5,2,1,1,7898,1,26,12,7,1,19,2.67,69047.72894688007,12784,61149.72894688007,1,1,0,1,0,0,0,1,1
46,46,3,5,5,4,4,3,4274,3,5,10,6,1,16,4.33,69047.72894688007,12784,64773.72894688007,1,1,0,0,0,1,0,0,0
59,32,2,5,3,2,4,1,4806,1,27,12,9,1,21,3.0,102997.714045,2542,98191.714045,1,0,1,0,0,0,0,1,0
33,37,1,1,5,1,1,3,15428,1,24,4,1,0,5,2.33,69047.72894688007,12784,53619.72894688007,1,1,0,0,1,0,0,1,0
49,32,2,2,2,2,4,3,12896,2,1,2,4,1,6,2.67,69047.72894688007,12784,56151.72894688007,0,1,0,1,0,0,0,0,0
44,46,2,2,4,4,1,4,5636,2,12,2,8,1,10,3.0,69047.72894688007,12784,63411.72894688007,1,0,0,0,0,0,0,1,0
45,48,4,3,2,4,4,1,14458,2,7,14,2,0,16,3.33,69047.72894688007,12784,54589.72894688007,1,0,0,0,1,0,1,0,0
22,30,1,5,1,3,4,2,8822,2,11,8,5,1,13,2.67,102997.714045,2542,94175.714045,0,1,0,1,0,0,0,1,0
26,49,3,1,1,2,1,1,14005,3,28,5,6,1,11,1.33,69047.72894688007,12784,55042.72894688007,0,0,1,0,1,0,0,1,0
51,1,3,3,5,1,4,4,4226,2,5,6,0,0,6,3.33,69047.72894688007,12784,64821.72894688007,0,1,0,0,0,1,0,0,1
33,15,3,2,4,2,1,3,4878,0,9,7,8,1,15,2.33,69047.72894688007,12784,64169.72894688007,1,0,1,0,0,0,1,0,0
55,44,3,5,4,3,2,2,12256,1,17,7,5,1,12,3.0,102997.714045,2542,90741.714045,0,1,0,1,0,0,0,1,0
35,11,2,3,1,3,3,3,9884,2,4,0,2,0,2,2.33,69047.72894688007,12784,59163.72894688007,1,0,1,1,0,1,0,0,0
44,36,2,4,1,1,3,4,15386,4,27,14,6,1,20,1.67,69047.72894688007,12784,53661.72894688007,1,1,0,0,1,0,0,1,0
52,44,1,1,3,3,2,3,9901,4,29,4,0,0,4,2.67,69047.72894688007,12784,59146.72894688007,0,1,0,1,0,0,0,1,0
49,27,2,3,3,3,2,4,17718,1,6,10,1,0,11,2.67,102997.714045,2542,85279.714045,1,1,0,0,1,0,1,0,0
59,2,1,4,4,4,4,1,6592,1,10,9,9,1,18,4.0,102997.714045,2542,96405.714045,0,0,1,0,0,0,1,0,0
50,25,3,2,1,2,4,1,19654,4,13,11,6,1,17,2.33,102997.714045,2542,83343.714045,1,0,0,0,1,0,0,1,0
58,14,1,4,1,4,2,4,11870,3,9,2,4,1,6,2.33,69047.72894688007,12784,57177.72894688007,0,0,0,1,0,0,1,0,0
38,28,4,1,2,1,2,3,11185,4,15,2,0,0,2,1.67,69047.72894688007,12784,57862.72894688007,0,0,1,1,0,0,0,1,0
57,29,2,4,4,1,3,2,14118,3,1,0,0,0,0,2.67,102997.714045,2542,88879.714045,0,0,0,0,1,0,0,0,0
26,33,4,5,2,4,1,2,16903,4,21,13,0,0,13,2.33,69047.72894688007,12784,52144.72894688007,1,0,1,0,1,0,0,1,1
47,4,3,2,3,2,1,3,2976,3,0,0,0,0,0,2.0,69047.72894688007,12784,66071.72894688007,0,1,0,0,0,0,0,0,0
21,20,2,5,5,4,3,1,9324,4,25,13,6,1,19,4.0,69047.72894688007,12784,59723.72894688007,1,0,1,1,0,0,0,1,0
53,31,4,3,5,2,2,1,17047,2,28,9,1,0,10,3.0,102997.714045,2542,85950.714045,1,1,0,0,1,0,0,1,0
48,21,3,4,4,1,2,2,9371,2,5,1,5,1,6,2.33,69047.72894688007,12784,59676.72894688007,0,0,1,1,0,1,0,0,0
33,3,4,5,5,4,4,4,9155,2,21,3,9,1,12,4.33,102997.714045,2542,93842.714045,1,0,1,1,0,0,0,1,1
59,46,1,1,3,4,2,2,6605,1,18,11,9,1,20,3.0,102997.714045,2542,96392.714045,1,1,0,0,0,0,0,1,0
56,39,3,3,1,1,1,1,16846,2,29,8,9,1,17,1.0,102997.714045,2542,86151.714045,1,0,1,0,1,0,0,1,0
26,5,2,1,3,3,1,3,2366,1,8,7,1,0,8,2.33,89817.88593023256,119,87451.88593023256,1,0,1,0,0,0,1,0,1
37,20,3,4,1,1,1,2,19243,3,15,4,6,1,10,1.0,102997.714045,2542,83754.714045,1,0,0,0,1,0,0,1,0
25,25,3,3,5,4,4,1,4464,3,6,10,2,0,12,4.33,69047.72894688007,12784,64583.72894688007,0,0,1,0,0,0,1,0,0
56,12,3,5,1,4,4,2,4806,3,28,9,0,0,9,3.0,69047.72894688007,12784,64241.72894688007,0,0,1,0,0,0,0,1,0
52,36,2,4,5,1,4,2,6357,2,20,6,8,1,14,3.33,102997.714045,2542,96640.714045,1,0,1,0,0,0,0,1,0
23,47,2,4,4,2,1,4,9960,1,18,12,8,1,20,2.33,69047.72894688007,12784,59087.72894688007,1,0,0,1,0,0,0,1,0
25,39,3,2,3,2,2,1,4862,2,12,10,4,1,14,2.33,69047.72894688007,12784,64185.72894688007,1,0,1,0,0,0,0,1,0
29,16,4,1,5,1,2,4,10689,3,22,8,3,1,11,2.67,69047.72894688007,12784,58358.72894688007,0,0,0,1,0,0,0,1,0
28,1,2,2,2,2,1,1,9723,1,9,8,3,1,11,1.67,69047.72894688007,12784,59324.72894688007,0,1,0,1,0,0,1,0,0
32,21,4,3,5,1,1,2,6190,2,29,1,1,0,2,2.33,69047.72894688007,12784,62857.72894688007,1,0,1,0,0,0,0,1,1
48,13,4,3,2,1,3,1,6061,2,10,12,7,1,19,2.0,69047.72894688007,12784,62986.72894688007,0,0,1,0,0,0,1,0,0
48,44,1,2,3,1,2,4,14519,4,10,10,6,1,16,2.0,69047.72894688007,12784,54528.72894688007,0,0,0,0,1,0,1,0,1
34,45,3,3,4,2,2,1,13023,2,3,1,3,1,4,2.67,69047.72894688007,12784,56024.72894688007,1,0,1,1,0,1,0,0,1
53,21,2,3,4,4,3,1,6396,2,3,4,1,0,5,3.67,69047.72894688007,12784,62651.72894688007,1,0,1,0,0,1,0,0,0
52,28,1,4,5,2,1,2,6912,1,20,10,5,1,15,2.67,69047.72894688007,12784,62135.72894688007,0,1,0,0,0,0,0,1,0
58,2,2,2,1,4,3,4,16932,2,23,6,9,1,15,2.67,69047.72894688007,12784,52115.72894688007,0,0,0,0,1,0,0,1,0
40,21,4,2,4,3,2,2,16301,4,24,7,0,0,7,3.0,102997.714045,2542,86696.714045,0,0,1,0,1,0,0,1,0
41,9,3,1,1,3,2,3,2289,1,5,3,0,0,3,2.0,17372.83423076923,33,15083.83423076923,0,0,0,0,0,1,0,0,0
60,7,3,5,1,1,4,1,19566,5,29,8,11,1,19,2.0,102997.714045,2542,83431.714045,0,0,1,0,1,0,0,1,0
48,12,4,1,5,4,2,4,8338,2,14,2,4,1,6,3.67,69047.72894688007,12784,60709.72894688007,1,0,1,1,0,0,0,1,0
56,11,2,2,1,4,3,3,5380,4,0,0,0,0,0,2.67,91683.75438596492,139,86303.75438596492,0,0,1,0,0,0,0,0,0
47,40,3,3,3,3,4,4,6657,1,23,11,3,1,14,3.33,69047.72894688007,12784,62390.72894688007,1,1,0,0,0,0,0,1,0
41,13,1,5,1,2,3,4,12818,3,20,12,1,0,13,2.0,102997.714045,2542,90179.714045,1,1,0,1,0,0,0,1,0
47,23,1,4,1,4,3,2,5890,4,3,11,8,1,19,2.67,102997.714045,2542,97107.714045,1,0,1,0,0,1,0,0,0
47,3,3,4,3,4,4,2,13770,9,22,2,11,1,13,3.67,91683.75438596492,139,77913.75438596492,1,0,0,0,1,0,0,1,0
45,18,4,2,3,2,2,3,3688,1,21,11,4,1,15,2.33,69047.72894688007,12784,65359.72894688007,1,0,1,0,0,0,0,1,0
44,10,3,4,1,3,1,3,8790,1,29,12,6,1,18,1.67,69047.72894688007,12784,60257.72894688007,0,0,0,1,0,0,0,1,0
28,14,1,3,1,1,3,2,7672,3,8,12,3,1,15,1.67,102997.714045,2542,95325.714045,1,1,0,1,0,0,1,0,0
49,18,2,4,1,3,2,3,3143,3,5,11,8,1,19,2.0,69047.72894688007,12784,65904.72894688007,1,0,0,0,0,1,0,0,0
58,49,4,3,1,2,3,3,5047,3,8,9,1,0,10,2.0,69047.72894688007,12784,64000.72894688007,1,0,1,0,0,0,1,0,1
33,3,3,2,1,3,1,1,11207,1,13,8,2,0,10,1.67,69047.72894688007,12784,57840.72894688007,1,0,0,1,0,0,0,1,1
20,37,4,1,4,2,2,3,4319,1,10,13,4,1,17,2.67,69047.72894688007,12784,64728.72894688007,1,0,0,0,0,0,1,0,0
50,44,1,4,5,1,3,4,13785,1,2,11,6,1,17,3.0,69047.72894688007,12784,55262.72894688007,0,0,1,0,1,0,0,0,0
45,20,1,3,1,2,2,3,10851,2,7,7,0,0,7,1.67,69047.72894688007,12784,58196.72894688007,1,0,0,1,0,0,1,0,0
31,34,2,3,4,2,1,1,6623,2,8,9,3,1,12,2.33,69047.72894688007,12784,62424.72894688007,1,1,0,0,0,0,1,0,0
54,27,3,5,2,2,1,3,10243,4,27,5,1,0,6,1.67,69047.72894688007,12784,58804.72894688007,1,1,0,1,0,0,0,1,0
23,44,1,3,1,2,3,1,12685,1,21,1,3,1,4,2.0,69047.72894688007,12784,56362.72894688007,1,1,0,1,0,0,0,1,1
36,37,3,2,3,1,4,3,4489,3,19,9,5,1,14,2.67,102997.714045,2542,98508.714045,0,0,1,0,0,0,0,1,0
51,43,3,2,5,2,4,2,10377,1,11,7,4,1,11,3.67,69047.72894688007,12784,58670.72894688007,0,1,0,1,0,0,0,1,0
30,47,3,5,3,1,3,2,11859,2,8,11,5,1,16,2.33,69047.72894688007,12784,57188.72894688007,1,1,0,1,0,0,1,0,1
23,20,4,1,3,3,1,4,7724,3,15,2,7,1,9,2.33,69047.72894688007,12784,61323.72894688007,1,0,1,1,0,0,0,1,0
44,14,2,5,4,4,2,2,9760,3,26,1,7,1,8,3.33,69047.72894688007,12784,59287.72894688007,1,0,1,1,0,0,0,1,1
58,43,1,5,5,3,2,1,4703,2,25,2,0,0,2,3.33,102997.714045,2542,98294.714045,0,1,0,0,0,0,0,1,0
22,28,4,1,4,2,4,4,18957,1,4,3,1,0,4,3.33,102997.714045,2542,84040.714045,1,0,0,0,1,1,0,0,0
20,14,1,2,2,1,2,2,7882,2,29,3,4,1,7,1.67,69047.72894688007,12784,61165.72894688007,1,0,0,1,0,0,0,1,0
25,26,3,3,3,4,3,2,12232,2,1,10,4,1,14,3.33,69047.72894688007,12784,56815.72894688007,0,0,1,1,0,0,0,0,0
24,37,3,2,4,1,4,4,4284,1,6,5,0,0,5,3.0,69047.72894688007,12784,64763.72894688007,1,1,0,0,0,0,1,0,0
34,48,2,1,4,2,4,2,4475,1,1,4,7,1,11,3.33,102997.714045,2542,98522.714045,0,0,1,0,0,0,0,0,0
57,27,2,3,2,1,2,2,18965,2,3,13,2,0,15,1.67,69047.72894688007,12784,50082.72894688007,1,0,1,0,1,1,0,0,0
27,31,4,4,5,2,2,4,7311,3,17,8,9,1,17,3.0,102997.714045,2542,95686.714045,0,0,0,0,0,0,0,1,0
55,40,3,2,1,3,1,4,18883,1,15,12,0,0,12,1.67,69047.72894688007,12784,50164.72894688007,0,0,1,0,1,0,0,1,0
26,15,2,5,3,3,1,1,16013,3,27,11,3,1,14,2.33,102997.714045,2542,86984.714045,1,0,0,0,1,0,0,1,0
42,8,2,3,3,1,2,4,9696,2,27,10,8,1,18,2.0,102997.714045,2542,93301.714045,0,0,1,1,0,0,0,1,0
34,2,4,4,3,2,3,2,18759,1,3,13,4,1,17,2.67,69047.72894688007,12784,50288.72894688007,1,0,0,0,1,1,0,0,0
49,1,3,5,1,2,3,1,11736,2,27,14,3,1,17,2.0,69047.72894688007,12784,57311.72894688007,1,1,0,1,0,0,0,1,0
35,14,2,1,2,3,4,1,3743,1,4,2,0,0,2,3.0,17372.83423076923,33,13629.83423076923,1,0,0,0,0,1,0,0,1
39,2,4,3,3,1,4,3,7880,0,8,7,0,0,7,2.67,91683.75438596492,139,83803.75438596492,0,1,0,1,0,0,1,0,0
27,7,4,4,4,4,3,3,14370,4,7,7,3,1,10,3.67,69047.72894688007,12784,54677.72894688007,0,0,0,0,1,0,1,0,0
58,43,2,3,4,2,4,4,4546,3,8,4,6,1,10,3.33,69047.72894688007,12784,64501.72894688007,1,1,0,0,0,0,1,0,1
23,32,2,2,1,3,1,1,3671,4,16,12,0,0,12,1.67,69047.72894688007,12784,65376.72894688007,1,1,0,0,0,0,0,1,0
45,18,4,5,4,2,1,2,13745,2,15,2,1,0,3,2.33,69047.72894688007,12784,55302.72894688007,1,0,0,0,1,0,0,1,1
21,8,2,4,5,2,4,1,19851,3,20,1,2,0,3,3.67,102997.714045,2542,83146.714045,0,0,0,0,1,0,0,1,0
47,10,2,3,2,4,4,4,18606,2,15,1,1,0,2,3.33,102997.714045,2542,84391.714045,0,0,0,0,1,0,0,1,0
56,7,4,2,1,2,4,2,4754,2,18,12,9,1,21,2.33,69047.72894688007,12784,64293.72894688007,1,0,0,0,0,0,0,1,0
33,49,3,4,5,2,2,3,17424,1,18,1,0,0,1,3.0,102997.714045,2542,85573.714045,0,1,0,0,1,0,0,1,0
47,46,4,2,4,2,4,1,11880,4,6,8,5,1,13,3.33,102997.714045,2542,91117.714045,1,1,0,1,0,0,1,0,0
34,25,2,1,4,2,4,3,8405,2,21,10,3,1,13,3.33,69047.72894688007,12784,60642.72894688007,1,1,0,1,0,0,0,1,1
41,9,2,4,2,2,1,1,7581,4,25,6,0,0,6,1.67,69047.72894688007,12784,61466.72894688007,0,0,0,0,0,0,0,1,0
37,31,3,4,2,2,3,2,7948,4,24,10,0,0,10,2.33,69047.72894688007,12784,61099.72894688007,1,0,1,1,0,0,0,1,0
21,20,3,4,3,1,4,4,13541,3,10,14,7,1,21,2.67,69047.72894688007,12784,55506.72894688007,0,1,0,1,0,0,1,0,1
44,4,1,1,5,1,2,4,8242,3,25,1,2,0,3,2.67,69047.72894688007,12784,60805.72894688007,1,0,1,1,0,0,0,1,1
47,5,4,4,3,3,1,3,13486,4,5,6,1,0,7,2.33,69047.72894688007,12784,55561.72894688007,1,1,0,1,0,1,0,0,0
40,7,4,3,5,2,3,4,3167,4,16,14,4,1,18,3.33,69047.72894688007,12784,65880.72894688007,1,0,0,0,0,0,0,1,0
41,41,4,5,1,4,2,3,11145,1,12,6,1,0,7,2.33,69047.72894688007,12784,57902.72894688007,0,1,0,1,0,0,0,1,0
57,4,1,2,5,1,4,3,17925,2,28,11,8,1,19,3.33,69047.72894688007,12784,51122.72894688007,1,0,1,0,1,0,0,1,1
52,11,3,2,3,4,2,3,3149,8,5,2,1,0,3,3.0,17372.83423076923,33,14223.83423076923,0,0,1,0,0,1,0,0,0
48,14,1,4,5,3,1,2,10487,4,22,11,6,1,17,3.0,69047.72894688007,12784,58560.72894688007,1,0,0,1,0,0,0,1,1
32,23,4,3,4,3,2,1,15032,1,27,3,3,1,6,3.0,102997.714045,2542,87965.714045,0,1,0,0,1,0,0,1,0
36,25,3,1,4,1,2,4,11870,2,2,7,8,1,15,2.33,69047.72894688007,12784,57177.72894688007,1,0,1,1,0,0,0,0,0
29,49,3,5,3,4,3,4,13083,3,12,13,5,1,18,3.33,69047.72894688007,12784,55964.72894688007,1,0,0,1,0,0,0,1,0
54,21,2,2,1,3,2,2,12912,4,2,14,3,1,17,2.0,69047.72894688007,12784,56135.72894688007,1,1,0,1,0,0,0,0,1
27,22,2,1,2,1,1,3,2863,1,1,0,0,0,0,1.33,61845.10984536083,269,58982.10984536083,0,0,1,0,0,0,0,0,1
50,40,2,2,2,4,2,3,16247,2,15,7,4,1,11,2.67,102997.714045,2542,86750.714045,0,0,1,0,1,0,0,1,0
23,42,1,4,5,3,3,3,19570,1,22,5,1,0,6,3.67,69047.72894688007,12784,49477.72894688007,0,0,1,0,1,0,0,1,0
58,34,2,3,1,4,2,3,15590,4,3,14,7,1,21,2.33,69047.72894688007,12784,53457.72894688007,0,1,0,0,1,1,0,0,0
38,41,2,4,1,2,2,2,13827,4,29,13,6,1,19,1.67,69047.72894688007,12784,55220.72894688007,1,1,0,0,1,0,0,1,0
38,32,4,2,4,4,3,4,18324,4,25,5,2,0,7,3.67,102997.714045,2542,84673.714045,1,0,0,0,1,0,0,1,1
46,32,4,2,2,1,2,2,14833,4,17,10,3,1,13,1.67,69047.72894688007,12784,54214.72894688007,0,0,0,0,1,0,0,1,0
43,42,4,5,1,2,2,2,14364,1,29,6,6,1,12,1.67,69047.72894688007,12784,54683.72894688007,1,0,0,0,1,0,0,1,0
31,44,3,3,5,3,4,1,3538,3,21,10,5,1,15,4.0,102997.714045,2542,99459.714045,0,1,0,0,0,0,0,1,0
24,19,2,3,5,2,1,4,8193,4,19,3,4,1,7,2.67,69047.72894688007,12784,60854.72894688007,0,1,0,1,0,0,0,1,0
33,25,3,5,5,3,3,4,8334,3,5,7,3,1,10,3.67,102997.714045,2542,94663.714045,1,0,0,1,0,1,0,0,0
48,45,2,2,5,1,2,3,15739,3,17,7,0,0,7,2.67,69047.72894688007,12784,53308.72894688007,1,0,0,0,1,0,0,1,0
50,10,3,5,1,1,2,4,8337,1,8,11,8,1,19,1.33,69047.72894688007,12784,60710.72894688007,1,0,1,1,0,0,1,0,0
36,45,3,2,2,3,2,2,5239,1,28,11,5,1,16,2.33,102997.714045,2542,97758.714045,0,0,1,0,0,0,0,1,0
41,23,1,5,4,2,3,1,19109,3,25,10,8,1,18,3.0,102997.714045,2542,83888.714045,0,1,0,0,1,0,0,1,0
51,34,2,1,1,1,3,3,14600,4,10,13,6,1,19,1.67,69047.72894688007,12784,54447.72894688007,0,0,1,0,1,0,1,0,1
30,47,4,2,2,3,3,4,4852,3,19,14,1,0,15,2.67,69047.72894688007,12784,64195.72894688007,0,0,1,0,0,0,0,1,1
52,19,3,1,4,4,1,3,4258,0,4,3,1,0,4,3.0,89817.88593023256,119,85559.88593023256,0,0,1,0,0,1,0,0,0
48,24,2,1,3,1,1,2,5461,3,7,13,8,1,21,1.67,102997.714045,2542,97536.714045,0,0,0,0,0,0,1,0,0
25,16,1,5,4,4,3,3,5126,2,18,7,7,1,14,3.67,69047.72894688007,12784,63921.72894688007,1,0,1,0,0,0,0,1,0
43,34,3,1,1,2,1,2,18514,3,28,13,0,0,13,1.33,102997.714045,2542,84483.714045,0,1,0,0,1,0,0,1,0
53,47,1,2,3,2,3,2,15328,4,4,9,1,0,10,2.67,69047.72894688007,12784,53719.72894688007,1,1,0,0,1,1,0,0,0
30,12,1,5,1,2,4,3,18310,4,9,4,1,0,5,2.33,69047.72894688007,12784,50737.72894688007,1,0,1,0,1,0,1,0,0
37,5,1,4,1,2,4,4,11054,1,4,4,6,1,10,2.33,69047.72894688007,12784,57993.72894688007,0,1,0,1,0,1,0,0,1
28,1,1,2,4,3,1,3,6674,0,9,8,7,1,15,2.67,17372.83423076923,33,10698.83423076923,0,0,1,0,0,0,1,0,0
49,34,1,4,2,4,2,4,18442,3,28,13,9,1,22,2.67,102997.714045,2542,84555.714045,1,1,0,0,1,0,0,1,0
29,16,1,4,4,4,1,4,5462,2,13,2,1,0,3,3.0,102997.714045,2542,97535.714045,0,1,0,0,0,0,0,1,0
53,14,2,4,5,3,3,1,13002,4,12,5,1,0,6,3.67,69047.72894688007,12784,56045.72894688007,0,0,0,1,0,0,0,1,0
38,29,3,2,1,2,2,3,6673,7,1,0,0,0,0,1.67,69047.72894688007,12784,62374.72894688007,1,0,1,0,0,0,0,0,1
53,31,1,1,2,3,1,1,19255,1,6,4,2,0,6,2.0,69047.72894688007,12784,49792.72894688007,0,1,0,0,1,0,1,0,0
45,18,3,5,5,1,1,1,14776,3,3,2,1,0,3,2.33,69047.72894688007,12784,54271.72894688007,1,0,1,0,1,1,0,0,0
43,7,4,1,4,4,4,4,2089,4,5,4,2,0,6,4.0,89817.88593023256,119,87728.88593023256,0,0,0,0,0,1,0,0,0
52,23,3,2,4,2,3,2,14827,3,5,10,7,1,17,3.0,102997.714045,2542,88170.714045,0,0,0,0,1,1,0,0,0
30,16,4,2,3,3,3,3,5294,3,7,0,1,0,1,3.0,69047.72894688007,12784,63753.72894688007,0,0,1,0,0,0,1,0,0
36,20,1,4,4,2,3,3,6834,2,14,13,7,1,20,3.0,69047.72894688007,12784,62213.72894688007,1,0,1,0,0,0,0,1,0
42,10,3,3,1,3,4,1,5375,4,21,5,2,0,7,2.67,69047.72894688007,12784,63672.72894688007,0,1,0,0,0,0,0,1,0
57,16,4,3,2,4,3,1,16636,4,29,9,0,0,9,3.0,69047.72894688007,12784,52411.72894688007,0,0,1,0,1,0,0,1,0
34,29,4,5,4,3,2,1,11647,3,3,5,1,0,6,3.0,102997.714045,2542,91350.714045,1,0,0,1,0,1,0,0,0
30,9,3,1,4,2,3,2,1081,1,1,0,0,0,0,3.0,69047.72894688007,12784,67966.72894688007,0,1,0,0,0,0,0,0,1
32,27,4,2,4,4,3,4,9601,2,13,6,9,1,15,3.67,69047.72894688007,12784,59446.72894688007,1,1,0,1,0,0,0,1,0
42,22,1,4,3,2,4,1,8409,2,20,5,9,1,14,3.0,69047.72894688007,12784,60638.72894688007,1,0,1,1,0,0,0,1,1
45,13,3,1,4,4,4,2,7373,4,19,1,5,1,6,4.0,69047.72894688007,12784,61674.72894688007,0,0,0,0,0,0,0,1,0
30,12,2,1,1,2,3,4,2033,1,1,0,0,0,0,2.0,69047.72894688007,12784,67014.72894688007,0,0,1,0,0,0,0,0,1
58,16,3,4,3,1,2,3,7612,3,2,5,2,0,7,2.0,69047.72894688007,12784,61435.72894688007,0,0,0,1,0,0,0,0,1
51,43,1,4,2,2,1,3,6549,4,19,13,2,0,15,1.67,102997.714045,2542,96448.714045,0,1,0,0,0,0,0,1,1
30,16,2,1,2,3,4,3,16155,1,28,11,8,1,19,3.0,69047.72894688007,12784,52892.72894688007,0,0,1,0,1,0,0,1,0
46,2,3,3,4,4,3,2,8578,3,9,8,4,1,12,3.67,69047.72894688007,12784,60469.72894688007,0,0,0,1,0,0,1,0,0
40,19,3,2,4,3,3,4,2741,8,7,2,3,1,5,3.33,17372.83423076923,33,14631.83423076923,1,0,1,0,0,0,1,0,0
44,48,3,2,5,2,4,4,6853,4,3,10,6,1,16,3.67,69047.72894688007,12784,62194.72894688007,1,0,0,0,0,1,0,0,0
44,3,3,3,2,2,4,4,13428,2,14,2,8,1,10,2.67,69047.72894688007,12784,55619.72894688007,1,1,0,1,0,0,0,1,0
26,16,2,1,3,2,4,2,15467,3,5,12,5,1,17,3.0,102997.714045,2542,87530.714045,0,0,0,0,1,1,0,0,0
42,47,4,3,2,4,2,3,17638,4,22,1,7,1,8,2.67,69047.72894688007,12784,51409.72894688007,0,1,0,0,1,0,0,1,0
45,1,3,5,1,4,4,3,9650,4,16,3,4,1,7,3.0,69047.72894688007,12784,59397.72894688007,1,0,1,1,0,0,0,1,1
30,27,4,2,4,2,1,2,16210,4,10,6,9,1,15,2.33,102997.714045,2542,86787.714045,0,0,0,0,1,0,1,0,0
35,14,1,1,4,4,2,4,15323,3,22,7,4,1,11,3.33,102997.714045,2542,87674.714045,1,0,1,0,1,0,0,1,0
45,45,2,5,1,1,4,3,19760,1,15,8,8,1,16,2.0,69047.72894688007,12784,49287.72894688007,0,0,1,0,1,0,0,1,0
22,5,2,4,4,3,1,3,12993,1,12,10,9,1,19,2.67,69047.72894688007,12784,56054.72894688007,0,1,0,1,0,0,0,1,0
34,10,2,2,3,4,2,2,5063,1,8,2,7,1,9,3.0,69047.72894688007,12784,63984.72894688007,0,0,1,0,0,0,1,0,0
51,32,1,5,5,3,4,2,7544,4,2,12,7,1,19,4.0,69047.72894688007,12784,61503.72894688007,1,0,0,0,0,0,0,0,0
21,18,3,4,1,1,1,1,8967,1,21,7,0,0,7,1.0,69047.72894688007,12784,60080.72894688007,1,1,0,1,0,0,0,1,1
29,22,2,5,5,3,1,2,9142,4,3,12,2,0,14,3.0,69047.72894688007,12784,59905.72894688007,0,0,0,1,0,1,0,0,0
35,8,3,4,4,1,4,3,8269,2,19,2,6,1,8,3.0,69047.72894688007,12784,60778.72894688007,0,1,0,1,0,0,0,1,0
41,5,1,4,3,1,3,2,10361,2,8,10,5,1,15,2.33,69047.72894688007,12784,58686.72894688007,1,0,0,1,0,0,1,0,0
33,49,1,1,2,4,1,1,18219,3,14,6,8,1,14,2.33,69047.72894688007,12784,50828.72894688007,1,0,1,0,1,0,0,1,0
40,39,3,3,5,4,2,4,7295,3,7,3,3,1,6,3.67,69047.72894688007,12784,61752.72894688007,1,0,0,0,0,0,1,0,0
55,2,2,4,1,3,2,4,16756,7,9,7,6,1,13,2.0,102997.714045,2542,86241.714045,0,1,0,0,1,0,1,0,0
59,15,4,4,1,2,2,4,6888,4,3,13,8,1,21,1.67,69047.72894688007,12784,62159.72894688007,0,0,1,0,0,1,0,0,1
22,25,2,3,5,4,2,3,8536,2,4,9,2,0,11,3.67,69047.72894688007,12784,60511.72894688007,0,0,0,1,0,1,0,0,1
21,9,3,2,5,2,2,3,15425,4,8,4,5,1,9,3.0,69047.72894688007,12784,53622.72894688007,1,0,1,0,1,0,1,0,0
29,35,3,3,3,4,1,1,12013,3,2,9,3,1,12,2.67,69047.72894688007,12784,57034.72894688007,1,1,0,1,0,0,0,0,0
20,40,3,2,5,3,2,2,15075,3,9,5,9,1,14,3.33,69047.72894688007,12784,53972.72894688007,0,0,1,0,1,0,1,0,1
53,5,2,1,3,2,4,1,13124,1,24,5,2,0,7,3.0,102997.714045,2542,89873.714045,0,1,0,1,0,0,0,1,0
38,2,3,1,4,4,3,3,3944,5,3,2,1,0,3,3.67,89817.88593023256,119,85873.88593023256,1,1,0,0,0,1,0,0,0
43,19,2,5,2,4,4,2,15312,1,8,6,6,1,12,3.33,69047.72894688007,12784,53735.72894688007,1,0,0,0,1,0,1,0,1
34,9,3,5,3,3,3,3,14715,1,17,2,5,1,7,3.0,69047.72894688007,12784,54332.72894688007,0,0,0,0,1,0,0,1,1
28,29,4,5,2,2,3,1,19799,3,9,1,4,1,5,2.33,69047.72894688007,12784,49248.72894688007,0,0,0,0,1,0,1,0,0
53,45,4,3,3,3,3,2,5810,3,18,2,0,0,2,3.0,102997.714045,2542,97187.714045,0,0,0,0,0,0,0,1,0
35,22,1,3,5,2,2,2,12725,4,13,11,8,1,19,3.0,69047.72894688007,12784,56322.72894688007,1,0,1,1,0,0,0,1,0
29,41,2,1,5,1,3,4,3495,2,6,8,8,1,16,3.0,69047.72894688007,12784,65552.72894688007,0,0,0,0,0,0,1,0,1
57,19,4,5,5,1,3,1,9199,1,25,12,5,1,17,3.0,69047.72894688007,12784,59848.72894688007,1,0,0,1,0,0,0,1,0
35,3,3,3,4,4,2,3,7823,6,10,9,0,0,9,3.33,91683.75438596492,139,83860.75438596492,0,0,0,1,0,0,1,0,0
50,24,2,4,3,2,2,1,6650,3,15,14,2,0,16,2.33,69047.72894688007,12784,62397.72894688007,1,0,1,0,0,0,0,1,0
59,27,2,2,4,1,1,1,13269,1,21,3,0,0,3,2.0,69047.72894688007,12784,55778.72894688007,1,0,1,1,0,0,0,1,0
37,6,3,1,1,3,4,3,2073,4,3,2,0,0,2,2.67,61845.10984536083,269,59772.10984536083,1,0,0,0,0,1,0,0,1
21,42,4,4,4,1,3,3,9784,4,6,11,6,1,17,2.67,102997.714045,2542,93213.714045,1,0,1,1,0,0,1,0,0
40,2,1,2,1,2,2,4,14690,4,27,5,8,1,13,1.67,69047.72894688007,12784,54357.72894688007,0,0,1,0,1,0,0,1,0
32,31,4,2,4,1,1,4,5625,1,6,3,6,1,9,2.0,69047.72894688007,12784,63422.72894688007,0,0,0,0,0,0,1,0,0
52,3,4,3,5,2,3,3,18203,1,27,7,2,0,9,3.33,69047.72894688007,12784,50844.72894688007,1,0,1,0,1,0,0,1,0
33,21,4,2,2,3,2,3,18059,2,27,8,6,1,14,2.33,69047.72894688007,12784,50988.72894688007,1,1,0,0,1,0,0,1,1
44,31,1,5,1,3,1,2,19726,4,29,1,9,1,10,1.67,69047.72894688007,12784,49321.72894688007,0,0,0,0,1,0,0,1,1
32,37,3,2,5,4,3,3,13294,4,11,6,7,1,13,4.0,102997.714045,2542,89703.714045,0,1,0,1,0,0,0,1,0
39,30,3,2,5,1,4,4,13701,3,20,8,5,1,13,3.33,69047.72894688007,12784,55346.72894688007,1,1,0,1,0,0,0,1,0
43,30,4,1,4,3,3,1,14722,1,22,8,2,0,10,3.33,69047.72894688007,12784,54325.72894688007,1,0,1,0,1,0,0,1,0
52,45,3,2,5,1,1,4,14009,3,23,4,8,1,12,2.33,69047.72894688007,12784,55038.72894688007,1,0,1,0,1,0,0,1,0
27,36,1,5,4,1,1,1,14096,3,2,9,2,0,11,2.0,69047.72894688007,12784,54951.72894688007,1,1,0,0,1,0,0,0,0
42,44,3,4,5,4,2,4,3136,1,16,4,7,1,11,3.67,102997.714045,2542,99861.714045,1,0,0,0,0,0,0,1,0
34,15,1,4,1,3,4,1,14236,3,12,2,0,0,2,2.67,69047.72894688007,12784,54811.72894688007,1,0,0,0,1,0,0,1,0
51,1,3,5,3,2,4,3,11238,3,28,10,3,1,13,3.0,102997.714045,2542,91759.714045,0,1,0,1,0,0,0,1,0
26,5,1,5,2,4,3,4,13387,1,13,13,4,1,17,3.0,69047.72894688007,12784,55660.72894688007,1,0,0,1,0,0,0,1,0
26,36,2,3,5,3,1,1,16677,4,3,14,9,1,23,3.0,69047.72894688007,12784,52370.72894688007,1,1,0,0,1,1,0,0,0
26,37,4,1,3,3,3,3,3019,1,12,14,1,0,15,3.0,102997.714045,2542,99978.714045,1,0,0,0,0,0,0,1,0
59,5,4,5,5,3,1,3,11682,4,21,10,1,0,11,3.0,69047.72894688007,12784,57365.72894688007,1,0,0,1,0,0,0,1,0
38,47,3,2,4,4,4,3,15167,2,3,1,5,1,6,4.0,69047.72894688007,12784,53880.72894688007,0,0,1,0,1,1,0,0,0
41,28,4,5,5,1,2,1,12550,2,20,4,0,0,4,2.67,69047.72894688007,12784,56497.72894688007,0,0,0,1,0,0,0,1,0
49,3,4,3,3,4,4,4,14793,3,27,8,3,1,11,3.67,69047.72894688007,12784,54254.72894688007,0,0,0,0,1,0,0,1,0
28,30,4,3,5,2,1,1,18205,2,28,10,5,1,15,2.67,69047.72894688007,12784,50842.72894688007,0,0,0,0,1,0,0,1,0
52,1,1,1,2,3,1,2,7023,2,14,3,3,1,6,2.0,102997.714045,2542,95974.714045,0,0,1,0,0,0,0,1,0
48,15,1,5,2,4,3,4,11417,3,13,10,4,1,14,3.0,102997.714045,2542,91580.714045,0,0,0,1,0,0,0,1,0
28,10,4,1,1,3,3,4,3322,3,18,11,8,1,19,2.33,69047.72894688007,12784,65725.72894688007,0,0,0,0,0,0,0,1,0
31,29,2,5,3,4,2,4,4319,1,9,9,9,1,18,3.0,69047.72894688007,12784,64728.72894688007,1,1,0,0,0,0,1,0,0
35,13,1,3,3,2,4,4,14955,3,24,8,9,1,17,3.0,102997.714045,2542,88042.714045,0,0,1,0,1,0,0,1,1
32,22,4,1,3,3,2,1,19769,4,9,8,0,0,8,2.67,69047.72894688007,12784,49278.72894688007,0,0,1,0,1,0,1,0,0
22,25,3,1,4,3,2,1,13500,1,9,14,2,0,16,3.0,69047.72894688007,12784,55547.72894688007,1,0,1,1,0,0,1,0,0
38,20,3,3,3,3,2,3,15559,4,29,13,8,1,21,2.67,69047.72894688007,12784,53488.72894688007,0,0,1,0,1,0,0,1,0
22,1,2,1,3,2,4,3,7674,1,8,13,7,1,20,3.0,102997.714045,2542,95323.714045,0,0,0,1,0,0,1,0,0
57,17,1,4,2,1,2,1,6953,2,2,6,3,1,9,1.67,69047.72894688007,12784,62094.72894688007,0,0,1,0,0,0,0,0,1
59,18,3,1,4,2,1,2,13895,4,14,7,5,1,12,2.33,69047.72894688007,12784,55152.72894688007,0,0,1,0,1,0,0,1,0
54,35,3,5,3,2,4,3,18090,2,14,13,0,0,13,3.0,69047.72894688007,12784,50957.72894688007,0,1,0,0,1,0,0,1,0
